kind,plr,prescribed_ratio,cooling_load_W,indoor_fan_flow_ratio_to_ref,indoor_fan_flow_L_s,indoor_fan_flow_min_m3_s,indoor_fan_flow_max_m3_s,indoor_fan_reference_power_W,ground_flow_L_min,P_ref_cmp_in [Pa],P_ref_cmp_out [Pa],P_ref_exp_in [Pa],P_ref_exp_out [Pa],P_ref_evap_sat [Pa],P_ref_cond_sat_l [Pa],P_ref_cond_sat_v [Pa],T_ref_cmp_in [°C],T_ref_cmp_out [°C],T_ref_exp_in [°C],T_ref_exp_out [°C],T_ref_evap_sat [°C],T_ref_cond_sat_l [°C],T_ref_cond_sat_v [°C],h_ref_cmp_in [J/kg],h_ref_cmp_out [J/kg],h_ref_cond_sat_v [J/kg],h_ref_exp_in [J/kg],h_ref_exp_out [J/kg],h_ref_evap_sat [J/kg],h_ref_cond_sat_l [J/kg],s_ref_cmp_in [J/(kg·K)],s_ref_cmp_out [J/(kg·K)],s_ref_cond_sat_v [J/(kg·K)],s_ref_exp_in [J/(kg·K)],s_ref_exp_out [J/(kg·K)],s_ref_evap_sat [J/(kg·K)],s_ref_cond_sat_l [J/(kg·K)],rho_ref_cmp_in [kg/m3],mode,hp_is_on,converged,Q_iu_HX_available [W],Q_iu_ref_required [W],iu_hx_capacity_margin [W],iu_hx_min_flow_margin [W],iu_hx_max_flow_margin [W],converged_rps,capacity_clamped,iu_fan_flow_min_limit,iu_fan_flow_max_limit,err_Q_evap [W],T_iu_a_in [°C],T_iu_a_mid [°C],T_iu_a_out [°C],T_a_room [°C],T0 [°C],Ts [°C],T_bhe [°C],T_bhe_f [°C],T_bhe_f_in [°C],T_bhe_f_out [°C],dV_iu_a [m3/s],v_iu_a [m/s],dV_bhe_f [m3/s],m_dot_ref [kg/s],cmp_rpm [rpm],cmp_rps [rev/s],n_star [-],pressure_ratio,pr_floor_active,E_iu_fan [W],E_pmp [W],Q_ref_iu [W],Q_ref_ground [W],Q_bhe [W],E_cmp [W],E_cmp_ref [W],E_cmp_loss [W],eta_is [-],eta_v [-],eta_em [-],UA_ground_rated [W/K],UA_iu_rated [W/K],E_tot [W],cop_ref [-],cop_sys [-],ground_flow_control,ground_flow_ratio,ground_flow_ref_ratio,ground_flow [m3/s],ground_flow_at_min,ground_flow_at_max,m_dot_borehole [kg/s],R_b_eff [mK/W],UA_ground [W/K],ground_pressure_drop [Pa],ground_pressure_drop_bhe [Pa],ground_pressure_drop_aux [Pa],ground_pressure_drop_total [Pa],E_cmp_plus_pmp [W],Q_HX_available [W],Q_ref_required [W],hx_capacity_margin [W],hx_capacity_ratio,hx_feasible,approach_solver_success,approach_at_bound,flow_optimizer_success,flow_optimizer_nfev,flow_bound_active,ground_temperature_residual [K],candidate_ground_flow_ratio,failure_reason,Q_ref_tank [W],aux_multiplier,dp_aux_ref_Pa,ground_approach [K],flow_optimizer_method
constant,0.3,,2400.0,0.15,240.0,0.24,1.6,160.0,0.0,933176.1684178826,1437016.4997458002,1437016.4997458002,933176.1684178826,933176.1684178826,1437016.4997458002,1437016.4997458002,10.0,36.99379040195129,16.902468433637864,4.90363992447368,5.0,19.737446912355836,19.737446912355836,428538.48883734277,446833.0135188763,425815.682120509,226435.80684781523,226435.80684781523,422814.80246487225,231086.03995534367,1821.3618044484456,1842.28101293265,1772.5116247349054,1091.8797093391345,1094.8785584111536,1800.965247799539,1107.8340323394,34.57268748692573,cooling,False,False,3136.0660440909332,2400.0000000000005,736.0660440909328,736.0660440909355,11407.001478556322,True,,True,False,-3.2342040867661126e-07,26,15.386177804545525,15.410221761630847,26,26,15,14.999999999034209,17.18063817198663,17.965565814899435,16.395710529073824,0.24,0.3,0.0,0.0,0.0,29.716382028873472,0.49527303381455784,1.5399198440548842,False,0.0,0.0,0.0,0.0,0.0,0.0,0.0,0.0,0.6485630391006866,0.9632274385629115,0.8859352534798345,1600,800,0.0,,,constant,,,0.0,False,False,0.0,0.165918484043359,1058.9315444972115,0.0,0.0,0.0,0.0,0.0,2617.2502555078404,2617.25025518442,3.2342040867661126e-07,1.0000000001235725,False,False,False,False,0,False,9.657696864451282e-10,1.0,load_hx_capacity_insufficient,0.0,0.0,0.0,,
optimal,0.3,,2400.0,0.15,240.0,0.24,1.6,160.0,0.0,933176.1684178826,1516790.7758110343,1516790.7758110343,933176.1684178826,933176.1684178826,1516790.7758110343,1516790.7758110343,10.0,40.1165434740534,16.709550706393657,4.903476138823919,5.0,21.709550706393657,21.709550706393657,428538.48883734277,448757.8956580168,426045.3812844591,226102.0165179388,226102.0165179388,422814.80246487225,234337.74318021728,1821.3618044484456,1843.4107813359653,1768.6340861319475,1090.4782779572167,1093.678405063634,1800.965247799539,1118.6475933327729,34.57268748692573,cooling,False,False,3136.0660440909332,2400.0,736.0660440909332,736.066044090936,11407.001478556322,True,,True,False,7.497683327528648e-07,26,15.386177804545525,15.410221761630847,26,26,15,14.999997084911605,17.948350844678487,19.919699239695774,15.9770024496612,0.24,0.3,0.0,0.0,0.0,29.735019675880807,0.4955836612646801,1.6254066779080079,False,0.0,0.0,0.0,0.0,0.0,0.0,0.0,0.0,0.6616134771263077,0.961036460013477,0.8917575790353849,1600,800,0.0,,,optimal_power,,,0.0,False,False,0.0,0.22330425632354145,779.4536798382688,0.0,0.0,0.0,0.0,0.0,2639.71261532987,2639.7126160796383,-7.497683327528648e-07,0.9999999997159659,False,False,False,False,10,False,2.9150883733564115e-06,,load_hx_capacity_insufficient,0.0,0.0,0.0,,
constant,0.4,,3200.0,0.173745493085471,277.9927889367536,0.24,1.6,160.0,24.0,990116.1388531033,1485174.2082796537,1485174.2082796537,990116.1388531033,990116.1388531033,1485174.2082796537,1485174.2082796537,11.944566706697515,37.611924220886635,17.35828184150023,6.846193065335399,6.944566706697515,20.937502664536453,20.937502664536453,429133.67476031557,446533.9852671026,425960.935683447,227165.19442456728,227165.19442456728,423319.1811964313,233061.01791042648,1817.8326776716062,1838.2436539118733,1770.157352607652,1094.241271165669,1096.872571747753,1797.2550631441793,1114.4116705511915,36.72028252387527,cooling,True,True,3200.0000000043824,3200.0000000000005,4.381945473141968e-09,-354.3286996873412,9328.495031198037,True,,False,False,1.3789758668281138e-08,26,16.64994216349737,16.67566107604156,26,26,15,14.999999998333951,17.892794522522763,18.934065108109337,16.85152393693619,0.2779927889367536,0.347490986170942,0.0004,0.01584405643237195,2217.057009479804,36.950950157996736,0.6158491692999456,1.4999999999999987,True,8.802140219947495,11.315435402000851,3200.0000000000005,3475.6915016103285,-3487.006937012329,309.36679655357585,275.6915016103283,33.675294943247536,0.6386418550503558,0.9730911218312055,0.8911476754506339,1600,800,329.4843721755242,10.343708619182173,9.712145006669038,constant,1.0,1.0,0.0004,False,False,0.2,0.165918484043359,1190.567907798891,16973.153103001274,16973.153103001274,0.0,16973.153103001274,320.6822319555767,3475.6915015965387,3475.6915016103285,-1.3789758668281138e-08,0.9999999999960325,True,True,True,False,0,False,1.6660237633914221e-09,,none,,0.0,0.0,1.0,
optimal,0.4,,3200.0,0.18566054335419713,297.05686936671543,0.24,1.6,160.0,14.322173382965957,1019789.9640222524,1529684.9460333956,1529684.9460333956,1019789.9640222524,1019789.9640222524,1529684.9460333956,1529684.9460333956,12.924763418852535,38.644206110883886,17.02094429660167,7.82488567160857,7.924763418852535,22.02094429660167,22.02094429660167,429423.7898263937,446794.6677491445,426077.3990953382,226604.47377258004,226604.47377258004,423561.982602134,234854.07858415402,1816.0613359694255,1836.3429764088385,1768.0176292461344,1092.1703595106133,1094.5882491079378,1795.3879619316679,1120.3571094018846,37.8449813405795,cooling,True,True,3200.0000000010104,3200.0,1.0104486136697233e-09,-500.7078247120521,8684.038961959923,True,,False,False,-1.318767317570746e-11,26,17.24999647297227,17.276561675450008,26,26,15,15.000000000000002,18.25677544767376,19.996577647335982,16.51697324801154,0.29705686936671544,0.37132108670839425,0.00023870288971609928,0.015777589937000625,2144.8360574200688,35.74726762366781,0.5957877937277968,1.5000000000000167,True,9.71527013288693,2.7859543244389156,3200.0,3474.070588710859,-3476.856543035298,307.9605660416476,274.07058871085894,33.88997733078867,0.63908226407427,0.9718702123388879,0.8899535165609304,1600,800,320.46179049897347,10.390940765991585,9.985589842138296,optimal_power,0.5967572242902481,0.5967572242902481,0.00023870288971609928,False,False,0.11935144485804963,0.1873402257103534,998.9167829492256,7002.732965032096,7002.732965032096,0.0,7002.732965032096,310.74652036608654,3474.070588710872,3474.070588710859,1.318767317570746e-11,1.0000000000000038,True,True,True,True,23,False,0.0,,none,,0.0,0.0,1.0,bounded
constant,0.5,,4000.0,0.2480043352694792,396.8069364311668,0.24,1.6,160.0,24.0,1023251.2044021033,1534876.8066031807,1534876.8066031807,1023251.2044021033,1023251.2044021033,1534876.8066031807,1534876.8066031807,13.03769263580483,38.82709871633199,17.820474910909525,7.938333518404988,8.03769263580483,22.145770433160294,22.145770433160294,429456.77848297404,446898.4109519931,426089.90012034774,227905.49027017827,227905.49027017827,423589.45076871745,235061.28481724038,1815.8575439142141,1836.3622108713948,1767.7701670313309,1096.6315195964646,1099.1842252442982,1795.172934944123,1121.0425631799876,37.97642095901267,cooling,True,True,4000.0000000002533,4000.0000000000005,2.5283952709287405e-10,-1317.572276267761,7809.790682653611,True,,False,False,2.992237568832934e-09,26,17.811985829736102,17.843002700578428,26,26,15,14.999999944529234,18.614918394893493,19.916119783441502,17.313717006345485,0.39680693643116677,0.4960086705389584,0.0004,0.01984606516519429,2668.3843062032333,44.47307177005389,0.7412178628342315,1.500000000000025,True,15.152328854031436,11.315435402000851,4000.0000000000005,4346.147774567521,-4357.463209969522,385.81112830723157,346.14777456752034,39.663353739711226,0.6364127375382078,0.9792239046646607,0.8971948945232957,1600,800,412.27889256326387,10.36776729989679,9.702170235130831,constant,1.0,1.0,0.0004,False,False,0.2,0.165918484043359,1292.6821212672357,16973.153103001274,16973.153103001274,0.0,16973.153103001274,397.1265637092324,4346.147774564529,4346.147774567521,-2.992237568832934e-09,0.9999999999993116,True,True,True,False,0,False,5.547076398215722e-08,,none,,0.0,0.0,1.0,
optimal,0.5,,4000.0,0.2617256988225108,418.7611181160173,0.24,1.6,160.0,16.916230877863068,1046369.9226904621,1569554.8840358974,1569554.8840358974,1046369.9226904621,1046369.9226904621,1569554.8840358974,1569554.8840358974,13.784701491095518,39.616069869155524,17.971483170536942,8.68452458694344,8.784701491095518,22.971483170536942,22.971483170536942,429672.6952153067,447093.1512634338,426167.7186880581,228142.39008623306,228142.39008623306,423768.4785934864,236435.2374927178,1814.5108474865372,1834.9231915306573,1766.1280156479925,1097.3366329861303,1099.8109995634718,1793.7508383264224,1125.579366220282,38.85571565587692,cooling,True,True,4000.0000000049695,3999.9999999999995,4.969933797838166e-09,-1429.127947968349,7318.650093630125,True,,False,False,-2.4556356947869062e-11,26,18.24125479228212,18.27325212379008,26,26,15,14.999999999999964,18.87664224804618,20.719624922592004,17.03365957350036,0.4187611181160173,0.5234513976450216,0.0002819371812977178,0.019848131512717797,2610.0652110916863,43.50108685152811,0.7250181141921351,1.5000000000001952,True,16.496137275480518,4.372407525501531,3999.9999999999995,4345.763502654746,-4350.135910180247,385.6698650055793,345.7635026547466,39.906362350832694,0.6366587819453673,0.9785507695216205,0.8965271441411287,1600,800,406.5384098065614,10.37156480956098,9.83916870709283,optimal_power,0.7048429532442945,0.7048429532442945,0.0002819371812977178,False,False,0.1409685906488589,0.17823085660261997,1143.5592444407278,9305.067544569918,9305.067544569918,0.0,9305.067544569918,390.04227253108087,4345.7635026547705,4345.763502654746,2.4556356947869062e-11,1.0000000000000056,True,True,True,True,17,False,0.0,,none,,0.0,0.0,1.0,bounded
constant,0.6,,4800.0,0.33854558325997464,541.6729332159595,0.24,1.6,160.0,24.0,1056988.7257076872,1585483.0885619412,1585483.0885619412,1056988.7257076872,1056988.7257076872,1585483.0885619412,1585483.0885619412,14.12365837675543,40.018107638477886,18.346155461653495,9.023365102152411,9.12365837675543,23.346155461653495,23.346155461653495,429769.3394883466,447231.3396594557,426200.1967652222,228750.32726642917,228750.32726642917,423848.1674381752,237060.59369343612,1813.9005089032573,1834.4350209029135,1765.3797675234946,1099.3735497578741,1101.870472936353,1793.1056548105507,1127.639522474008,39.26039525620925,cooling,True,True,4800.000000000808,4800.0,8.076312951743603e-10,-2279.746575564962,6295.7939878456855,True,,False,False,3.1204763217829168e-09,26,18.802163920428256,18.839627459748012,26,26,15,14.999999999999979,19.337340616522567,20.89858016046196,17.776101072583174,0.5416729332159594,0.6770911665199493,0.0004,0.023878338406622856,3092.494320503358,51.541572008389295,0.8590262001398216,1.5000000000003881,True,24.983201443725402,11.315435402000851,4800.0,5216.963549342249,-5228.27898474425,462.6167552444028,416.9635493422494,45.65320590215339,0.6348951418332366,0.9833554494305597,0.9013152779604047,1600,800,498.91539209012905,10.375759082621501,9.620869742845857,constant,1.0,1.0,0.0004,False,False,0.2,0.165918484043359,1374.8380588262764,16973.153103001274,16973.153103001274,0.0,16973.153103001274,473.9321906464036,5216.963549339129,5216.963549342249,-3.1204763217829168e-09,0.9999999999994018,True,True,True,False,0,False,0.0,,none,,0.0,0.0,1.0,
optimal,0.6,,4800.0,0.35156773552275816,562.508376836413,0.24,1.6,160.0,19.47026526965523,1072525.2848160616,1608787.9272250682,1608787.9272250682,1072525.2848160616,1072525.2848160616,1608787.9272250682,1608787.9272250682,14.615005922292937,40.538546118513466,18.88927778713861,9.51454556360261,9.615005922292937,23.88927778713861,23.88927778713861,429907.94430952787,447356.79720850376,426244.0785209473,229633.36023537777,229633.36023537777,423961.94740720565,237969.26505820322,1813.0165048094796,1833.4943224194699,1764.2914783598885,1102.3268613772063,1104.8567826940864,1792.170422502754,1130.6277332900665,39.85341406199783,cooling,True,True,4799.999999998717,4800.0,-1.2832970242016017e-09,-2353.12268763199,5972.744640811334,True,,False,False,-4.4565240386873484e-11,26,19.06877347506338,19.107158102522586,26,26,15,14.999999999999957,19.502395428509743,21.4255023199687,17.579288537050786,0.5625083768364131,0.7031354710455163,0.00032450442116092046,0.02396709508692744,3058.695338376821,50.978255639613685,0.8496375939935614,1.5000000000009097,True,26.58205025348183,6.404280735534082,4800.0,5218.1983165875645,-5224.602597323099,464.13486402589155,418.19831658756476,45.936547438326784,0.6350010652530675,0.9830682062589037,0.9010275870253,1600,800,497.12119501490747,10.341821681665857,9.65559313932704,optimal_power,0.8112610529023011,0.8112610529023011,0.00032450442116092046,False,False,0.16225221058046024,0.17235360372927327,1276.4540579131515,11841.343879302447,11841.343879302447,0.0,11841.343879302447,470.53914476142563,5218.198316587609,5218.1983165875645,4.4565240386873484e-11,1.0000000000000084,True,True,True,True,16,False,0.0,,none,,0.0,0.0,1.0,bounded
constant,0.7,,5600.0,0.44890447710272374,718.247163364358,0.24,1.6,160.0,24.0,1091337.978175647,1637006.9672613651,1637006.9672613651,1091337.978175647,1091337.978175647,1637006.9672613651,1637006.9672613651,15.20284696498777,41.19341166182841,19.5390626593354,10.102189277162665,10.20284696498777,24.5390626593354,24.5390626593354,430071.42854564055,447541.8702424013,426291.52008767426,230692.5984613205,230692.5984613205,424095.3396572751,239059.79675260666,1811.9599368666554,1832.4898579436988,1762.9835465764227,1105.8612154521436,1108.4310874545893,1791.051425611208,1134.205770981745,40.57296770895425,cooling,True,True,5599.999999996921,5600.0,-3.078639565501362e-09,-3240.9087987423845,4786.253110066396,True,,False,False,1.3184035196900368e-08,26,19.666963995526316,19.712167635697902,26,26,15,15.000000000000004,20.06218276399011,21.884331543286635,18.240033984693582,0.718247163364358,0.8978089542054475,0.0004,0.028087234726132573,3508.9034263527237,58.481723772545394,0.9746953962090898,1.4999999999980707,True,39.971410991807986,11.315435402000851,5600.0,6090.696396706133,-6102.011832108134,542.555754844741,490.69639670613356,51.85935813860749,0.6337536890826555,0.9864402785764662,0.9044165365945704,1600,800,593.8426012385498,10.321519862235188,9.430108227871058,constant,1.0,1.0,0.0004,False,False,0.2,0.165918484043359,1444.971440313957,16973.153103001274,16973.153103001274,0.0,16973.153103001274,553.8711902467419,6090.696396692949,6090.696396706133,-1.3184035196900368e-08,0.9999999999978354,True,True,True,False,0,False,0.0,,none,,0.0,0.0,1.0,
optimal,0.7,,5600.0,0.4562240662282875,729.95850596526,0.24,1.6,160.0,22.20483709265071,1097713.6545950843,1646570.4818911483,1646570.4818911483,1097713.6545950843,1097713.6545950843,1646570.4818911483,1646570.4818911483,15.40033854258968,41.402802276719285,19.757364759540337,10.29961520411922,10.40033854258968,24.757364759540337,24.757364759540337,430125.7751861213,447590.7832518322,426306.2029089431,231049.15000682927,231049.15000682927,424139.47881512274,239427.01708081228,1811.605203712742,1832.1124849346518,1762.5426272387936,1107.0488971457894,1109.6323075976156,1790.6754344510925,1135.4086113587814,40.81719981172941,cooling,True,True,5599.999999992895,5599.999999999999,-7.1040631155483425e-09,-3270.401495433398,4656.407086068685,True,,False,False,4.5174601837061346e-09,26,19.768570256360874,19.814281590515552,26,26,15,14.999999999999943,20.12547594598678,22.09443148831076,18.156520403662796,0.72995850596526,0.912448132456575,0.00037008061821084515,0.02812987207793249,3493.5588295031785,58.22598049171964,0.9704330081953273,1.4999999999986535,True,41.079412237162536,9.155921706793,5599.999999999999,6091.288442728505,-6100.444364435299,543.2713398705461,491.28844272850654,51.98289714203952,0.6337910350420555,0.9863396532667492,0.9043150386795181,1600,800,593.5066738145016,10.307924583937007,9.435445711180426,optimal_power,0.9252015455271129,0.9252015455271129,0.00037008061821084515,False,False,0.18504030910542257,0.16803615080460735,1404.8899237896862,14844.206245207823,14844.206245207823,0.0,14844.206245207823,552.4272615773391,6091.288442723988,6091.288442728505,-4.5174601837061346e-09,0.9999999999992584,True,True,True,True,16,False,0.0,,none,,0.0,0.0,1.0,bounded
constant,0.8,,6400.0,0.5840619200087075,934.4990720139322,0.24,1.6,160.0,24.0,1126452.039690739,1689678.0595361092,1689678.0595361092,1126452.039690739,1126452.039690739,1689678.0595361092,1689678.0595361092,16.279973663112912,42.37455655778217,20.729685760170298,11.178961987054777,11.279973663112912,25.729685760170298,25.729685760170298,430364.2641950576,447850.5839990556,426363.7727859566,232641.50815923544,232641.50815923544,424331.8901438215,241067.8755491635,1810.026448344801,1830.5789575632375,1760.5690806147807,1112.3407249084964,1114.9851576170865,1789.0002125049173,1140.7709945359582,41.920452708023774,cooling,True,True,6400.000000000219,6399.999999999999,2.2009771782904863e-10,-4201.763106512576,3278.067876085145,True,,False,False,4.447429091669619e-10,26,20.437129511355806,20.49158299459979,26,26,15,14.99999999999999,20.788333733525633,22.871862862843557,18.70480460420771,0.9344990720139321,1.168123840017415,0.0004,0.032368555488071826,3911.4826300641603,65.19137716773601,1.0865229527956002,1.5000000000000007,True,62.6479249288516,11.315435402000851,6399.999999999999,6966.006912857877,-6977.322348259878,624.1795430361129,566.0069128578782,58.172630178234726,0.6322810083559759,0.98702,0.9068014470719861,1600,800,698.1429033669654,10.253460036305157,9.167177620991962,constant,1.0,1.0,0.0004,False,False,0.2,0.165918484043359,1504.340784549349,16973.153103001274,16973.153103001274,0.0,16973.153103001274,635.4949784381138,6966.006912857432,6966.006912857877,-4.447429091669619e-10,0.9999999999999362,True,True,True,False,0,False,0.0,,none,,0.0,0.0,1.0,
optimal,0.8,,6400.0,0.5778664308868884,924.5862894190215,0.24,1.6,160.0,25.104389895492066,1122435.3083550031,1683652.9625325047,1683652.9625325047,1122435.3083550031,1122435.3083550031,1683652.9625325047,1683652.9625325047,16.158050125104467,42.24563502374741,20.594916022528707,11.057078009555653,11.158050125104467,25.594916022528707,25.594916022528707,430331.55884421605,447821.87724008854,426356.5654378095,232420.37740642505,232420.37740642505,424305.6321801985,240839.92481023943,1810.2451640052093,1830.813323899885,1760.8435984594823,1111.6070519103632,1114.2429556362024,1789.2324755282484,1140.0272406739991,41.7660168253314,cooling,True,True,6399.999999995207,6400.000000000001,-4.793946573045105e-09,-4183.555474725734,3358.2297079686386,True,,False,False,0.014403537027646962,26,20.377488214070127,20.431523613298165,26,26,15,15.00000000000001,20.750907208367067,22.743082531808284,18.75873188492585,0.9245862894190214,1.1557328617737768,0.0004184064982582011,0.032337738340527764,3922.2081249578428,65.37013541596404,1.089502256932734,1.5,True,61.50748423944529,12.792013772269865,6400.000000000001,6965.5973397782445,-6978.389353550514,623.6886734080817,565.5973397782436,58.09133362983812,0.632241269028903,0.98702,0.9068584437931122,1600,800,697.9881714197969,10.261529947349963,9.169209826266233,optimal_power,1.0460162456455027,1.0460162456455027,0.0004184064982582011,False,False,0.20920324912910054,0.16482047409524575,1529.3583392156665,18343.903106938607,18343.903106938607,0.0,18343.903106938607,636.4806871803517,6965.582936241217,6965.5973397782445,-0.014403537027646962,0.9999979321892546,True,True,True,True,18,False,0.0,,none,,0.0,0.0,1.0,bounded
constant,0.9,,7200.0,0.7507412958598706,1201.186073375793,0.24,1.6,160.0,24.0,1162350.5610210146,1743525.841531521,1743525.841531521,1162350.5610210146,1162350.5610210146,1743525.841531521,1743525.841531521,17.355373086237762,43.55015334916584,21.918375983279475,12.254018359725706,12.355373086237762,26.918375983279475,26.918375983279475,430647.7714723206,448143.5150387799,426416.3162279925,234597.8712550993,234597.8712550993,424557.65666779847,243085.80688233543,1808.0985699589999,1828.6566961976635,1758.133431835313,1118.8148113770735,1121.5354752545047,1786.9503065979034,1147.3383527654537,43.30413278075876,cooling,True,True,7200.000000001929,7200.000000000001,1.928128767758608e-09,-5162.359469117188,1771.0182844126002,True,,False,False,-1.6370904631912708e-11,26,21.131221046703843,21.19670081283807,26,26,15,14.99999999999995,21.515496614697867,23.86077033484787,19.170222894547862,1.201186073375793,1.5014825917197412,0.0004,0.036725343864100285,4296.161279386395,71.60268798977326,1.1933781331628877,1.4999999999999991,True,96.832146353121,11.315435402000851,7200.000000000001,7842.537198636338,-7853.852634038339,707.117166536825,642.5371986363373,64.57996790048776,0.6309797866202205,0.98702,0.9086714748889857,1600,800,815.264748291947,10.1821881022387,8.831486967987576,constant,1.0,1.0,0.0004,False,False,0.2,0.165918484043359,1555.4335214541622,16973.153103001274,16973.153103001274,0.0,16973.153103001274,718.4326019388259,7842.537198636354,7842.537198636338,1.6370904631912708e-11,1.000000000000002,True,True,True,False,0,False,0.0,,none,,0.0,0.0,1.0,
optimal,0.9,,7200.0,0.7180863274915739,1148.9381239865181,0.24,1.6,160.0,28.349133685415392,1146386.2867700553,1719579.4301550821,1719579.4301550821,1146386.2867700553,1146386.2867700553,1719579.4301550821,1719579.4301550821,16.880265381583172,43.047243618932384,21.39322092568534,11.779060890055518,11.880265381583172,26.39322092568534,26.39322092568534,430523.62425409036,448035.2157717163,426395.5673644825,233732.23618656967,233732.23618656967,424459.21474236203,242192.653308755,1808.9500458835187,1829.5685462716608,1759.2127324644339,1115.953922080641,1118.6406838158578,1787.8562620323596,1144.4352784099742,42.68803249455542,cooling,True,True,7199.999999997102,7200.0,-2.8976501198485494e-09,-5091.408557695604,2083.3903215859063,True,,False,False,0.04693225513710786,26,20.909813373806003,20.973166937613662,26,26,15,15.000000000000018,21.375559096735202,23.362216845423234,19.38890134804717,1.1489381239865182,1.4361726549831477,0.0004724855614235899,0.036586966892726135,4341.74507549458,72.36241792490966,1.2060402987484944,1.4999999999999993,True,89.61275743165066,17.824956718051983,7200.0,7840.6960190943255,-7858.520975812377,704.93570603097,640.6960190943248,64.23968693664517,0.6308408742883719,0.98702,0.9088715660349557,1600,800,812.3734201806726,10.213697417227554,8.86291922057065,optimal_power,1.1812139035589746,1.1812139035589746,0.0004724855614235899,False,False,0.23624278071179494,0.16225849918473012,1654.129336994951,22635.557367313908,22635.557367313908,0.0,22635.557367313908,722.760662749022,7840.649086839188,7840.6960190943255,-0.04693225513710786,0.9999940142743676,True,True,True,True,19,False,0.0,,none,,0.0,0.0,1.0,bounded
constant,1.0,,8000.0,0.9583332428017912,1533.333188482866,0.24,1.6,160.0,24.0,1199056.962505025,1798585.4437575361,1798585.4437575361,1199056.962505025,1199056.962505025,1798585.4437575361,1798585.4437575361,18.42945836990333,44.718605991492666,23.105570894158177,13.327772094416105,13.42945836990333,28.105570894158177,28.105570894158177,430921.8785973853,448417.98077340453,426448.44744744024,236562.6683675145,236562.6683675145,424772.46934523684,245114.7553775336,1806.1746860766998,1826.7134507691003,1755.6733472538085,1125.2867055064082,1128.085339125962,1784.8998289151777,1153.9115614223358,44.72547516476853,cooling,True,True,7999.999999996126,8000.0,-3.874447429552674e-09,-6122.759582762967,264.8327082380256,True,,False,False,2.546585164964199e-11,26,21.76209418440834,21.840696399664274,26,26,15,15.000000000000004,22.24356194821553,24.85090509978835,19.63621879664271,1.533333188482866,1.9166664856035824,0.0004,0.041160899915873864,4662.018038438316,77.70030064063859,1.2950050106773099,1.4999999999999987,True,148.37935277695036,11.315435402000851,8000.0,8720.15531058503,-8731.470745987031,791.2323260873628,720.1553105850302,71.07701550233264,0.6299414653135607,0.98702,0.9101692219100704,1600,800,950.927114266314,10.110810360289413,8.412842456566596,constant,1.0,1.0,0.0004,False,False,0.2,0.165918484043359,1600.0,16973.153103001274,16973.153103001274,0.0,16973.153103001274,802.5477614893637,8720.155310585005,8720.15531058503,-2.546585164964199e-11,0.9999999999999971,True,True,True,False,0,False,0.0,,none,,0.0,0.0,1.0,
optimal,1.0,,8000.0,0.8804361509708089,1408.6978415532942,0.24,1.6,160.0,31.857574075973982,1170154.0835483996,1755231.1253226006,1755231.1253226006,1170154.0835483996,1170154.0835483996,1755231.1253226006,1755231.1253226006,17.58582809635493,43.82475518492856,22.17310398233957,12.484401273108006,12.58582809635493,27.17310398233957,27.17310398233957,430707.353709926,448232.20928912464,426424.95224292227,235018.51568918853,235018.51568918853,424604.6564230339,243519.98558520497,1807.6856744650645,1828.3309370881632,1757.6079912493399,1120.2029084399617,1122.9401455817392,1786.5106546313827,1148.7474835699888,43.605742854630314,cooling,True,True,7999.999999999007,7999.999999999998,-9.913492249324918e-10,-5996.774808732381,819.499586058866,True,,False,False,7.275957614183426e-11,26,21.387143044424306,21.46090138724063,26,26,15,15.000000000000012,22.004538427893294,23.97092303857687,20.038153817209718,1.4086978415532942,1.7608723019416177,0.0005309595679328997,0.04088122797863527,4749.241942670225,79.1540323778371,1.3192338729639517,1.5000000000000009,True,127.91784965655248,24.522479061352595,7999.999999999998,8716.437616225876,-8740.960095287228,786.8678938277785,716.4376162258774,70.43027760190114,0.6297175352067186,0.98702,0.9104928817729648,1600,800,939.3082225456835,10.166890862814839,8.516906174118917,optimal_power,1.3273989198322493,1.3273989198322493,0.0005309595679328997,False,False,0.26547978396644983,0.1602693148472293,1777.2452147580786,27711.125903791944,27711.125903791944,0.0,27711.125903791944,811.3903728891311,8716.437616225803,8716.437616225876,-7.275957614183426e-11,0.9999999999999917,True,True,True,True,16,False,0.0,,none,,0.0,0.0,1.0,bounded
constant,0.3,,2400.0,0.15,240.0,0.24,1.6,160.0,0.0,933176.1684178826,1439790.2912513148,1439790.2912513148,933176.1684178826,933176.1684178826,1439790.2912513148,1439790.2912513148,10.0,37.105687630471095,16.971242391092687,4.90369447287344,5.0,19.80738149012899,19.80738149012899,428538.48883734277,446902.56780904805,425824.60526246706,226546.97487978276,226546.97487978276,422814.80246487225,231200.82087648378,1821.3618044484456,1842.3247950434004,1772.3748474582403,1092.254227563035,1095.2782664726553,1800.965247799539,1108.217147021685,34.57268748692573,cooling,False,False,3136.0660440909332,2400.0,736.0660440909332,736.066044090936,11407.001478556322,True,,True,False,-3.172708602505736e-07,26,15.386177804545525,15.410221761630847,26,26,15,14.999999998791417,17.23162443376154,18.034904743780203,16.428344123742875,0.24,0.3,0.0,0.0,0.0,29.73428094078232,0.4955713490130387,1.5428922640537974,False,0.0,0.0,0.0,0.0,0.0,0.0,0.0,0.0,0.6490406159197009,0.9631774147514225,0.8861921006660776,1600,800,0.0,,,constant,,,0.0,False,False,0.0,0.165918484043359,1058.9513740004827,0.0,0.0,0.0,0.0,0.0,2618.1962436572408,2618.19624333997,3.172708602505736e-07,1.000000000121179,False,False,False,False,0,False,1.2086047718185e-09,1.0,load_hx_capacity_insufficient,0.0,0.75,90770.13517274905,,
optimal,0.3,,2400.0,0.15,240.0,0.24,1.6,160.0,0.0,933176.1684178826,1517117.2576817605,1517117.2576817605,933176.1684178826,933176.1684178826,1517117.2576817605,1517117.2576817605,10.0,40.12898982016975,16.717459734228783,4.903482396811455,5.0,21.717459734228783,21.717459734228783,428538.48883734277,448765.5296368404,426046.2091443152,226114.7701122624,226114.7701122624,422814.80246487225,234350.8475408481,1821.3618044484456,1843.4150913593048,1768.6184439684032,1090.5212527720919,1093.7242610023786,1800.965247799539,1118.6910055353076,34.57268748692573,cooling,False,False,3136.0660440909332,2400.0,736.0660440909332,736.066044090936,11407.001478556322,True,,True,False,6.990107976889703e-07,26,15.386177804545525,15.410221761630847,26,26,15,14.999997064464857,17.952792873940552,19.92711134252346,15.978474405357645,0.24,0.3,0.0,0.0,0.0,29.737077659991826,0.49561796099986377,1.6257565388257804,False,0.0,0.0,0.0,0.0,0.0,0.0,0.0,0.0,0.6616621533887633,0.9610304959066679,0.8917812037722276,1600,800,0.0,,,optimal_power,,,0.0,False,False,0.0,0.22330425632354145,779.3442531062806,0.0,0.0,0.0,0.0,0.0,2639.818229222578,2639.8182299215887,-6.990107976889703e-07,0.9999999997352049,False,False,False,False,10,False,2.9355351216509007e-06,,load_hx_capacity_insufficient,0.0,0.75,90770.13517274905,,
constant,0.4,,3200.0,0.17445719513857505,279.13151222172013,0.24,1.6,160.0,24.0,991972.7378728073,1487959.106809212,1487959.106809212,991972.7378728073,991972.7378728073,1487959.106809212,1487959.106809212,12.006538339887072,37.67738543056578,17.42660711487065,6.908143583339324,7.006538339887072,21.00600076815408,21.00600076815408,429152.2162531377,446550.9645669866,425968.71655814303,227275.80691170928,227275.80691170928,423334.7628573738,233174.09583750227,1817.7205488630968,1838.124198216405,1770.0224905279974,1094.6132405796898,1097.248606795183,1797.1369719360355,1114.7873518562324,36.79053913873621,cooling,True,True,3200.000000006623,3199.9999999999995,6.62339516566135e-09,-363.58332514175163,9287.750153527715,True,,False,False,1.5862042346270755e-08,26,16.688085934824528,16.71385531243444,26,26,15,14.999999998176166,17.943079766652716,19.002450685784595,16.883708847520836,0.2791315122217201,0.3489143902771501,0.0004,0.015851282526963918,2213.948284529801,36.89913807549669,0.6149856345916115,1.5000000000000009,True,8.855537945767058,71.82885885050023,3199.9999999999995,3475.7924751383557,-3547.621333988856,309.4974208669896,275.7924751383563,33.704945728633334,0.6386602428207523,0.9730402087723911,0.8910978138873782,1600,800,390.18181766325694,10.339343025980302,8.201304763928626,constant,1.0,1.0,0.0004,False,False,0.2,0.165918484043359,1190.5448055857237,107743.28827575032,16973.153103001274,90770.13517274905,107743.28827575032,381.32627971748985,3475.7924751224937,3475.7924751383557,-1.5862042346270755e-08,0.9999999999954364,True,True,True,False,0,False,1.8238210941490252e-09,,none,,0.75,90770.13517274905,1.0,
optimal,0.4,,3200.0,0.2040928678083674,326.54858849338785,0.24,1.6,160.0,9.692308726923924,1060466.7194582147,1590700.0791878302,1590700.0791878302,1060466.7194582147,1060466.7194582147,1590700.0791878302,1590700.0791878302,14.234120434510658,40.028924092101875,18.46825706080091,9.133789429974797,9.234120434510658,23.46825706080091,23.46825706080091,429800.6539808265,447135.15306271316,426210.3935942533,228948.66220162692,228948.66220162692,423873.92654154747,237264.65215313795,1813.7016982866853,1833.825770479675,1765.1354849665013,1100.0374309941722,1102.5417415488434,1792.8954018481043,1128.3111236487903,39.393051875097456,cooling,True,True,3199.999999997866,3200.0000000000005,-2.1345840650610626e-09,-696.2425902547993,7823.167807143265,True,,False,False,0.028093973765862756,26,18.040239197859364,18.068118029853334,26,26,15,15.00000000000001,18.866003325309663,21.44004461112064,16.291962039498685,0.32654858849338786,0.4081857356167348,0.0001615384787820654,0.015932129782002966,2083.1114010805313,34.718523351342185,0.578642055855703,1.5000000000004792,True,11.207907448255108,4.958317449603054,3200.0000000000005,3476.1754890786297,-3481.1338065282325,310.70400587176226,276.1754890786296,34.52851679313267,0.6394818992292804,0.9707596490670984,0.8888700623725343,1600,800,326.87023076962043,10.29919131882949,9.789817789358048,optimal_power,0.4038461969551635,0.4038461969551635,0.0001615384787820654,False,False,0.0807692393910327,0.22211173371501364,853.7604790398531,18416.605704053014,3612.7454388170636,14803.860265235951,18416.605704053014,315.6623233213653,3476.147395104864,3476.1754890786297,-0.028093973765862756,0.9999919181370865,True,True,True,True,21,False,0.0,,none,,0.75,90770.13517274905,1.0,bounded
constant,0.5,,4000.0,0.24909316166827006,398.5490586692321,0.24,1.6,160.0,24.0,1025155.2713350608,1537732.9070026248,1537732.9070026248,1025155.2713350608,1025155.2713350608,1537732.9070026248,1537732.9070026248,13.099693740726934,38.89268147752233,17.888814384484192,8.000313347085694,8.099693740726934,22.214303405646262,22.214303405646262,429474.85151651804,446914.89442930935,426096.68188038404,228016.2860784525,228016.2860784525,423604.4866980842,235175.10210759196,1815.745680437241,1836.2431415494964,1767.6342175491861,1097.0032898027023,1099.5600780009172,1795.0548851002302,1121.4189387561469,38.04874997424093,cooling,True,True,4000.0000000062787,4000.0000000000005,6.278241926338524e-09,-1326.8313029269193,7769.026428018771,True,,False,False,1.065018295776099e-09,26,17.847776960730982,17.878871655384238,26,26,15,14.999999923628447,18.66522583688507,19.984535556635763,17.34591611713438,0.3985490586692321,0.4981863233365401,0.0004,0.019855199461497813,2664.6524444116403,44.41087407352734,0.7401812345587889,1.5000000000000329,True,15.257038235348626,71.82885885050023,4000.0000000000005,4346.275530650553,-4418.104389501053,385.97154151970966,346.27553065055275,39.69601086915691,0.6364281694481299,0.9791817128867618,0.897153011041023,1600,800,473.0574386055585,10.363458363408226,8.455632812351256,constant,1.0,1.0,0.0004,False,False,0.2,0.165918484043359,1292.6612541448035,107743.28827575032,16973.153103001274,90770.13517274905,107743.28827575032,457.8004003702099,4346.275530649488,4346.275530650553,-1.065018295776099e-09,0.999999999999755,True,True,True,False,0,False,7.637157750650658e-08,,none,,0.75,90770.13517274905,1.0,
optimal,0.5,,4000.0,0.29161431251154685,466.58290001847496,0.24,1.6,160.0,11.276717724647716,1090905.8551595183,1636358.7827371345,1636358.7827371345,1090905.8551595183,1090905.8551595183,1636358.7827371345,1636358.7827371345,15.189430248227154,41.103501670006324,19.5242321591453,10.08877703231235,10.189430248227154,24.5242321591453,24.5242321591453,430067.7258874626,447449.0179653026,426290.49953179515,230668.38852986434,230668.38852986434,424092.3286512777,239034.8648978308,1811.9840399448965,1832.2306771806,1763.0134727609293,1105.780534749599,1108.349489145304,1791.0769676320037,1134.1240693607633,40.55642130397613,cooling,True,True,3999.99999999633,4000.0,-3.6698111216537654e-09,-1638.9051935111393,6395.074282835501,True,,False,False,0.0416383858782865,26,19.036476865685472,19.0706065946396,26,26,15,15.00000000000001,19.485041290320453,22.25369244055736,16.716390140083547,0.46658290001847497,0.5832286250230937,0.00018794529541079526,0.020060247205468344,2529.86215673378,42.16436927889633,0.7027394879816055,1.4999999999980356,True,19.60486282348335,7.738695229059409,4000.0,4348.67301583192,-4356.411711060979,389.33504929888653,348.6730158319192,40.66203346696733,0.6370150776854988,0.977574355708116,0.8955603058594611,1600,800,416.6786073514293,10.273927320962212,9.599724894506943,optimal_power,0.46986323852698814,0.46986323852698814,0.00018794529541079526,False,False,0.09397264770539764,0.20590529948915853,970.6999341544843,24705.15224808839,4665.69671663891,20039.45553144948,24705.15224808839,397.07374452794596,4348.631377446041,4348.67301583192,-0.0416383858782865,0.99999042503639,True,True,True,True,22,False,0.0,,none,,0.75,90770.13517274905,1.0,bounded
constant,0.6,,4800.0,0.3401411592400565,544.2258547840904,0.24,1.6,160.0,24.0,1058940.7236140806,1588411.0854215864,1588411.0854215864,1058940.7236140806,1058940.7236140806,1588411.0854215864,1588411.0854215864,14.185687985047764,40.08379939202979,18.414721200484962,9.085373511501018,9.185687985047764,23.414721200484962,23.414721200484962,429786.93500937417,447247.29617152124,426205.94631645625,228861.68852932082,228861.68852932082,423862.64516413235,237175.16612469064,1813.7888620449198,1834.3162322277708,1765.242618258072,1099.7463455061556,1102.2474148293618,1792.9875878248552,1128.0166444043728,39.33484100792799,cooling,True,True,4800.000000001022,4800.000000000001,1.0213625500909984e-09,-2289.009858817051,6255.010992921564,True,,False,False,9.145878721028566e-09,26,18.83592841509477,18.873504913581435,26,26,15,15.000000000000048,19.38767103683628,20.96702717557514,17.80831489809742,0.5442258547840905,0.680282318480113,0.0004,0.02388948170570748,3088.1954958439132,51.469924930731885,0.8578320821788648,1.5000000000004396,True,25.1766318354598,71.82885885050023,4800.000000000001,5217.118978558158,-5288.947837408658,462.8078167474488,417.118978558158,45.68883818929078,0.634908488728189,0.9833192645403371,0.9012790265506192,1600,800,559.8133074334088,10.371475645622748,8.574287063676087,constant,1.0,1.0,0.0004,False,False,0.2,0.165918484043359,1374.82051094184,107743.28827575032,16973.153103001274,90770.13517274905,107743.28827575032,534.636675597949,5217.118978549012,5217.118978558158,-9.145878721028566e-09,0.999999999998247,True,True,True,False,0,False,0.0,,none,,0.75,90770.13517274905,1.0,
optimal,0.6,,4800.0,0.3951138672211073,632.1821875537718,0.24,1.6,160.0,12.969492468233494,1118682.3512944244,1678023.5269416373,1678023.5269416373,1118682.3512944244,1118682.3512944244,1678023.5269416373,1678023.5269416373,16.043836345764248,42.053045467972765,20.46866811488269,10.942901408994885,11.043836345764248,25.46866811488269,25.46866811488269,430300.8186649893,447709.2913093444,426349.58660897793,232213.35261511122,232213.35261511122,424280.9137884914,240626.54012458643,1810.4500796751106,1830.7614406120813,1761.1004685805879,1110.9198291503712,1113.547764013731,1789.4500298759287,1139.3306635323302,41.62179205897982,cooling,True,True,4800.000000000051,4799.999999999999,5.184119800105691e-11,-2566.4991911468683,5033.322556550637,True,,False,False,5.820766091346741e-11,26,19.832675044016412,19.874125356465548,26,26,15,15.000000000000023,20.080422295460068,22.972385442505924,17.18845914841421,0.6321821875537718,0.7902277344422146,0.00021615820780389157,0.024231719935229858,2963.6196054489346,49.39366009081558,0.8232276681802596,1.5000000000000007,True,32.26058318247291,11.680557959445629,4799.999999999999,5221.837233618122,-5233.517791577568,468.61213456329665,421.83723361812287,46.77490094517378,0.6353116253961121,0.9822250613431637,0.9001841875290667,1600,800,512.5532757052152,10.24301260246527,9.36488015493754,optimal_power,0.5403955195097289,0.5403955195097289,0.00021615820780389157,False,False,0.10807910390194578,0.19414942292299442,1083.548587768519,32422.246866636004,5914.887782463851,26507.359084172153,32422.246866636004,480.2926925227423,5221.837233618064,5221.837233618122,-5.820766091346741e-11,0.9999999999999889,True,True,True,True,19,False,0.0,,none,,0.75,90770.13517274905,1.0,bounded
constant,0.7,,5600.0,0.45118163065667416,721.8906090506787,0.24,1.6,160.0,24.0,1093338.423798775,1640007.6356962407,1640007.6356962407,1093338.423798775,1093338.423798775,1640007.6356962407,1640007.6356962407,15.264905539103665,41.25920608744383,19.607660630919725,10.16422718623619,10.264905539103665,24.607660630919725,24.607660630919725,430088.5375648416,447557.27843587875,426296.2025122038,230804.60156603652,230804.60156603652,424109.246489907,239175.14382287778,1811.8484556683416,1832.3712674681765,1762.8450779337863,1106.2344099080951,1108.8085298025173,1790.9332799873764,1134.5837023521246,40.64957804072591,cooling,True,True,5600.00000000383,5600.000000000001,3.828972694464028e-09,-3250.176407648555,4745.451070800908,True,,False,False,1.3171302271075547e-08,26,19.69892738778674,19.74428905355338,26,26,15,14.999999999999998,20.112538432155077,21.95281289429539,18.272263970014762,0.7218906090506787,0.9023632613133483,0.0004,0.028100609173202895,3504.0703139102716,58.40117189850453,0.9733528649750754,1.499999999998242,True,40.31461687982866,71.82885885050023,5600.000000000001,6090.882259964971,-6162.711118815471,542.7803910113064,490.8822599649701,51.89813104633629,0.6337654175302071,0.9864086795359899,0.9043846610787839,1600,800,654.9238667416353,10.31724817760292,8.55061219231636,constant,1.0,1.0,0.0004,False,False,0.2,0.165918484043359,1444.9584571284931,107743.28827575032,16973.153103001274,90770.13517274905,107743.28827575032,614.6092498618066,6090.8822599518,6090.882259964971,-1.3171302271075547e-08,0.9999999999978375,True,True,True,False,0,False,0.0,,none,,0.75,90770.13517274905,1.0,
optimal,0.7,,5600.0,0.5161002925935918,825.760468149747,0.24,1.6,160.0,14.801595543695157,1144539.0351412916,1716808.552711938,1716808.552711938,1144539.0351412916,1144539.0351412916,1716808.552711938,1716808.552711938,16.824969454666018,42.9141561445922,21.332099717632786,11.723782586092113,11.824969454666018,26.332099717632786,26.332099717632786,430509.0611113833,447933.04910124134,426392.8973004938,233631.6247104737,233631.6247104737,424447.6230432556,242088.87211719312,1809.0491701009691,1829.3917825966262,1759.3380097013178,1115.6210239360396,1118.3038630148192,1787.9616679721044,1144.0975721112459,42.61682247653501,cooling,True,True,5600.0,5599.999999999999,9.094947017729282e-13,-3483.150858706012,3719.7460808574915,True,,False,False,3.637978807091713e-11,26,20.491519852128363,20.541355664828128,26,26,15,14.999999999999995,20.664295474386762,23.624060632752503,17.70453031602102,0.825760468149747,1.0322005851871836,0.00024669325906158596,0.028444092438284746,3385.920311280812,56.432005188013534,0.9405334198002255,1.5000000000000007,True,50.66380265099251,17.240708792749263,5599.999999999999,6095.609525027084,-6112.850233819833,548.4967440347438,495.6095250270849,52.88721900765887,0.6340622950460901,0.9856081535861394,0.9035778797543622,1600,800,616.4012554784855,10.209723322706315,9.084991229703064,optimal_power,0.6167331476539649,0.6167331476539649,0.00024669325906158596,False,False,0.12334662953079298,0.18532420254789164,1194.5798149599784,41932.338625706485,7407.030396995274,34525.30822871121,41932.338625706485,565.737452827493,6095.609525027047,6095.609525027084,-3.637978807091713e-11,0.999999999999994,True,True,True,True,16,False,0.0,,none,,0.75,90770.13517274905,1.0,bounded
constant,0.8,,6400.0,0.5872623314733119,939.619730357299,0.24,1.6,160.0,24.0,1128501.2948065214,1692751.9422097807,1692751.9422097807,1128501.2948065214,1128501.2948065214,1692751.9422097807,1692751.9422097807,16.342050695975672,42.440201116354785,20.798303285592,11.241018928872904,11.342050695975672,25.798303285592,25.798303285592,430380.87234379956,447865.147013446,426367.3457957445,232754.14844235743,232754.14844235743,424345.20800461294,241184.00049493558,1809.9151023350305,1830.4596361840872,1760.4291872440883,1112.7142969249517,1115.363080969393,1788.8819467552719,1141.1497371075814,41.99927246076479,cooling,True,True,6400.0000000005175,6400.0,5.175024853087962e-10,-4211.033471982997,3237.2537006317853,True,,False,False,3.346940502524376e-10,26,20.467445561838986,20.5221147875137,26,26,15,14.999999999999986,20.83870843626869,22.94037009998732,18.73704677255006,0.939619730357299,1.1745246629466237,0.0004,0.032384284238763814,3906.0391043362015,65.10065173893669,1.0850108623156116,1.4999999999999987,True,63.24077751587562,71.82885885050023,6400.0,6966.215720610449,-7038.0445794609495,624.4298118000102,566.2157206104492,58.21409118956092,0.6323012608026035,0.98702,0.9067724024550489,1600,800,759.499448166386,10.249350493934722,8.426602567587294,constant,1.0,1.0,0.0004,False,False,0.2,0.165918484043359,1504.3322323746486,107743.28827575032,16973.153103001274,90770.13517274905,107743.28827575032,696.2586706505103,6966.215720610115,6966.215720610449,-3.346940502524376e-10,0.9999999999999519,True,True,True,False,0,False,0.0,,none,,0.75,90770.13517274905,1.0,
optimal,0.8,,6400.0,0.6579216047781757,1052.6745676450812,0.24,1.6,160.0,16.72224489100179,1169735.2586875004,1754602.8880312524,1754602.8880312524,1169735.2586875004,1169735.2586875004,1754602.8880312524,1754602.8880312524,17.57348867311316,43.74303897095575,22.159464945409468,12.472065697156154,12.573488673113161,27.159464945409468,27.159464945409468,430704.174043929,448146.58334114833,426424.5136899385,234995.98014937196,234995.98014937196,424602.1523770639,243496.722243338,1807.7077806643742,1828.0931523780102,1757.6361576526244,1120.12857774006,1122.864925344391,1786.5341990075065,1148.6720170581636,43.58954746856014,cooling,True,True,6400.000000005769,6400.0,5.768924893345684e-09,-4394.932082721326,2427.612463913323,True,,False,False,0.028682586513241404,26,21.061629235514204,21.12102179802177,26,26,15,14.999999999999961,21.252940992416683,24.250872089820916,18.25500989501245,1.0526745676450813,1.3158432095563515,0.0002787040815166965,0.03270174780442851,3800.4292856560787,63.340488094267975,1.055674801571133,1.5000000000000016,True,76.97121544261766,24.707049138118375,6400.0,6970.397269939286,-6995.104319077404,629.4435911438936,570.3972699392867,59.0463212046069,0.6327056599798754,0.98702,0.9061928311998515,1600,800,731.1218557246297,10.167710165051043,8.753670745701934,optimal_power,0.6967602037917412,0.6967602037917412,0.0002787040815166965,False,False,0.13935204075834826,0.17878049296172416,1302.5621098361908,53189.854279127016,9123.242731431716,44066.6115476953,53189.854279127016,654.150640282012,6970.368587352773,6970.397269939286,-0.028682586513241404,0.9999958850858276,True,True,True,True,18,False,0.0,,none,,0.75,90770.13517274905,1.0,bounded
constant,0.9,,7200.0,0.7552070338688738,1208.331254190198,0.24,1.6,160.0,24.0,1164449.8034282294,1746674.705142344,1746674.705142344,1164449.8034282294,1164449.8034282294,1746674.705142344,1746674.705142344,17.417482363084844,43.615910038349,21.987027205950994,12.316108155503116,12.417482363084844,26.987027205950994,26.987027205950994,430663.87040384446,448157.51501189976,426418.7361727206,234711.18881045622,234711.18881045622,424570.3719192422,243202.7599130967,1807.9872845975187,1828.5374982538015,1757.9919469546116,1119.1888872721963,1121.9140094487523,1786.83183162514,1147.718060273648,43.38524018733158,cooling,True,True,7200.00000000208,7199.999999999999,2.08092387765646e-09,-5171.634649790672,1730.1829093049955,True,,False,False,4.274625098332763e-11,26,21.16001141842179,21.22578065304868,26,26,15,15.000000000000046,21.56589857207976,23.929314637024333,19.202482507135187,1.208331254190198,1.5104140677377476,0.0004,0.03674356452513554,4290.257217972118,71.50428696620197,1.1917381161033662,1.5,True,97.83876166900998,71.82885885050023,7199.999999999999,7842.778859435869,-7914.607718286369,707.4035288645455,642.7788594358693,64.62466942867616,0.6309979946170218,0.98702,0.9086452543820281,1600,800,877.0711493840556,10.178066275067543,8.209140165032647,constant,1.0,1.0,0.0004,False,False,0.2,0.165918484043359,1555.4293127252306,107743.28827575032,16973.153103001274,90770.13517274905,107743.28827575032,779.2323877150457,7842.778859435826,7842.778859435869,-4.274625098332763e-11,0.9999999999999946,True,True,True,False,0,False,0.0,,none,,0.75,90770.13517274905,1.0,
optimal,0.9,,7200.0,0.8221391905251494,1315.4227048402392,0.24,1.6,160.0,18.849684288666623,1193746.508188759,1790619.7622831392,1790619.7622831392,1193746.508188759,1193746.508188759,1790619.7622831392,1790619.7622831392,18.275609495818912,44.5247373639059,22.935523888670446,13.173970000821214,13.275609495818912,27.935523888670446,27.935523888670446,430883.1799687783,448347.1785862357,426445.1248489219,236280.5620029126,236280.5620029126,424742.36676502414,244823.29018579752,1806.4501903207813,1826.8906079467554,1756.0274992181096,1124.3593096591399,1127.146660975586,1785.1937646117558,1152.9691337494642,44.51943011918236,cooling,True,True,7200.000000004871,7200.000000000001,4.870344127994031e-09,-5299.784333718313,1165.9846907122037,True,,False,False,1.9099388737231493e-11,26,21.55404551591863,21.624115626832232,26,26,15,15.000000000000018,21.84025441531378,24.83677402891658,18.84373480171098,1.3154227048402392,1.6442783810502988,0.0003141614048111104,0.036998474507999264,4209.962941983369,70.16604903305615,1.1694341505509358,1.5000000000000007,True,113.47502552818256,35.182564995778435,7200.000000000001,7846.141307655733,-7881.323872651511,711.3888119506365,646.141307655732,65.2475042949045,0.6312506905149868,0.98702,0.9082815146951847,1600,800,860.0464024745975,10.121047560837393,8.37164131991432,optimal_power,0.7854035120277759,0.7854035120277759,0.0003141614048111104,False,False,0.1570807024055552,0.17358135576815215,1411.6407386169205,67193.29196455298,11200.946497505764,55992.34546704722,67193.29196455298,746.571376946415,7846.141307655714,7846.141307655733,-1.9099388737231493e-11,0.9999999999999976,True,True,True,True,17,False,0.0,,none,,0.75,90770.13517274905,1.0,bounded
constant,1.0,,8000.0,0.9645576075986808,1543.2921721578894,0.24,1.6,160.0,24.0,1201207.010751582,1801810.516127375,1801810.516127375,1201207.010751582,1201207.010751582,1801810.516127375,1801810.516127375,18.491601659966193,44.784470038383915,23.17425664232036,13.389896557685631,13.491601659966193,28.17425664232036,28.17425664232036,430937.4560041295,448431.39396987786,426449.66640860337,236676.68250492145,236676.68250492145,424784.56466244697,245232.5662808955,1806.063407811276,1826.5942938281091,1755.5301229513661,1125.6613408726064,1128.464542609651,1784.7810769145062,1154.292318906681,44.80893696426966,cooling,True,True,7999.999999998386,8000.000000000001,-1.6152625903487206e-09,-6132.039842850313,223.97497024848508,True,,False,False,1.418811734765768e-10,26,21.789441718202227,21.868426806340974,26,26,15,15.000000000000053,22.293992222653486,24.919487911835233,19.66849653347174,1.5432921721578894,1.9291152151973616,0.0004,0.041181757160215444,4655.6924530554115,77.59487421759019,1.2932479036265032,1.5000000000000016,True,150.07052813909885,71.82885885050023,8000.000000000001,8720.431105081323,-8792.259963931823,791.5561561606168,720.4311050813226,71.12505107929417,0.6299580313151258,0.98702,0.9101452871969553,1600,800,1013.4555431502158,10.106673970932645,7.893784837500494,constant,1.0,1.0,0.0004,False,False,0.2,0.165918484043359,1600.0,107743.28827575032,16973.153103001274,90770.13517274905,107743.28827575032,863.3850150111169,8720.431105081181,8720.431105081323,-1.418811734765768e-10,0.9999999999999837,True,True,True,False,0,False,0.0,,none,,0.75,90770.13517274905,1.0,
optimal,1.0,,8000.0,0.9999272260123233,1599.8835616197173,0.24,1.6,160.0,21.832190843479356,1213021.102590734,1819531.6538861012,1819531.6538861012,1213021.102590734,1213021.102590734,1819531.6538861012,1819531.6538861012,18.831582930618197,45.144859214817075,23.550027338286554,13.729775539739876,13.831582930618197,28.550027338286554,28.550027338286554,431022.1273956521,448504.1126298359,426455.0721452948,237301.1056190256,237301.1056190256,424850.0836537792,245877.93140290392,1805.454650361414,1825.942350846844,1754.744756953514,1127.7113350528125,1130.5396403687532,1784.1311349588468,1156.3763258441543,45.267957857145795,cooling,True,True,7999.9999999978,8000.0,-2.2000676835887134e-09,-6182.811448494056,0.4453556497401223,True,,False,False,-3.2741809263825417e-11,26,21.938378396654116,22.019527381592265,26,26,15,15.0,22.395619402906732,25.27655293868247,19.514685867130993,1.5998835616197173,1.9998544520246466,0.0003638698473913226,0.0412964990925174,4621.323644796211,77.02206074660351,1.2837010124433919,1.5000000000000002,True,159.8356378078687,54.295943413890164,8000.0,8721.944787358874,-8776.240730772764,793.3336105030994,721.9447873588731,71.38882314422631,0.6300488319769706,0.98702,0.9100141199123601,1600,800,1007.4651917248583,10.08403009035093,7.940720995336208,optimal_power,0.9096746184783064,0.9096746184783064,0.0003638698473913226,False,False,0.1819349236956613,0.1685372958600586,1540.4298397488503,89530.82065439367,14417.815670687885,75113.00498370579,89530.82065439367,847.6295539169896,8721.944787358907,8721.944787358874,3.2741809263825417e-11,1.0000000000000038,True,True,True,True,22,False,0.0,,none,,0.75,90770.13517274905,1.0,bounded
constant,0.3,,2400.0,0.15,240.0,0.24,1.6,160.0,0.0,933176.1684178826,1440715.7836632726,1440715.7836632726,933176.1684178826,933176.1684178826,1440715.7836632726,1440715.7836632726,10.0,37.14296937571112,16.994167049300188,4.903712659295422,5.0,19.83069306187531,19.83069306187531,428538.4888373428,446925.7333308745,425827.5671838688,226584.038272147,226584.038272147,422814.80246487225,231239.0897853616,1821.3618044484456,1842.339333797808,1772.329243834077,1092.3790693243554,1095.4115290343143,1800.965247799539,1108.344857542968,34.57268748692573,cooling,False,False,3136.066044090933,2400.0,736.0660440909332,736.066044090936,11407.001478556322,True,,True,False,-3.151567398163025e-07,26,15.386177804545524,15.410221761630847,26,26,15,14.999999998720773,17.24861986328824,18.058017732221344,16.439221994355137,0.24,0.3,0.0,0.0,0.0,29.74025344936044,0.4956708908226739,1.543884030071062,False,0.0,0.0,0.0,0.0,0.0,0.0,0.0,0.0,0.6491994616993401,0.9631607173818828,0.8862772617824825,1600,800,0.0,,,constant,,,0.0,False,False,0.0,0.165918484043359,1058.957969137304,0.0,0.0,0.0,0.0,0.0,2618.511583798336,2618.5115834831786,3.151567398163025e-07,1.0000000001203573,False,False,False,False,0,False,1.2792042980436236e-09,1.0,load_hx_capacity_insufficient,0.0,1.0,121026.84689699873,,
optimal,0.3,,2400.0,0.15,240.0,0.24,1.6,160.0,0.0,933176.1684178826,1517226.104159673,1517226.104159673,933176.1684178826,933176.1684178826,1517226.104159673,1517226.104159673,10.0,40.13313872518626,16.72009625730584,4.90348448299676,5.0,21.72009625730584,21.72009625730584,428538.4888373428,448768.0742903744,426046.4849473746,226119.0216964216,226119.0216964216,422814.80246487225,234355.2160749631,1821.3618044484456,1843.4165276535225,1768.6132293836342,1090.5355787140668,1093.739547703353,1800.965247799539,1118.7054773457526,34.57268748692573,cooling,False,False,3136.066044090933,2400.0000000000005,736.0660440909328,736.0660440909355,11407.001478556322,True,,True,False,6.824911906733178e-07,26,15.386177804545524,15.410221761630847,26,26,15,14.999997057631797,17.954273554076167,19.929582049676583,15.978965058475753,0.24,0.3,0.0,0.0,0.0,29.7377637830179,0.4956293963836317,1.6258731796933854,False,0.0,0.0,0.0,0.0,0.0,0.0,0.0,0.0,0.6616783750621585,0.9610285074357862,0.8917890751191051,1600,800,0.0,,,optimal_power,,,0.0,False,False,0.0,0.2233042563235414,779.3077428170848,0.0,0.0,0.0,0.0,0.0,2639.853437195969,2639.85343787846,-6.824911906733178e-07,0.9999999997414664,False,False,False,False,10,False,2.94236821218874e-06,,load_hx_capacity_insufficient,0.0,1.0,121026.84689699873,,
constant,0.4,,3200.0,0.1746956125519772,279.51298008316365,0.24,1.6,160.0,24.0,992592.1868179224,1488888.2802268828,1488888.2802268828,992592.1868179224,992592.1868179224,1488888.2802268828,1488888.2802268828,12.02719557159594,37.69920655263269,17.4493822155427,6.928793782946514,7.027195571595939,21.028833527208008,21.028833527208008,429158.39081594936,446556.6170977173,425971.2977869135,227312.68508199276,227312.68508199276,423339.94987625256,233211.79702346367,1817.683176865988,1838.084382966742,1769.9775242893568,1094.737232916705,1097.373955557453,1797.0976097516143,1114.9125852132388,36.81398336696191,cooling,True,True,3199.999999989323,3200.0000000000005,-1.0677467798814178e-08,-366.6682033763759,9274.168514063562,True,,False,False,1.3954831956652924e-08,26,16.700794453610968,16.726580739502104,26,26,15,14.999999998122425,17.95984152961526,19.025245898632875,16.894437160597647,0.2795129800831636,0.3493912251039545,0.0004,0.0158536937328643,2212.9135477523773,36.881892462539625,0.6146982077089937,1.4999999999999991,True,8.87345853790716,92.0,3200.0000000000005,3475.82615096622,-3567.82615096622,309.54098771609284,275.8261509662195,33.71483674987337,0.638666374204536,0.973023230668388,0.8910811876687678,1600,800,410.414446254,10.337887798351929,7.796996497583234,constant,1.0,1.0,0.0004,False,False,0.2,0.165918484043359,1190.5370937920936,138000.0,16973.153103001274,121026.84689699872,138000.0,401.5409877160928,3475.826150952265,3475.82615096622,-1.3954831956652924e-08,0.9999999999959852,True,True,True,False,0,False,1.8775381249724887e-09,,none,,1.0,121026.84689699873,1.0,
optimal,0.4,,3200.0,0.2047615629045594,327.6185006472951,0.24,1.6,160.0,9.6,1061837.275396204,1592755.913094856,1592755.913094856,1061837.275396204,1061837.275396204,1592755.913094856,1592755.913094856,14.277574823120233,40.0749038114397,18.516290333151066,9.177229002471734,9.277574823120233,23.516290333151066,23.516290333151066,429812.9482707479,447146.1946272899,426214.3524008827,229026.71380375352,229026.71380375352,423884.031363248,237344.96169234772,1813.6235006469249,1833.74231116322,1765.0393274127205,1100.2986038371212,1102.805825421622,1792.8126911511265,1128.575353317976,39.44534235604146,cooling,True,True,3199.999999999415,3200.0000000000005,-5.852598405908792e-10,-702.7319156160006,7794.597578201257,True,,False,False,3.2287061912938946e-11,26,18.06623359318905,18.094160151840796,26,26,15,15.000000000000012,18.8881265596674,21.48783225225378,16.288420867081015,0.3276185006472951,0.4095231258091188,0.0001599999999999,0.0159373475402569,2081.110779883304,34.68517966472173,0.5780863277453622,1.500000000000518,True,11.263879361110376,6.111798148187898,3200.0000000000005,3476.245971185103,-3482.357769333291,310.7959387253499,276.2459711851026,34.54996754024734,0.6394952329027196,0.97072255124663,0.8888339156491388,1600,800,328.1716162346482,10.29614483742607,9.750995642816187,optimal_power,0.3999999999999999,0.3999999999999999,0.0001599999999999,True,False,0.0799999999999999,0.2233042563235414,850.1967286208528,22919.243055704617,3554.9475521848217,19364.2955035198,22919.243055704617,316.90773687353783,3476.24597118507,3476.245971185103,-3.2287061912938946e-11,0.9999999999999908,True,True,True,True,22,True,0.0,,none,,1.0,121026.84689699873,1.0,bounded
constant,0.5,,4000.0,0.2494580346772181,399.13285548354906,0.24,1.6,160.0,24.0,1025790.5535704796,1538685.830355754,1538685.830355754,1025790.5535704796,1025790.5535704796,1538685.830355754,1538685.830355754,13.12036081346082,38.91454311784071,17.911594221367864,8.020973334153211,8.12036081346082,22.23714779382891,22.23714779382891,429480.8697820573,446920.3815249055,426098.929582924,228053.22537523543,228053.22537523543,423609.4916124912,235213.05005285091,1815.708396241738,1836.2034544199144,1767.588887297813,1097.127215734325,1099.6853660092502,1795.015535919925,1121.5444044023673,38.072885758713646,cooling,True,True,3999.9999999981646,4000.000000000001,-1.8358150555286559e-09,-1329.9176507855625,7755.438318314285,True,,False,False,6.693881005048752e-10,26,17.859700914825794,17.89082168809331,26,26,15,14.999999916768427,18.681995003464664,20.007340840506515,17.356649166422812,0.399132855483549,0.4989160693544363,0.0004,0.0198582474207027,2663.410284856478,44.39017141427463,0.7398361902379106,1.5000000000000338,True,15.292201400404329,92.0,4000.000000000001,4346.318139085733,-4438.318139085733,386.0250438018678,346.318139085732,39.70690471613585,0.636433315294334,0.9791676430206532,0.8971390448529657,1600,800,493.31724520227215,10.36202200925868,8.108372530864804,constant,1.0,1.0,0.0004,False,False,0.2,0.165918484043359,1292.654288347116,138000.0,16973.153103001274,121026.84689699872,138000.0,478.0250438018678,4346.318139085063,4346.318139085733,-6.693881005048752e-10,0.999999999999846,True,True,True,False,0,False,8.323161182488549e-08,,none,,1.0,121026.84689699873,1.0,
optimal,0.5,,4000.0,0.2973877192338023,475.82035077408375,0.24,1.6,160.0,10.698023266318538,1098711.1625622122,1648066.7438419466,1648066.7438419466,1098711.1625622122,1098711.1625622122,1648066.7438419466,1648066.7438419466,15.431159039883369,41.359621573217,19.79143292072388,10.33042548570478,10.431159039883369,24.79143292072388,24.79143292072388,430134.2301443834,447508.47209680406,426308.4367721286,231104.82482850287,231104.82482850287,424146.3363031256,239484.36403482212,1811.5498540143303,1831.76775050146,1762.473747427256,1107.2342596521878,1109.8197882346394,1790.6167541685038,1135.5963617449977,40.85542840617344,cooling,True,True,4000.0000000060168,4000.000000000001,6.01630745222792e-09,-1675.0041199583866,6236.143340749455,True,,False,False,0.0073958529437732,26,19.17166486663217,19.206205787007192,26,26,15,15.000000000000025,19.59917198062118,22.51838126320393,16.679962698038423,0.4758203507740837,0.5947754384676046,0.0001783003877719,0.0200975327924613,2516.450674581498,41.9408445763583,0.6990140762726383,1.4999999999987514,True,20.23387528610592,8.414345904327039,4000.000000000001,4349.179397382933,-4357.59374328726,389.9734125328008,349.17939738293194,40.79401514986887,0.6370768008969196,0.9774050066759058,0.8953928297703175,1600,800,418.62163372323374,10.257109514263512,9.55516790764939,optimal_power,0.4457509694299391,0.4457509694299391,0.0001783003877719,False,False,0.0891501938859878,0.2110876897464817,948.4518366409712,28315.179824806517,4267.880372945455,24047.299451861058,28315.179824806517,398.38775843712784,4349.172001529989,4349.179397382933,-0.0073958529437732,0.9999982994831282,True,True,True,True,16,False,0.0,,none,,1.0,121026.84689699873,1.0,bounded
constant,0.6,,4800.0,0.3406760430290432,545.0816688464693,0.24,1.6,160.0,24.0,1059591.993529344,1589387.9902944986,1589387.9902944986,1059591.993529344,1059591.993529344,1589387.9902944986,1589387.9902944986,14.206364575524276,40.10569736886214,18.437576516075357,9.106043042370516,9.206364575524276,23.437576516075357,23.437576516075357,429792.7939554482,447252.60744853376,426207.8494348944,228898.81648785493,228898.81648785493,423867.4638094381,237213.3661015553,1813.7516494095355,1834.2766379841876,1765.1968864700602,1099.8706136934177,1102.373066327513,1792.9482321345326,1128.1423597335513,39.35968315050312,cooling,True,True,4800.000000000019,4800.000000000001,1.8189894035458565e-11,-2292.097628021859,6241.416625527244,True,,False,False,1.1690644896589221e-08,26,18.847176478563934,18.8847908381006,26,26,15,15.000000000000014,19.40444786765181,20.989842879978653,17.81905285532497,0.5450816688464692,0.6813520860580865,0.0004,0.0238932000874655,3086.764610417945,51.44607684029908,0.8574346140049847,1.5000000000004554,True,25.241630138765828,92.0,4800.000000000001,5217.1708172801245,-5309.1708172801245,462.87154175431215,417.170817280124,45.70072447418818,0.6349129393377378,0.9833071978605936,0.9012669383367584,1600,800,580.113171893078,10.370047771370215,8.274247565067702,constant,1.0,1.0,0.0004,False,False,0.2,0.165918484043359,1374.8146531666914,138000.0,16973.153103001274,121026.84689699872,138000.0,554.8715417543121,5217.170817268434,5217.1708172801245,-1.1690644896589221e-08,0.9999999999977592,True,True,True,False,0,False,0.0,,none,,1.0,121026.84689699873,1.0,
optimal,0.6,,4800.0,0.4031534050751815,645.0454481202905,0.24,1.6,160.0,12.33525514675923,1126354.5044112245,1689531.7566168366,1689531.7566168366,1126354.5044112245,1126354.5044112245,1689531.7566168366,1689531.7566168366,16.27701696075161,42.30035857217837,20.72641753497703,11.17600624248331,11.27701696075161,25.72641753497703,25.72641753497703,430363.4724199233,447765.0500352486,426363.60097658576,232636.14403010532,232636.14403010532,424331.2549551885,241062.34565436895,1810.0317519145387,1830.3157241263957,1760.5757415917742,1112.3229322477573,1114.9671578528453,1789.005845285519,1140.7529562435152,41.91670174462963,cooling,True,True,4800.000000003405,4800.0,3.4051481634378433e-09,-2601.3215629945885,4880.011837698199,True,,False,False,7.003109203651546e-11,26,19.955661584167444,19.997675307029567,26,26,15,15.00000000000001,20.18425611589919,23.225923111526757,17.142589120271623,0.6450454481202905,0.8063068101503631,0.0002055875857793,0.0242758552350276,2948.5449401726028,49.14241566954338,0.8190402611590564,1.5000000000000002,True,33.36442400546115,12.815994422707648,4800.0,5222.438179050736,-5235.254173473443,469.3519643639231,422.4381790507362,46.91378531318685,0.6353626545639094,0.9820863829851296,0.9000456184800131,1600,800,515.5323827920919,10.2268667534077,9.310763320052745,optimal_power,0.5139689644483012,0.5139689644483012,0.0002055875857793,False,False,0.1027937928896602,0.1980517447335158,1059.949633224135,37403.02034520055,5432.072692570156,31970.947652630395,37403.02034520055,482.1679587866307,5222.438179050666,5222.438179050736,-7.003109203651546e-11,0.9999999999999866,True,True,True,True,17,False,0.0,,none,,1.0,121026.84689699873,1.0,bounded
constant,0.7,,5600.0,0.4519453125042219,723.1125000067551,0.24,1.6,160.0,24.0,1094005.853740944,1641008.780609558,1641008.780609558,1094005.853740944,1094005.853740944,1641008.780609558,1641008.780609558,15.285591801976976,41.281138296466,19.63052669626194,10.18490656792568,10.285591801976976,24.63052669626194,24.63052669626194,430094.2341903579,447562.40677257575,426297.74937802,230841.94369847747,230841.94369847747,424113.8746282608,239213.6023474101,1811.8112976005573,1832.3317386277413,1762.798904671629,1106.358811637218,1108.9343487924918,1790.893897272818,1134.7096884358314,40.67514251611897,cooling,True,True,5599.99999999453,5600.000000000001,-5.470610631164163e-09,-3253.2656212950374,4731.850344035306,True,,False,False,1.3041244528722018e-08,26,19.70957472640407,19.754989372572997,26,26,15,14.99999999999998,20.129323685022968,21.975640052295773,18.28300731775016,0.7231125000067551,0.903890625008444,0.0004,0.0281050721483585,3502.4615791707374,58.37435965284563,0.9729059942140936,1.4999999999983016,True,40.43001982922103,92.0,5600.000000000001,6090.9442507232125,-6182.9442507232125,542.8553157308853,490.9442507232115,51.91106500767381,0.6337693284386121,0.986398142232904,0.9043740320792802,1600,800,675.2853355601063,10.31582419426126,8.292790773185022,constant,1.0,1.0,0.0004,False,False,0.2,0.165918484043359,1444.95412307663,138000.0,16973.153103001274,121026.84689699872,138000.0,634.8553157308853,6090.944250710171,6090.9442507232125,-1.3041244528722018e-08,0.9999999999978588,True,True,True,False,0,False,0.0,,none,,1.0,121026.84689699873,1.0,
optimal,0.7,,5600.0,0.5270409433913756,843.265509426201,0.24,1.6,160.0,14.088884143557229,1152193.0633168796,1728289.5949753174,1728289.5949753174,1152193.0633168796,1152193.0633168796,1728289.5949753174,1728289.5949753174,17.053651246740287,43.15690373471784,21.58487193946354,11.952391681629422,12.053651246740287,26.58487193946354,26.58487193946354,430569.1344880908,447986.2380733677,426403.5959397082,234047.8974123376,234047.8974123376,424495.38041755167,242518.29790051284,1808.639266262304,1828.9552255007668,1758.819459786008,1116.9978500551908,1119.6969427973384,1787.5257061564882,1145.494419393831,42.91198664071952,cooling,True,True,5600.000000001332,5600.000000000001,1.331500243395567e-09,-3517.3013921834417,3569.393231272331,True,,False,False,0.0270900541463561,26,20.60586838326128,20.656452203844324,26,26,15,15.000000000000004,20.760283052504803,23.87101892078573,17.649547184223877,0.843265509426201,1.0540818867827513,0.0002348147357259,0.0284956480191571,3369.1300265857017,56.15216710976169,0.9358694518293617,1.4999999999999982,True,52.51436475633827,18.987456256204517,5600.000000000001,6096.311653279253,-6115.299109535457,549.3462194856031,496.3116532792516,53.034566206351485,0.6341061333317467,0.9854898345075256,0.903458758201682,1600,800,620.8480404981459,10.19393562996343,9.019920551745262,optimal_power,0.5870368393148845,0.5870368393148845,0.0002348147357259,False,False,0.1174073678629769,0.1883892496287847,1169.1698163921194,48516.860402741375,6809.526296892044,41707.33410584933,48516.860402741375,568.3336757418076,6096.2845632251065,6096.311653279253,-0.0270900541463561,0.9999955563206596,True,True,True,True,17,False,0.0,,none,,1.0,121026.84689699873,1.0,bounded
constant,0.8,,6400.0,0.5883361437035547,941.3378299256876,0.24,1.6,160.0,24.0,1129185.0051771856,1693777.507765778,1693777.507765778,1129185.0051771856,1129185.0051771856,1693777.507765778,1693777.507765778,16.362743125888073,42.462083403549286,20.82117587065005,11.261704669434891,11.362743125888072,25.82117587065005,25.82117587065005,430386.4018550494,447869.9934209868,426368.5222837608,232791.70319411223,232791.70319411223,424349.63960255845,241222.71865552512,1809.8779886735656,1830.419863025764,1760.3825373182049,1112.838825144909,1115.4890609664576,1788.8425231741876,1141.2759945591993,42.02557423305486,cooling,True,True,6400.000000002904,6399.999999999998,2.9058355721645053e-09,-4214.123606593377,3223.648919184385,True,,False,False,4.747562343254684e-10,26,20.47754340247405,20.532284979930644,26,26,15,15.000000000000014,20.85550003839984,22.96320589268845,18.74779418411123,0.9413378299256876,1.1766722874071094,0.0004,0.0323895329346972,3904.227180221493,65.07045300369155,1.084507550061526,1.4999999999999996,True,63.4402624149721,92.0,6399.999999999998,6966.28536484172,-7058.28536484172,624.5132868050654,566.2853648417216,58.22792196334376,0.6323080145303082,0.98702,0.9067627171533358,1600,800,779.9535492200375,10.247980523747742,8.205616868337955,constant,1.0,1.0,0.0004,False,False,0.2,0.165918484043359,1504.3293774413978,138000.0,16973.153103001274,121026.84689699872,138000.0,716.5132868050654,6966.285364841245,6966.28536484172,-4.747562343254684e-10,0.9999999999999318,True,True,True,False,0,False,0.0,,none,,1.0,121026.84689699873,1.0,
optimal,0.8,,6400.0,0.6723831439173864,1075.8130302678185,0.24,1.6,160.0,15.928145955643744,1177330.9785951118,1765996.4678926675,1765996.4678926675,1177330.9785951118,1177330.9785951118,1765996.4678926675,1765996.4678926675,17.796759781717753,43.97938399082028,22.40625045001377,12.695267422767644,12.796759781717752,27.40625045001377,27.40625045001377,430761.52140117256,448196.0751213786,426432.0292133578,235403.96347439996,235403.96347439996,424647.2413711655,243917.92973380056,1807.307816785403,1827.6641378896595,1757.1259380611775,1121.4736479856886,1124.2261286249295,1786.1081150285895,1150.0378080230264,43.88339788435438,cooling,True,True,6399.999999997695,6399.999999999999,-2.303750079590827e-09,-4428.274603784249,2280.8170102646336,True,,False,False,0.0561833064020902,26,21.16784314456993,21.228192934287804,26,26,15,14.999999999999986,21.341478009980165,24.49038284437512,18.19257317558521,1.0758130302678184,1.3447662878347728,0.0002654690992607,0.0327604422778409,3781.756483814474,63.029274730241234,1.0504879121706872,1.5,True,79.9309016138902,27.30028754254462,6399.999999999999,6971.163690790728,-6998.463978333272,630.362919582026,571.1636907907281,59.19922879129797,0.6327795113371616,0.98702,0.9060870699206878,1600,800,737.5941087384609,10.152881461117095,8.676858890516623,optimal_power,0.6636727481518226,0.6636727481518226,0.0002654690992607,False,False,0.1327345496303645,0.1812248524708543,1275.5351173046015,61702.7464633052,8395.077924969577,53307.66853833562,61702.7464633052,657.6632071245707,6971.107507484326,6971.163690790728,-0.0561833064020902,0.9999919406129458,True,True,True,True,21,False,0.0,,none,,1.0,121026.84689699873,1.0,bounded
constant,0.9,,7200.0,0.7567061999335691,1210.7299198937108,0.24,1.6,160.0,24.0,1165150.1873947792,1747725.281092168,1747725.281092168,1165150.1873947792,1165150.1873947792,1747725.281092168,1747725.281092168,17.438185560211593,43.63782971067718,22.00991103037802,12.33680486715832,12.438185560211592,27.00991103037802,27.00991103037802,430669.2300111703,448162.1735631118,426419.5276896887,234748.9695674,234748.9695674,424574.6024187902,243241.7544804043,1807.9501904775716,1828.4977655639425,1757.944764656977,1119.3135841402009,1122.0401937857146,1786.7923374470647,1147.8446404266856,43.41230538545396,cooling,True,True,7200.0000000043065,7200.000000000001,4.305547918193042e-09,-5174.726392338926,1716.5710486697617,True,,False,False,-1.546140993013978e-11,26,21.169600274221462,21.235466614286484,26,26,15,14.99999999999998,21.582699266643544,23.952162795008174,19.21323573827891,1.2107299198937107,1.5134123998671385,0.0004,0.0367496448998771,4288.291992183372,71.4715332030562,1.1911922200509366,1.4999999999999991,True,98.17772345786288,92.0,7200.000000000001,7842.859463787446,-7934.859463787446,707.4990450459562,642.8594637874447,64.6395812585115,0.6310040664523409,0.98702,0.9086365109449543,1600,800,897.6767685038191,10.176692181305093,8.020704392295265,constant,1.0,1.0,0.0004,False,False,0.2,0.165918484043359,1555.427907728045,138000.0,16973.153103001274,121026.84689699872,138000.0,799.4990450459562,7842.859463787461,7842.859463787446,1.546140993013978e-11,1.000000000000002,True,True,True,False,0,False,0.0,,none,,1.0,121026.84689699873,1.0,
optimal,0.9,,7200.0,0.8410078689142664,1345.6125902628262,0.24,1.6,160.0,17.951276530963497,1201336.8313685884,1802005.2470528807,1802005.2470528807,1201336.8313685884,1201336.8313685884,1802005.2470528807,1802005.2470528807,18.49535121485297,44.75755363545869,23.17840094433018,13.39364497789154,13.495351214852974,28.17840094433018,28.17840094433018,430938.3949079702,448394.6078139575,426449.73768466886,236683.56299388252,236683.56299388252,424785.29328302096,245239.67616157405,1806.0566936651792,1826.468854534971,1755.5214779744044,1125.6839460381211,1128.4874236041874,1784.7739112913414,1154.315294395726,44.81397715730338,cooling,True,True,7200.000000002815,7200.0,2.814886101987213e-09,-5332.599788172259,1021.5097269215476,True,,False,False,0.0697043142963593,26,21.65379403004624,21.725063793868035,26,26,15,14.999999999999986,21.92265491096856,25.07097205045204,18.77433777148508,1.3456125902628262,1.6820157378285328,0.0002991879421827,0.0370647150912792,4189.78009486167,69.8296682476945,1.1638278041282415,1.499999999999999,True,118.0667237274458,38.8997842560772,7200.0,7847.00955793313,-7885.909342189208,712.4181350423435,647.0095579331305,65.40857710921296,0.6313157316539365,0.98702,0.9081879392285188,1600,800,869.3846430258665,10.1064243677234,8.281719786239405,optimal_power,0.7479698554568123,0.7479698554568123,0.0002991879421827,False,False,0.1495939710913624,0.1755702382712601,1382.6754032026815,78010.73259627493,10301.185395363937,67709.547200911,78010.73259627493,751.3179192984206,7846.939853618834,7847.00955793313,-0.0697043142963593,0.9999911170855876,True,True,True,True,17,False,0.0,,none,,1.0,121026.84689699873,1.0,bounded
constant,1.0,,8000.0,0.966648466567176,1546.6375465074818,0.24,1.6,160.0,24.0,1201924.3413805957,1802886.5120708945,1802886.5120708945,1201924.3413805957,1201924.3413805957,1802886.5120708945,1802886.5120708945,18.512316215262278,44.80642550573543,23.19715198305636,13.410604846213232,13.512316215262274,28.19715198305636,28.19715198305636,430942.6415986098,448435.8567452576,426450.0569397941,236714.6957157164,236714.6957157164,424788.58827773336,245271.84720981543,1806.0263153688895,1826.55457411551,1755.48235886854,1125.7862249480038,1128.5909507993838,1784.7414895118975,1154.419250175736,44.83678787279596,cooling,True,True,7999.999999996941,8000.0,-3.0586306820623573e-09,-6135.133281587573,210.3556418865519,True,,False,False,-9.640643838793039e-11,26,21.79854914851541,21.8776627106058,26,26,15,14.99999999999995,22.310802364605507,24.942348917824745,19.67925581138627,1.5466375465074818,1.933296933134352,0.0004,0.0411887175330756,4653.586911243082,77.55978185405137,1.292663030900856,1.500000000000001,True,150.64046185361502,92.0,8000.0,8720.523097420595,-8812.523097420595,791.6641726328211,720.5230974205953,71.14107521222581,0.6299635554842511,0.98702,0.9101373061059044,1600,800,1034.304634486436,10.105294993197136,7.734665139513994,constant,1.0,1.0,0.0004,False,False,0.2,0.165918484043359,1600.0000000000005,138000.0,16973.153103001274,121026.84689699872,138000.0,883.6641726328211,8720.523097420692,8720.523097420595,9.640643838793039e-11,1.000000000000011,True,True,True,False,0,False,0.0,,none,,1.0,121026.84689699873,1.0,
optimal,1.0,,8000.0,1.0,1600.0,0.24,1.6,160.0,21.811241089363246,1213046.3271161965,1820636.928821985,1820636.928821985,1213046.3271161965,1213046.3271161965,1820636.928821985,1820636.928821985,18.832306164058025,45.18099564966792,23.57337280531118,13.730518913915375,13.832306164058023,28.57337280531118,28.57337280531118,431022.3065179696,448525.3714098792,426455.3371317624,237339.93643007372,237339.93643007372,424850.2218483451,245918.0728707695,1805.4533554231848,1825.954552007209,1754.6958627448148,1127.838718289565,1130.6747439460278,1784.1297518723927,1156.5058514175705,45.26893867562769,cooling,True,True,7999.969846832021,8000.0,-0.030153167978824,-6182.919453628942,-0.0301531680242987,True,,False,True,-6.773916538804769e-09,26,21.938689284784232,22.01984270137475,26,26,15,15.000000000000064,22.410373211383103,25.299331623564623,19.52141479920158,1.6,2.0,0.0003635206848227,0.0413047403146165,4622.2527175381565,77.03754529230261,1.2839590882050436,1.5008799648651736,False,159.856,69.28253753096548,8000.0,8722.959550070205,-8792.242087601171,794.374218208517,722.9595500702059,71.41466813831119,0.6302107045402905,0.9869971561121,0.9100994638278084,1600,800,1023.5127557394824,10.07082029681389,7.816219148358384,optimal_power,0.9088017120568018,0.9088017120568018,0.0003635206848227,False,False,0.1817603424113603,0.1685661777178122,1539.8263518860963,114352.56439080386,14394.004214497278,99958.56017630658,114352.56439080386,863.6567557394825,8722.95955007698,8722.959550070205,6.773916538804769e-09,1.0000000000007765,True,True,False,True,18,False,-5.684341886080803e-14,,none,,1.0,121026.84689699873,9.006428238475111,bounded
constant,0.3,,2400.0,0.15,240.0,0.24,1.6,160.0,0.0,933176.1684178826,1441641.7239960714,1441641.7239960714,933176.1684178826,933176.1684178826,1441641.7239960714,1441641.7239960714,10.0,37.180242511162305,17.0170917107601,4.903730847530426,5.0,19.854004657899452,19.854004657899452,428538.48883734277,446948.8892906632,425830.52286830236,226621.10535931046,226621.10535931046,422814.80246487225,231277.3630018344,1821.3618044484456,1842.3538451123734,1772.2836345834476,1092.5039122740689,1095.544804880737,1800.965247799539,1108.4725708982405,34.57268748692573,cooling,False,False,3136.0660440909332,2400.0,736.0660440909332,736.066044090936,11407.001478556322,True,,True,False,-3.130512595816981e-07,26,15.386177804545525,15.410221761630847,26,26,15,14.999999998655472,17.265615297893476,18.081130727567142,16.45009986821981,0.24,0.3,0.0,0.0,0.0,29.746229064515344,0.49577048440858906,1.54487627608434,False,0.0,0.0,0.0,0.0,0.0,0.0,0.0,0.0,0.649358133742882,0.9631440086218447,0.8863621972804729,1600,800,0.0,,,constant,,,0.0,False,False,0.0,0.165918484043359,1058.9645569126474,0.0,0.0,0.0,0.0,0.0,2618.8269300547204,2618.826929741669,3.130512595816981e-07,1.0000000001195388,False,False,False,False,0,False,1.344517386314692e-09,1.0,load_hx_capacity_insufficient,0.0,1.25,151283.5586212484,,
optimal,0.3,,2400.0,0.15,240.0,0.24,1.6,160.0,0.0,933176.1684178826,1517334.9602384784,1517334.9602384784,933176.1684178826,933176.1684178826,1517334.9602384784,1517334.9602384784,10.0,40.13728769195495,16.722732870753532,4.903486569276879,5.0,21.722732870753532,21.722732870753532,428538.48883734277,448770.618941054,426046.7606753094,226123.2734738414,226123.2734738414,422814.80246487225,234359.58481627508,1821.3618044484456,1843.41796375788,1768.608014533414,1090.5499051586482,1093.7548350992017,1800.965247799539,1118.719949695115,34.57268748692573,cooling,False,False,3136.0660440909332,2400.0,736.0660440909332,736.066044090936,11407.001478556322,True,,True,False,6.661462066404056e-07,26,15.386177804545525,15.410221761630847,26,26,15,14.999997050789847,17.95575423607221,19.93205275993995,15.97945571220447,0.24,0.3,0.0,0.0,0.0,29.738449970254127,0.49564083283756877,1.6259898308493939,False,0.0,0.0,0.0,0.0,0.0,0.0,0.0,0.0,0.6616945948620149,0.9610265187471261,0.8917969446848836,1600,800,0.0,,,optimal_power,,,0.0,False,False,0.0,0.22330425632354145,779.2712151497172,0.0,0.0,0.0,0.0,0.0,2639.888646843415,2639.888647509561,-6.661462066404056e-07,0.9999999997476613,False,False,False,False,10,False,2.9492101702999207e-06,,load_hx_capacity_insufficient,0.0,1.25,151283.5586212484,,
constant,0.4,,3200.0,0.17493462522347727,279.8954003575637,0.24,1.6,160.0,24.0,993211.9272228503,1489817.890834277,1489817.890834277,993211.9272228503,993211.9272228503,1489817.890834277,1489817.890834277,12.047852813854036,37.7210280344583,17.47215732099835,6.949443996255752,7.0478528138540355,21.051666315238208,21.051666315238208,429164.56240920466,446562.26600819104,425973.8728103248,227349.56692620713,227349.56692620713,423345.1334581776,233249.50248571107,1817.645806995042,1838.0445693649551,1769.9325519211516,1094.8612265295953,1097.499306203158,1797.058248330855,1115.0378217108894,36.837440284771105,cooling,True,True,3200.000000001766,3200.0,1.7657839634921402e-09,-369.7530831863837,9260.586867663542,True,,False,False,1.2252257874934003e-08,26,16.713499931164733,16.739303168887147,26,26,15,14.999999998068134,17.97660330005195,19.048041121645838,16.90516547845806,0.27989540035756366,0.34986925044695455,0.0004,0.01585610619439621,2211.879562385221,36.864659373087015,0.6144109895514502,1.5000000000000016,True,8.891440273485381,112.17114114949979,3200.0,3475.8598358041572,-3588.030976953657,309.584567290872,275.85983580415717,33.7247314867148,0.6386725066502421,0.9730062490259135,0.8910645586056345,1600,800,430.6471487138572,10.336432555416826,7.430677317978099,constant,1.0,1.0,0.0004,False,False,0.2,0.165918484043359,1190.5293764609746,168256.71172424968,16973.153103001274,151283.5586212484,168256.71172424968,421.7557084403718,3475.859835791905,3475.8598358041572,-1.2252257874934003e-08,0.999999999996475,True,True,True,False,0,False,1.9318235899845604e-09,,none,,1.25,151283.5586212484,1.0,
optimal,0.4,,3200.0,0.20479671416492237,327.6747426638758,0.24,1.6,160.0,9.6,1061909.132682675,1592863.6990245623,1592863.6990245623,1061909.132682675,1061909.132682675,1592863.6990245623,1592863.6990245623,14.279851941906202,40.07731330699227,18.518807397403748,9.179505345268183,9.279851941906202,23.518807397403748,23.518807397403748,429813.5921413828,447146.7727713229,426214.55903336214,229030.8043571866,229030.8043571866,423884.5604370879,237349.1706668814,1813.6194030792278,1833.7379378134603,1765.0342875794383,1100.3122901098757,1102.8196643164597,1792.8083569040493,1128.5892000867339,39.4480841456797,cooling,True,True,3199.99999999974,3200.0,-2.601154847070575e-10,-703.0719725161448,7793.10042665627,True,,False,False,0.02185852984257508,26,18.067595343008122,18.095524410609293,26,26,15,15.00000000000005,18.889572061274833,21.490244255002494,16.288899867547173,0.3276747426638758,0.40959342832984474,0.00015999999999999999,0.015937621124373465,2081.006025652849,34.68343376088082,0.5780572293480136,1.5000000000005176,True,11.266825154331833,7.4027511817558835,3200.0,3476.2496657603147,-3483.6524169420704,310.80075783648476,276.24966576031466,34.55109207617011,0.6394959317431327,0.9707206068079217,0.88883202114215,1600,800,329.4703341725725,10.295985190884092,9.712558819708118,optimal_power,0.39999999999999997,0.39999999999999997,0.00015999999999999999,True,False,0.07999999999999999,0.22330425632354145,850.1615242330915,27760.316931584563,3554.9475521848217,24205.36937939974,27760.316931584563,318.20350901824065,3476.227807230472,3476.2496657603147,-0.02185852984257508,0.9999937120368373,True,True,True,True,22,True,0.0,,none,,1.25,151283.5586212484,1.0,bounded
constant,0.5,,4000.0,0.2498238793059044,399.7182068894471,0.24,1.6,160.0,24.0,1026426.1325947363,1539639.1988921408,1539639.1988921408,1026426.1325947363,1026426.1325947363,1539639.1988921408,1539639.1988921408,13.141027905312399,38.93640511843461,17.93437406444133,8.041633343551666,8.141027905312399,22.259992214080285,22.259992214080285,429486.8850058661,446925.8649196682,426101.1708356383,228090.16835564352,228090.16835564352,423614.4929928357,235251.0024271014,1815.6711138511369,1836.1637686024608,1767.543550143091,1097.251142940266,1099.810655905687,1794.9761871110056,1121.6698736226815,38.09703461131002,cooling,True,True,3999.999999999709,4000.0,-2.9103830456733704e-10,-1333.0040014991732,7741.850196040372,True,,False,False,4.283720045350492e-10,26,17.871621651561213,17.90276857253903,26,26,15,14.999999909960533,18.69876417968578,20.030146137470524,17.36738222190104,0.3997182068894471,0.4996477586118088,0.0004,0.019861296979071574,2662.169021276255,44.36948368793759,0.7394913947989598,1.5000000000000353,True,15.327495666487712,112.17114114949979,4000.0,4346.360759080087,-4458.531900229586,386.0785617148083,346.3607590800867,39.71780263472158,0.6364384620773933,0.9791535701874917,0.89712507615468,1600,800,513.5771985307958,10.360585633746618,7.788507767562321,constant,1.0,1.0,0.0004,False,False,0.2,0.165918484043359,1292.6473174954601,168256.71172424968,16973.153103001274,151283.5586212484,168256.71172424968,498.2497028643081,4346.360759079658,4346.360759080087,-4.283720045350492e-10,0.9999999999999014,True,True,True,False,0,False,9.003946388475015e-08,,none,,1.25,151283.5586212484,1.0,
optimal,0.5,,4000.0,0.30220103657197794,483.52165851516475,0.24,1.6,160.0,10.277867862126937,1105042.3300467269,1657563.495069483,1657563.495069483,1105042.3300467269,1105042.3300467269,1657563.495069483,1657563.495069483,15.626287176552694,41.56640066774065,20.007122208019894,10.525489133379835,10.626287176552694,25.007122208019894,25.007122208019894,430187.59373117593,447556.0778504217,426322.2172659145,231457.5063151156,231457.5063151156,424189.5577830211,239847.67725010295,1811.1994885005167,1831.3941368617682,1762.037216949705,1108.4078952532927,1111.0068674266379,1790.245219946282,1136.7852555622155,41.098173577418144,cooling,True,True,3999.999999995182,3999.9999999999995,-4.817593435291201e-09,-1704.1438687038813,6107.851223058917,True,,False,False,0.004312725721320021,26,19.28042340785572,19.31530693275764,26,26,15,14.999999999999996,19.69289002177763,22.732171364227554,16.653608679327704,0.48352165851516477,0.6044020731439559,0.00017129779770211562,0.020127802749996378,2505.7062691597434,41.76177115266239,0.6960295192110398,1.4999999999994504,True,20.765311280272503,9.059640659664026,3999.9999999999995,4349.589422418623,-4358.649063078287,390.49039755872417,349.58942241862366,40.90097514010051,0.6371267105009203,0.9772680273484643,0.8952574112044597,1600,800,420.3153494986607,10.24352973852182,9.516664106535908,optimal_power,0.42824449425528904,0.42824449425528904,0.00017129779770211562,False,False,0.08564889885105781,0.21533690617722212,931.6001017182156,31732.949685968324,3988.5515455313675,27744.398140436955,31732.949685968324,399.5500382183882,4349.585109692902,4349.589422418623,-0.004312725721320021,0.999999008475214,True,True,True,True,17,False,0.0,,none,,1.25,151283.5586212484,1.0,bounded
constant,0.6,,4800.0,0.3412124497220703,545.9399195553125,0.24,1.6,160.0,24.0,1060243.565580614,1590365.3483714203,1590365.3483714203,1060243.565580614,1060243.565580614,1590365.3483714203,1590365.3483714203,14.227041193440073,40.127595708812805,18.460431866387353,9.126712604039994,9.227041193440073,23.460431866387353,23.460431866387353,429798.6497853913,447257.9149428604,426209.7458457572,228935.94821859227,228935.94821859227,423872.27881989017,237251.5706666882,1813.7144382558467,1834.23704472108,1765.151146972993,1099.9948833594885,1102.498719936314,1792.908876417238,1128.2680790866855,39.38453875133933,cooling,True,True,4800.000000007613,4800.0,7.613380148541182e-09,-2295.1854013243515,6227.822240092248,True,,False,False,1.445823727408424e-08,26,18.85842115152417,18.89607347678394,26,26,15,14.999999999999954,19.421224710512462,21.01265860076296,17.829790820261962,0.5459399195553125,0.6824248994441406,0.0004,0.023896920446445896,3085.334751681315,51.42224586135525,0.8570374310225876,1.500000000000471,True,25.306891526620817,112.17114114949979,4800.0,5217.222670521444,-5329.393811670944,462.93528571201676,417.22267052144474,45.71261519057202,0.634917390768481,0.9832951286586549,0.9012548479205602,1600,800,600.4133183881373,10.36861986577102,7.994492881813523,constant,1.0,1.0,0.0004,False,False,0.2,0.165918484043359,1374.8087911439336,168256.71172424968,16973.153103001274,151283.5586212484,168256.71172424968,575.1064268615165,5217.222670506986,5217.222670521444,-1.445823727408424e-08,0.9999999999972288,True,True,True,False,0,False,0.0,,none,,1.25,151283.5586212484,1.0,
optimal,0.6,,4800.0,0.41018925778375886,656.3028124540142,0.24,1.6,160.0,11.851099050698327,1132876.7638625079,1699315.1457937614,1699315.1457937614,1132876.7638625079,1132876.7638625079,1699315.1457937614,1699315.1457937614,16.474311381298605,42.50964371152253,20.944498798479913,11.373236924137245,11.474311381298605,25.944498798479913,25.944498798479913,430416.15894395375,447811.8354911492,426374.7402009885,232994.25635863096,232994.25635863096,424373.46712012426,241431.56062145942,1809.6778967898456,1829.9386465990815,1760.130851682623,1113.5102814118397,1116.1683562822516,1788.6299480191356,1141.956823738003,42.16763182894431,cooling,True,True,4800.00000000321,4799.999999999999,3.2105162972584367e-09,-2630.784816945351,4750.2954397837575,True,,False,False,2.8194335754960775e-11,26,20.05933829926346,20.101844405916612,26,26,15,14.999999999999982,20.273746652877435,23.440587820021562,17.106905485733307,0.6563028124540142,0.8203785155675177,0.00019751831751163877,0.024313411719479865,2935.8847366559016,48.93141227759836,0.8155235379599727,1.4999999999999996,True,34.34454311882049,13.814267024198411,4799.999999999999,5222.948246030863,-5236.762513055061,469.9800012299306,422.9482460308634,47.03175519906722,0.6354059041237052,0.9819688160603453,0.8999281776331209,1600,800,518.1388113729495,10.213200534998236,9.263926759860153,optimal_power,0.4937957937790969,0.4937957937790969,0.00019751831751163877,False,False,0.09875915875581938,0.20141248107891818,1041.1777794920124,41963.50150679389,5075.383013812519,36888.11849298137,41963.50150679389,483.794268254129,5222.9482460308345,5222.948246030863,-2.8194335754960775e-11,0.9999999999999946,True,True,True,True,17,False,0.0,,none,,1.25,151283.5586212484,1.0,bounded
constant,0.7,,5600.0,0.45271132664051933,724.338122624831,0.24,1.6,160.0,24.0,1094673.5912160063,1642010.3868222153,1642010.3868222153,1094673.5912160063,1094673.5912160063,1642010.3868222153,1642010.3868222153,15.306278100861846,41.303070872670844,19.65339279908153,10.20558598921616,10.306278100861846,24.65339279908153,24.65339279908153,430099.92762300983,447567.5312427561,426299.28926385957,230879.28971659037,230879.28971659037,424118.4990270216,239252.06562785798,1811.7741406880907,1832.2922104358988,1762.7527228581632,1106.4832151651528,1109.0601702302476,1790.8545141251896,1134.8356790149076,40.700720853366605,cooling,True,True,5600.000000000951,5599.999999999999,9.522409527562559e-10,-3256.354840319357,4718.249593592965,True,,False,False,1.3053977454546839e-08,26,19.72021849517256,19.765686275387754,26,26,15,15.000000000000004,20.14610895299279,21.99846723083408,18.2937506751515,0.724338122624831,0.9054226532810387,0.0004,0.028109537540134295,3500.853994282592,58.34756657137653,0.9724594428562755,1.499999999998361,True,40.545928072400024,112.17114114949979,5599.999999999999,6091.006259685443,-6203.177400834943,542.930263488031,491.0062596854438,51.92400380258715,0.6337732400589744,0.9863876027874523,0.904363401168681,1600,800,695.6473327099308,10.314400166281121,8.05005602218714,constant,1.0,1.0,0.0004,False,False,0.2,0.165918484043359,1444.9497858574764,168256.71172424968,16973.153103001274,151283.5586212484,168256.71172424968,655.1014046375308,6091.006259672389,6091.006259685443,-1.3053977454546839e-08,0.9999999999978568,True,True,True,False,0,False,0.0,,none,,1.25,151283.5586212484,1.0,
optimal,0.7,,5600.0,0.5365870626100786,858.5393001761258,0.24,1.6,160.0,13.546399355181855,1158671.70792471,1738007.5618870647,1738007.5618870647,1158671.70792471,1158671.70792471,1738007.5618870647,1738007.5618870647,17.246324948303936,43.36145951697898,21.797841504843063,12.145004515062851,12.246324948303936,26.797841504843063,26.797841504843063,430619.43266959355,448030.6711624293,426411.903050553,234399.0018375317,234399.0018375317,424535.2456317545,242880.5759507654,1808.293972185618,1828.5874277651606,1758.3816221713832,1118.1580751056804,1120.8709261419388,1787.1582938765382,1146.6717946589706,43.16204672976176,cooling,True,True,5600.000000005982,5600.0,5.981746653560549e-09,-3546.0746042340634,3442.7148463976555,True,,False,False,9.094947017729282e-12,26,20.701832350864095,20.753067391894696,26,26,15,14.999999999999972,20.84277090552851,24.079212007617855,17.606329803439166,0.8585393001761258,1.0731741252201572,0.00022577332258636425,0.02853933189451022,3355.085899684971,55.91809832808285,0.9319683054680474,1.5,True,54.153860121521674,20.532540431031762,5600.0,6096.905114041512,-6117.437654472544,550.0643027123449,496.9051140415122,53.15918867083269,0.6341431304208661,0.9853899577228267,0.9033582284676411,1600,800,624.7507032648983,10.180627923656608,8.963575344108998,optimal_power,0.5644333064659106,0.5644333064659106,0.00022577332258636425,False,False,0.11288666129318212,0.1910202027561918,1149.0237686103062,54565.89874078907,6369.2326548504925,48196.666085938574,54565.89874078907,570.5968431433766,6096.905114041503,6096.905114041512,-9.094947017729282e-12,0.9999999999999986,True,True,True,True,17,False,0.0,,none,,1.25,151283.5586212484,1.0,bounded
constant,0.8,,6400.0,0.5894134877434681,943.061580389549,0.24,1.6,160.0,24.0,1129869.0283823647,1694803.5425735465,1694803.5425735465,1129869.0283823647,1129869.0283823647,1694803.5425735465,1694803.5425735465,16.38343559888574,42.48396607488695,20.84404849407673,11.282390456922883,11.38343559888574,25.84404849407673,25.84404849407673,430391.92809461715,447874.8358605478,426369.69150477403,232829.2619449586,232829.2619449586,424354.06735252246,241261.44174448433,1809.8408758389742,1830.380090174286,1760.3358779623195,1112.963355482722,1115.6150437478589,1788.803098747379,1141.4022569908366,42.051890279365104,cooling,True,True,6399.999999996331,6400.0,-3.6689016269519925e-09,-4217.213747637962,3210.044109409442,True,,False,False,2.810338628478348e-10,26,20.487637480448313,20.542451630069365,26,26,15,14.99999999999995,20.87229165784092,22.986041708930316,18.75854160675152,0.943061580389549,1.1788269754869363,0.0004,0.032394784524480164,3902.4165466553154,65.04027577758859,1.0840045962931433,1.4999999999999996,True,63.64069059867851,112.17114114949979,6400.0,6966.355029938684,-7078.526171088184,624.5967878990907,566.3550299386839,58.24175796040686,0.6323147697125735,0.98702,0.906753029972648,1600,800,800.408619647269,10.246610491749724,7.995915889587005,constant,1.0,1.0,0.0004,False,False,0.2,0.165918484043359,1504.326520400211,168256.71172424968,16973.153103001274,151283.5586212484,168256.71172424968,736.7679290485905,6966.355029938403,6966.355029938684,-2.810338628478348e-10,0.9999999999999597,True,True,True,False,0,False,0.0,,none,,1.25,151283.5586212484,1.0,
optimal,0.8,,6400.0,0.6846562240121331,1095.449958419413,0.24,1.6,160.0,15.33983060407981,1183578.7926953076,1775368.189042961,1775368.189042961,1183578.7926953076,1183578.7926953076,1775368.189042961,1775368.189042961,17.9795998816993,44.172959866815745,22.60834522178169,12.878051070321476,12.9795998816993,27.60834522178169,27.60834522178169,430808.1899926303,448236.24987309595,426437.51870339795,235738.41893731977,235738.41893731977,424683.81807226205,244263.30246174135,1806.980321837045,1827.3128091302174,1756.7071979785917,1122.5753403218862,1125.3410920678023,1785.7590751613036,1151.1567376911837,44.12531646843803,cooling,True,True,6400.000000001094,6399.999999999999,1.0950316209346056e-09,-4455.579300405693,2160.603984989176,True,,False,False,-4.001776687800884e-11,26,21.254463912826168,21.315623527487926,26,26,15,14.999999999999972,21.415562505077958,24.686644826346026,18.14448018380989,1.095449958419413,1.3693124480242662,0.00025566384340133016,0.032808773831929754,3766.5715176949643,62.77619196158274,1.046269866026379,1.4999999999999996,True,82.48204768545527,29.689213694336647,6399.999999999999,6971.793274947527,-7001.482488641864,631.118189915609,571.793274947527,59.324914968082,0.6328401080768588,0.98702,0.9060003087915836,1600,800,743.289451295401,10.1407313277657,8.61037377679195,optimal_power,0.6391596085033254,0.6391596085033254,0.00025566384340133016,False,False,0.12783192170066507,0.18326297367694955,1254.69089132381,69675.58642478465,7872.4698611202775,61803.116563664364,69675.58642478465,660.8074036099457,6971.793274947567,6971.793274947527,4.001776687800884e-11,1.0000000000000058,True,True,True,True,17,False,0.0,,none,,1.25,151283.5586212484,1.0,bounded
constant,0.9,,7200.0,0.7582107044675013,1213.137127148002,0.24,1.6,160.0,24.0,1165850.8897818003,1748776.3346726983,1748776.3346726983,1165850.8897818003,1165850.8897818003,1748776.3346726983,1748776.3346726983,17.458888810046858,43.65974977125802,22.03279489665698,12.357501635640574,12.458888810046858,27.03279489665698,27.03279489665698,430674.5862642858,448166.82805827854,426420.3116309907,234786.7544475021,234786.7544475021,424578.82895587693,243280.75416566167,1807.9130968470051,1828.458032842388,1757.8975719934485,1119.4382834707203,1122.1663812704153,1786.7528419948871,1147.971226088706,43.439385295469435,cooling,True,True,7200.00000000076,7200.0,7.60337570682168e-10,-5177.818142758483,1702.959153379932,True,,False,False,1.0732037480920553e-10,26,21.17918515379006,21.24514890954986,26,26,15,14.999999999999973,21.599499982301523,23.975010981679077,19.22398898292397,1.213137127148002,1.5164214089350025,0.0004,0.03675572869035709,4286.328161942874,71.43880269904791,1.1906467116507986,1.499999999999998,True,98.51841579106201,112.17114114949979,7200.0,7842.940093566123,-7955.111234715623,707.5945923204072,642.9400935661229,64.6544987542843,0.631010139537708,0.98702,0.9086277658761304,1600,800,918.284149260969,10.175318011389995,7.840710313680714,constant,1.0,1.0,0.0004,False,False,0.2,0.165918484043359,1555.4265016852048,168256.71172424968,16973.153103001274,151283.5586212484,168256.71172424968,819.765733469907,7842.940093566016,7842.940093566123,-1.0732037480920553e-10,0.9999999999999863,True,True,True,False,0,False,0.0,,none,,1.25,151283.5586212484,1.0,
optimal,0.9,,7200.0,0.8569038769491725,1371.046203118676,0.24,1.6,160.0,17.291974173662684,1207525.5965818206,1811288.394872731,1811288.394872731,1207525.5965818206,1207525.5965818206,1811288.394872731,1811288.394872731,18.67374647301409,44.946590796882504,23.375576457074885,13.571986419254017,13.673746473014091,28.375576457074885,28.375576457074885,430982.93483991,448432.76858484343,426452.82898823876,237011.07777213532,237011.07777213532,424819.8041759385,245578.14524182433,1805.737259216084,1826.1264379757952,1755.109743775995,1126.7595410871568,1129.576168508578,1784.4329262862204,1155.4086317419717,45.054349801330325,cooling,True,True,7200.000000003522,7200.0,3.521563485264778e-09,-5359.2407077696835,904.2190796264058,True,,False,False,0.022633245843280747,26,21.73441838813102,21.806694423991917,26,26,15,15.000000000000004,21.991169977894344,25.26125358747595,18.72108636831274,1.371046203118676,1.713807753898345,0.00028819956956104475,0.0371187867603097,4173.50653244302,69.55844220738366,1.159307370123061,1.5,True,121.99683549618095,42.36330009943742,7200.0,7847.71665778104,-7890.079957880478,713.2564806449396,647.7166577810401,65.53982286389953,0.631368632853075,0.98702,0.9081118438564523,1600,800,877.616616240558,10.094545504149682,8.204037921299399,optimal_power,0.7204989239026118,0.7204989239026118,0.00028819956956104475,False,False,0.14409978478052238,0.1772141731190361,1360.5352930533245,88195.75996722147,9661.635783502921,78534.12418371855,88195.75996722147,755.6197807443771,7847.694024535197,7847.71665778104,-0.022633245843280747,0.9999971159450792,True,True,True,True,20,False,0.0,,none,,1.25,151283.5586212484,1.0,bounded
constant,1.0,,8000.0,0.9687474354023379,1549.9958966437407,0.24,1.6,160.0,24.0,1202641.9961248967,1803962.9941873436,1803962.9941873436,1202641.9961248967,1202641.9961248967,1803962.9941873436,1803962.9941873436,18.533030833497378,44.828381365877306,23.220047369558756,13.431313202104718,13.533030833497378,28.220047369558756,28.220047369558756,430947.82375314465,448440.3153726638,426450.43956564344,236752.7131797799,236752.7131797799,424792.6078106154,245311.1334591529,1805.9892230717678,1826.5148540257967,1755.434583428977,1125.9111118448918,1128.717362515484,1784.7019003938046,1154.5461875168944,44.86465395023098,cooling,True,True,7999.99999999513,7999.999999999999,-4.869434633292258e-09,-6138.226729723925,196.7362721437048,True,,False,False,-6.912159733474255e-11,26,21.80765236167332,21.886894825768252,26,26,15,14.999999999999977,22.327612531845062,24.96520995820407,19.690015105486054,1.5499958966437406,1.9374948708046758,0.0004,0.04119568189116527,4651.482860867605,77.52471434779342,1.2920785724632238,1.499999999999999,True,151.21353653107502,112.17114114949979,7999.999999999999,8720.615120241584,-8832.786261391084,791.7722257302921,720.6151202415846,71.15710548870754,0.6299690807362249,0.98702,0.9101293235904105,1600,800,1055.156903410867,10.103915924331886,7.58181079433727,constant,1.0,1.0,0.0004,False,False,0.2,0.165918484043359,1600.0000000000005,168256.71172424968,16973.153103001274,151283.5586212484,168256.71172424968,903.9433668797919,8720.615120241653,8720.615120241584,6.912159733474255e-11,1.000000000000008,True,True,True,False,0,False,0.0,,none,,1.25,151283.5586212484,1.0,
optimal,1.0,,8000.0,1.0,1600.0,0.24,1.6,160.0,20.802935529001264,1213046.3271161963,1831825.6113391318,1831825.6113391318,1213046.3271161963,1213046.3271161963,1831825.6113391318,1831825.6113391318,18.832306164058025,45.55029402390687,23.809099442571437,13.730731886287003,13.832306164058025,28.809099442571437,28.809099442571437,431022.30651796964,448745.4229969704,426457.544862016,237732.2695576302,237732.2695576302,424850.2218483451,246323.70380459825,1805.4533554231848,1826.0948779625953,1754.2014841510909,1129.125104869823,1132.041986529043,1784.1297518723927,1157.8140636917951,45.26893867562769,cooling,True,True,7999.969846832021,7999.999999999999,-0.030153167977914563,-6182.9194536289415,-0.0301531680233893,True,,False,True,1.2191212590551004e-06,26,21.938689284784232,22.01984270137475,26,26,15,15.00000000000145,22.48818168630035,25.52220999062297,19.454153381977733,1.6,2.0,0.00034671559215002106,0.041388579182906844,4632.758705068456,77.21264508447426,1.286877418074571,1.5101035882891416,False,159.856,73.34826159569762,7999.999999999999,8733.534609759005,-8806.882871354703,805.2141353455603,733.5346097590048,71.67952558655554,0.6318936594780594,0.9867577108480139,0.9109807907733835,1600,800,1038.418396941258,9.935245357518188,7.7040237572491215,optimal_power,0.8667889803750526,0.8667889803750526,0.00034671559215002106,False,False,0.17335779607501053,0.17005294144776212,1510.1988662292056,126931.00037559385,13268.162611452866,113662.83776414099,126931.00037559385,878.5623969412579,8733.534608539883,8733.534609759005,-1.2191212590551004e-06,0.9999999998604092,True,True,False,True,16,False,-1.4779288903810084e-12,,none,,1.25,151283.5586212484,9.304408156319303,bounded
