max_ratio,kind,plr,prescribed_ratio,water_reference_L_min,constant_setpoint_L_min,ground_flow_L_min,P_ref_cmp_in [Pa],P_ref_cmp_out [Pa],P_ref_exp_in [Pa],P_ref_exp_out [Pa],P_ref_evap_sat [Pa],P_ref_cond_sat_l [Pa],P_ref_cond_sat_v [Pa],T_ref_cmp_in [°C],T_ref_cmp_out [°C],T_ref_exp_in [°C],T_ref_exp_out [°C],T_ref_evap_sat [°C],T_ref_cond_sat_l [°C],T_ref_cond_sat_v [°C],h_ref_cmp_in [J/kg],h_ref_cmp_out [J/kg],h_ref_cond_sat_v [J/kg],h_ref_exp_in [J/kg],h_ref_exp_out [J/kg],h_ref_evap_sat [J/kg],h_ref_cond_sat_l [J/kg],s_ref_cmp_in [J/(kg·K)],s_ref_cmp_out [J/(kg·K)],s_ref_cond_sat_v [J/(kg·K)],s_ref_exp_in [J/(kg·K)],s_ref_exp_out [J/(kg·K)],s_ref_evap_sat [J/(kg·K)],s_ref_cond_sat_l [J/(kg·K)],rho_ref_cmp_in [kg/m3],mode,hp_is_on,converged,converged_rps,capacity_clamped,iu_fan_flow_min_limit,iu_fan_flow_max_limit,err_Q_evap [W],T_iu_a_in [°C],T_iu_a_mid [°C],T_iu_a_out [°C],T_a_room [°C],T0 [°C],Ts [°C],T_bhe [°C],T_bhe_f [°C],T_bhe_f_in [°C],T_bhe_f_out [°C],dV_iu_a [m3/s],v_iu_a [m/s],dV_bhe_f [m3/s],m_dot_ref [kg/s],cmp_rpm [rpm],cmp_rps [rev/s],n_star [-],pressure_ratio,pr_floor_active,E_iu_fan [W],E_pmp [W],Q_ref_iu [W],Q_ref_ground [W],Q_bhe [W],E_cmp [W],E_cmp_ref [W],E_cmp_loss [W],eta_is [-],eta_v [-],eta_em [-],UA_ground_rated [W/K],UA_iu_rated [W/K],E_tot [W],cop_ref [-],cop_sys [-],ground_flow_control,ground_flow_ratio,ground_flow_ref_ratio,ground_flow [m3/s],ground_flow_at_min,ground_flow_at_max,m_dot_borehole [kg/s],R_b_eff [mK/W],UA_ground [W/K],ground_pressure_drop [Pa],E_cmp_plus_pmp [W],Q_HX_available [W],Q_ref_required [W],hx_capacity_margin [W],hx_capacity_ratio,hx_feasible,approach_solver_success,approach_at_bound,flow_optimizer_success,flow_optimizer_nfev,flow_bound_active,ground_temperature_residual [K],failure_reason,ground_approach [K],flow_optimizer_method,candidate_ground_flow_ratio,Q_ref_tank [W]
1.0,constant,0.3,1.0,24,24,24.0,1025457.1253071139,1538185.6879607046,1538185.6879607046,1025457.1253071139,1025457.1253071139,1538185.6879607046,1538185.6879607046,13.109514889261618,38.74103081909794,17.225159229500434,8.009572404937273,8.109514889261618,22.225159229500434,22.225159229500434,429477.7118214925,446729.09176345245,426097.7508097598,226934.3522764436,226934.3522764436,423606.8655122162,235193.13470911095,1815.7279624771506,1835.6203473684768,1767.612677127159,1093.2801370073532,1095.7100702931236,1795.0361860222442,1121.4785605449472,38.060217854426256,cooling,True,True,True,,False,False,6.530171958729625e-10,26,11.490548823269705,11.51017330820595,26,26,15,15.000000000000005,17.169991826023846,17.95108728251347,16.388896369534223,0.13435632177126539,0.16794540221408172,0.0004,0.011849314662257297,1621.8770019867602,27.031283366446004,0.45052138944076675,1.5000000000000329,True,3.2460748014222975,11.315435402000851,2400.0,2604.417029290437,-2615.7324646924376,232.7407233367057,204.41702929043717,28.323694046268542,0.6433813802338119,0.9597852056897483,0.8783036606563576,800,1600,247.30223354012887,10.311904017450024,9.704724319081253,constant,1.0,1.0,0.0004,False,True,0.2,0.165918484043359,519.6753118018535,16973.153103001274,244.05615873870656,2604.417029289784,2604.417029290437,-6.530171958729625e-10,0.9999999999997493,True,True,True,False,0,False,0.0,none,1.0,,,
1.0,constant,0.4,1.0,24,24,24.0,1072033.809515749,1608050.7142745743,1608050.7142745743,1072033.809515749,1072033.809515749,1608050.7142745743,1608050.7142745743,14.599545169246994,40.41563403994627,18.872187862600583,9.499090038608927,9.599545169246994,23.872187862600583,23.872187862600583,429903.6099911805,447227.483232242,426242.7559737476,229605.54248704447,229605.54248704447,423958.39873032493,237940.63346400775,1813.0443083213806,1833.1240686960641,1764.3257898337622,1102.2339205963026,1104.7627981419555,1792.1998510643784,1130.533672212971,39.8346378808184,cooling,True,True,True,,False,False,0.030510582858369162,26,13.360602672549703,13.383154853485904,26,26,15,15.000000000000004,17.893688816761056,18.935281305802107,16.852096327720005,0.20564656584167093,0.25705820730208867,0.0004,0.015976190084479584,2066.381170249315,34.439686170821915,0.5739947695136985,1.5000000000008868,True,5.709685131858428,11.315435402000851,3200.0,3476.7694918986285,-3488.0849273006293,311.4789205522135,276.76949189862825,34.709428653585235,0.6395941649178932,0.9704472064798924,0.8885657219048733,800,1600,328.50404108607273,10.273568414603456,9.741128265638457,constant,1.0,1.0,0.0004,False,True,0.2,0.165918484043359,587.8324764163234,16973.153103001274,322.7943559542143,3476.73898131577,3476.7694918986285,-0.030510582858369162,0.9999912244447239,True,True,True,False,0,False,0.0,none,1.0,,,
1.0,constant,0.5,1.0,24,24,24.0,1119344.4374265654,1679016.6561398483,1679016.6561398483,1119344.4374265654,1119344.4374265654,1679016.6561398483,1679016.6561398483,16.064006528415973,42.030366999892635,20.49096354422562,10.963065017473184,11.064006528415973,25.49096354422562,25.49096354422562,430306.254616145,447661.60488984623,426350.83501119853,232249.90461726597,232249.90461726597,424285.2875452598,240664.213266556,1810.4138893331974,1830.5562308678873,1761.0551254318814,1111.0411889058907,1113.6705296122968,1789.411611186995,1139.4536690375407,41.64723091824002,cooling,True,True,True,,False,False,0.013653531785166706,26,15.035718534796217,15.062251482380235,26,26,15,15.000000000000004,18.618540125326064,19.921045147290386,17.31603510336174,0.2963313946905692,0.37041424336321144,0.0004,0.020196272424603607,2481.8662544925573,41.36443757487596,0.6894072929145992,1.5,True,9.679776159806648,11.315435402000851,4000.000000000001,4350.51338215209,-4361.828817554091,391.65567368522284,350.51338215208915,41.14229153313369,0.6372389432435157,0.9769598581644013,0.8949529030282857,800,1600,412.6508852470303,10.213052609100812,9.693424012904835,constant,1.0,1.0,0.0004,False,True,0.2,0.165918484043359,641.0659610356713,16973.153103001274,402.9711090872237,4350.499728620305,4350.51338215209,-0.013653531785166706,0.9999968616274482,True,True,True,False,0,False,0.0,none,1.0,,,
1.0,constant,0.6,1.0,24,24,24.0,1167650.092213964,1751475.1383209445,1751475.1383209445,1167650.092213964,1167650.092213964,1751475.1383209445,1751475.1383209445,17.512005995535276,43.61090537874588,22.091506693380666,12.410602211232117,12.512005995535276,27.091506693380666,27.091506693380666,430688.3130913155,448051.9348630504,426422.28824325954,234883.71546274397,234883.71546274397,424589.65455952456,243380.83648458365,1807.817930393295,1827.9558058863336,1757.7764453915693,1119.758227511333,1122.4901465053924,1786.6515052694654,1148.2960237242658,43.508929760380326,cooling,True,True,True,,False,False,6.093614501878619e-11,26,16.562800289466338,16.594546594575817,26,26,15,15.000000000000037,19.34455173438775,20.90838694312788,17.78071652564762,0.4131387595502747,0.5164234494378434,0.0004,0.024514235406797164,2870.6968820936136,47.84494803489356,0.7974158005815594,1.4999999999999987,True,16.146978892031864,11.315435402000851,4800.0,5225.655911626898,-5236.971347028899,473.3151599703542,425.65591162689793,47.659248343456284,0.6356344646084218,0.9813470434700258,0.8993075811338023,800,1600,500.77757426438694,10.141234437326379,9.5850937555479,constant,1.0,1.0,0.0004,False,True,0.2,0.165918484043359,684.2015741289396,16973.153103001274,484.63059537235506,5225.655911626837,5225.655911626898,-6.093614501878619e-11,0.9999999999999883,True,True,True,False,0,False,0.0,none,1.0,,,
1.0,constant,0.7,1.0,24,24,24.0,1217110.1477142833,1825665.2215714257,1825665.2215714257,1217110.1477142833,1217110.1477142833,1825665.2215714257,1825665.2215714257,18.948676042250952,45.170023562863605,23.679445111780467,13.846833703847949,13.948676042250952,28.679445111780467,28.679445111780467,431051.07237411704,448407.90491445287,426456.43610320566,237516.42308487202,237516.42308487202,424872.39201061655,246100.52889558356,1805.244999311506,1825.337757988729,1754.4735553973878,1128.4175311098745,1131.254526296028,1783.907182569623,1157.094441610987,45.4269963816818,cooling,True,True,True,,False,False,7.275957614183426e-11,26,17.969472186375583,18.008029710741678,26,26,15,15.000000000000021,20.07174819039068,21.897340075329907,18.24615630545145,0.5664241817300355,0.7080302271625444,0.0004,0.028935387128692307,3234.9639275958198,53.91606545993033,0.8986010909988388,1.5000000000000007,True,26.887664355440837,11.315435402000851,5600.0,6102.226668882501,-6113.542104284502,556.5062244401654,502.22666888250126,54.27955555766414,0.634472367653065,0.9845002638671637,0.9024637044944676,800,1600,594.7093241976071,10.062780529783819,9.416364889781448,constant,1.0,1.0,0.0004,False,True,0.2,0.165918484043359,720.1026357740168,16973.153103001274,567.8216598421662,6102.226668882428,6102.226668882501,-7.275957614183426e-11,0.9999999999999881,True,True,True,False,0,False,0.0,none,1.0,,,
1.0,constant,0.8,1.0,24,24,24.0,1267836.739824902,1901755.1097373534,1901755.1097373534,1267836.739824902,1267836.739824902,1901755.1097373534,1901755.1097373534,20.377253325553056,46.71497072814941,25.258310466510295,15.274996748587796,15.377253325553056,30.258310466510295,30.258310466510295,431395.1375478136,448734.3555887613,426452.0183453368,240154.2507832628,240154.2507832628,425133.77058786503,248830.07418442055,1802.6871515152916,1822.7078945927071,1751.1338401756661,1137.040294478551,1139.9851503769478,1781.1698754636502,1165.8714390865355,47.407059089839855,cooling,True,True,True,,False,False,1.0568328434601426e-09,26,19.272926908998784,19.320487839105102,26,26,15,15.00000000000002,20.8001647473055,22.887952487645975,18.712377006965028,0.7727725325775828,0.9659656657219785,0.0004,0.03346564695592245,3576.5531139241957,59.60921856540326,0.9934869760900543,1.5000000000000002,True,45.24849790726732,11.315435402000851,6399.999999999998,6980.268149450115,-6991.583584852116,641.2838114484285,580.2681494501165,61.015661998312,0.6335927760517713,0.9868736107393361,0.9048538869857019,800,1600,697.8477447576967,9.979980604133308,9.171054930072426,constant,1.0,1.0,0.0004,False,True,0.2,0.165918484043359,750.6026083869313,16973.153103001274,652.5992468504294,6980.268149449058,6980.268149450115,-1.0568328434601426e-09,0.9999999999998486,True,True,True,False,0,False,0.0,none,1.0,,,
1.0,constant,0.9,1.0,24,24,24.0,1319960.1569015528,1979940.2353523278,1979940.2353523278,1319960.1569015528,1319960.1569015528,1979940.2353523278,1979940.2353523278,21.801099223070935,48.26446464790547,26.83177059615184,16.698453687197116,16.801099223070935,31.83177059615184,31.83177059615184,431720.9809798875,449050.4184293251,426407.2965867049,242803.85540939867,242803.85540939867,425373.87917440385,251576.7974365814,1800.136246007324,1820.1164910848402,1747.7435868015052,1145.6486107701512,1148.7044426421458,1778.4304837635711,1174.6507422564046,49.45565196087044,cooling,True,True,True,,False,False,1.3642420526593924e-11,26,20.484736924364313,20.54444887805663,26,26,15,14.999999999999975,21.53036411455622,23.880989438546123,19.17973879056632,1.0603863121009636,1.3254828901262043,0.0004,0.038111949767696066,3903.81553001517,65.0635921669195,1.0843932027819918,1.499999999999999,True,77.95205064355042,11.315435402000851,7199.999999999999,7860.4586495753965,-7871.774084977397,728.3716463873931,660.4586495753978,67.9129968119953,0.632309549780565,0.98702,0.9067605155296298,800,1600,817.6391324329443,9.885063532759474,8.805840760796121,constant,1.0,1.0,0.0004,False,True,0.2,0.165918484043359,776.9439667123902,16973.153103001274,739.6870817893939,7860.458649575383,7860.4586495753965,-1.3642420526593924e-11,0.9999999999999982,True,True,True,False,0,False,0.0,none,1.0,,,
1.0,constant,1.0,1.0,24,24,24.0,1373513.5731461898,2060270.3597192846,2060270.3597192846,1373513.5731461898,1373513.5731461898,2060270.3597192846,2060270.3597192846,23.220656255277333,49.80516217385201,28.400265604362062,18.117649199338075,18.220656255277333,33.40026560436206,33.40026560436206,432028.2830087135,449338.6923189496,426320.20368082664,245466.62151374278,245466.62151374278,425592.15229811653,254342.65510734127,1797.5893576341061,1817.507316777342,1744.2952278435714,1154.2470761718648,1157.417129811152,1775.6854003094677,1183.4385332432994,51.57568215375809,cooling,True,True,True,,False,False,-1.6370904631912708e-11,26,21.610129436003376,21.68668057303966,26,26,15,15.000000000000005,22.261926580945584,24.875880140453376,19.647973021437792,1.4802535842423827,1.8503169803029784,0.0004,0.04288126475661593,4211.7894927193565,70.19649154532262,1.169941525755377,1.5,True,139.5050463020687,11.315435402000851,8000.0,8742.292244677623,-8753.607680079624,817.2415128729892,742.2922446776239,74.94926819536533,0.6312448350414909,0.98702,0.9082899399812874,800,1600,968.0619945770588,9.789027936033532,8.263933554684334,constant,1.0,1.0,0.0004,False,True,0.2,0.165918484043359,800.0000000000002,16973.153103001274,828.5569482749901,8742.29224467764,8742.292244677623,1.6370904631912708e-11,1.0000000000000018,True,True,True,False,0,False,0.0,none,1.0,,,
1.0,flow_scan,0.3,0.4,24,24,9.600000000000003,1100118.8505972165,1650178.2758946111,1650178.2758946111,1100118.8505972165,1100118.8505972165,1650178.2758946111,1650178.2758946111,15.474617291739662,41.24177696207414,19.83947050862423,10.373869346674496,10.474617291739662,24.83947050862423,24.83947050862423,430146.13988546806,447324.6134247662,426311.5601360565,231183.34322795804,231183.34322795804,424155.99147134926,239565.24351834084,1811.4718129505798,1831.0660696374284,1762.376591485065,1107.4956350196767,1110.0841527061073,1790.5340108167666,1135.8611143699272,40.9093847180663,cooling,True,True,True,,False,False,0.0,26,13.639316834567467,13.659860639407357,26,26,15,15.00000000000001,17.912070942138882,19.85915967222934,15.964982212048426,0.15771268180869813,0.19714085226087266,0.00016000000000000004,0.012062556620227372,1540.2881927711214,25.67146987951869,0.42785783132531147,1.4999999999988969,True,3.9888678445752994,0.9479860139159535,2399.9999999999995,2607.216309716862,-2608.1642957307777,236.59881343417493,207.21630971686184,29.382503717313085,0.6443008911177572,0.9571597667844026,0.8758129709492913,800,1600,241.5356672926662,10.143753323039014,9.93642068230008,constant,0.4000000000000001,0.4000000000000001,0.00016000000000000004,True,False,0.08000000000000002,0.2233042563235414,386.805733316748,3554.9475521848244,237.5467994480909,2607.216309716862,2607.216309716862,0.0,1.0,True,True,True,False,0,False,0.0,none,1.0,,,
1.0,flow_scan,0.3,0.43000000000000005,24,24,10.32,1090854.1908235038,1636281.2862331087,1636281.2862331087,1090854.1908235038,1090854.1908235038,1636281.2862331087,1636281.2862331087,15.187825887140662,40.93827613631822,19.522458738830778,10.087173206074453,10.187825887140662,24.522458738830778,24.522458738830778,430067.28303633124,447255.05493001355,426290.3772985141,230665.49363148474,230665.49363148474,424091.968492128,239031.88369671078,1811.9869222083098,1831.617629213636,1763.0170510754617,1105.7708870546455,1108.3397317417791,1791.0800219186801,1134.1142996606177,40.55444308522835,cooling,True,True,True,,False,False,1.8189894035458565e-12,26,13.380198739132311,13.400611927806565,26,26,15,14.99999999999999,17.80219536938708,19.613342811488224,15.991047927285933,0.15447442085023796,0.19309302606279743,0.000172,0.012036000314557194,1549.828260882513,25.83047101470855,0.4305078502451425,1.4999999999980318,True,3.8821255426749204,1.1513103476930442,2400.0,2606.8720279188974,-2608.0233382665906,236.1237502441747,206.87202791889754,29.251722325277143,0.6441886528698831,0.957481027140939,0.8761169840177956,800,1600,241.15718613454266,10.164161790239945,9.952015274639294,constant,0.43,0.43,0.000172,False,False,0.08600000000000001,0.21489035993439806,397.77644421090207,4016.198887301317,237.27506059186774,2606.8720279188956,2606.8720279188974,-1.8189894035458565e-12,0.9999999999999993,True,True,True,False,0,False,0.0,none,1.0,,,
1.0,flow_scan,0.3,0.46,24,24,11.040000000000001,1082936.418869402,1624404.628305696,1624404.628305696,1082936.418869402,1082936.418869402,1624404.628305696,1624404.628305696,14.941272591657139,40.67741566142689,19.249924853764014,9.84070235912344,9.941272591657139,24.249924853764014,24.249924853764014,429998.9989810427,447194.66331650177,426271.0969168233,230220.88651953402,230220.88651953402,424036.3536646166,238574.0752656259,1812.4299505704867,1832.0919284406448,1763.5663597936746,1104.2883687578608,1106.8403997940766,1791.5493739549995,1132.6132227268347,40.25141970787958,cooling,True,True,True,,False,False,1.4551915228366852e-11,26,13.15710067345725,13.177406301135045,26,26,15,15.000000000000018,17.71147732690133,19.40446372282173,16.01849093098093,0.15179099683293315,0.18973874604116642,0.00018400000000000003,0.012013328038938242,1558.1059598135107,25.968432663558513,0.4328072110593085,1.5000000000014708,True,3.79458759173286,1.3803511134211486,2399.9999999999995,2606.5771565093405,-2607.9575076227616,235.71697960953827,206.57715650934068,29.13982310019759,0.6440923183933808,0.9577565897484398,0.8763779208928127,800,1600,240.89191831469228,10.18170181874706,9.962974336335884,constant,0.46,0.46,0.00018400000000000003,False,False,0.09200000000000001,0.20793876579476286,407.9877068554545,4501.144935068962,237.0973307229594,2606.577156509326,2606.5771565093405,-1.4551915228366852e-11,0.9999999999999944,True,True,True,False,0,False,0.0,none,1.0,,,
1.0,flow_scan,0.3,0.49,24,24,11.76,1076078.0670106353,1614117.1005171132,1614117.1005171132,1076078.0670106353,1076078.0670106353,1614117.1005171132,1614117.1005171132,14.726610581880948,40.45034057896413,19.012642776781604,9.626112541478562,9.726610581880948,24.012642776781604,24.012642776781604,429939.1796074349,447141.6393303552,426253.5123734631,229834.22721143469,229834.22721143469,423987.5027307888,238176.02070360704,1812.8158262635425,1832.5049807566702,1764.0436660063,1102.9977852825245,1105.5352516990367,1791.9579879204168,1131.306787295483,39.989176600246246,cooling,True,True,True,,False,False,-1.3642420526593924e-11,26,12.96261318107662,12.982828549362788,26,26,15,15.00000000000001,17.635162936559624,19.22449719677934,16.04582867633991,0.14952662815638176,0.1869082851954772,0.000196,0.011993706159008449,1565.37082705302,26.089513784217,0.43482522973695004,1.5000000000010782,True,3.721365681666221,1.636412476733039,2400.0,2606.3212471288844,-2607.957659605617,235.36404452262602,206.3212471288842,29.042797393741807,0.6440085643766535,0.9579960341468208,0.8766047828050905,800,1600,240.72182268102526,10.19696957055513,9.970014239964371,constant,0.48999999999999994,0.48999999999999994,0.000196,False,False,0.098,0.20208632811608682,417.5227560713382,5009.4259491827725,237.00045699935905,2606.321247128898,2606.3212471288844,1.3642420526593924e-11,1.0000000000000053,True,True,True,False,0,False,0.0,none,1.0,,,
1.0,flow_scan,0.3,0.52,24,24,12.48,1070082.3760885599,1605123.5641337,1605123.5641337,1070082.3760885599,1070082.3760885599,1605123.5641337,1605123.5641337,14.538104619449769,40.25096739935384,18.804273047566312,9.437670283977639,9.538104619449769,23.804273047566312,23.804273047566312,429886.3681379669,447094.73683565605,426237.46262868197,229495.01637612627,229495.01637612627,423944.2760818268,237826.877755814,1813.1548064686056,1832.8677881019753,1764.462098744966,1101.8645846069055,1104.3893177499644,1792.316798641217,1130.159898532505,39.760096834024964,cooling,True,True,True,,False,False,-1.318767317570746e-11,26,12.791637734353742,12.811776334648172,26,26,15,14.999999999999956,17.570386460308924,19.068062965652473,16.072709954965376,0.14759108296762863,0.18448885370953577,0.00020800000000000001,0.01197656475141867,1571.795283391637,26.196588056527283,0.4366098009421214,1.5000000000008038,True,3.659245539651055,1.9207801949689616,2400.0000000000005,2606.0971419741604,-2608.017922169129,235.0550415519021,206.09714197416025,28.95789957774184,0.6439351088948517,0.9582059350893517,0.876803750361816,800,1600,240.63506728652212,10.210374489968387,9.97360869744866,constant,0.52,0.52,0.00020800000000000001,False,False,0.10400000000000001,0.19711417152924607,426.4529061831979,5540.712100872003,236.97582174687105,2606.0971419741736,2606.0971419741604,1.318767317570746e-11,1.000000000000005,True,True,True,False,0,False,0.0,none,1.0,,,
1.0,flow_scan,0.3,0.55,24,24,13.200000000000003,1064797.851515025,1597196.7772731862,1597196.7772731862,1064797.851515025,1064797.851515025,1597196.7772731862,1597196.7772731862,14.371298046783522,40.07457054570182,18.619889435291896,9.270920321411722,9.371298046783522,23.619889435291896,23.619889435291896,429839.41775747907,447052.9697264674,426222.7896152461,229195.11302570818,229195.11302570818,423905.77075362415,237518.24318576977,1813.4548651824055,1833.1889013562325,1764.8318170548291,1100.8619263015985,1103.3754359407972,1792.634299107984,1129.1453072157542,39.55832574982307,cooling,True,True,True,,False,False,3.228706191293895e-11,26,12.640201255037425,12.660273798877768,26,26,15,15.000000000000018,17.51495636302812,18.931004465583612,16.098908260472626,0.1459181031255139,0.18239762890689237,0.00022000000000000003,0.011961465854754329,1577.5153932164708,26.291923220274512,0.4381987203379085,1.5000000000006095,True,3.6059005181286574,2.2347230946929764,2400.0,2605.8993141160927,-2608.1340372107857,234.78232617630096,205.89931411609297,28.88301206020799,0.6438701827663711,0.9583913847334204,0.8769796154139841,800,1600,240.6229497891226,10.222234522873798,9.97411095701102,constant,0.55,0.55,0.00022000000000000003,False,False,0.11000000000000001,0.19285484006164574,434.8391750598085,6094.699349162662,237.01704927099394,2605.8993141160604,2605.8993141160927,-3.228706191293895e-11,0.9999999999999876,True,True,True,False,0,False,0.0,none,1.0,,,
1.0,flow_scan,0.3,0.5800000000000001,24,24,13.920000000000002,1060106.110222455,1590159.165334179,1590159.165334179,1060106.110222455,1060106.110222455,1590159.165334179,1590159.165334179,14.22268005879505,39.91742853291021,18.4556111907865,9.122352957425448,9.22268005879505,23.4556111907865,23.4556111907865,429797.4149274297,447015.54902265925,426209.34641136235,228928.1160438309,228928.1160438309,423871.2635357794,237243.51214069442,1813.7222867455675,1833.4750580319503,1765.1607950344824,1099.9686721573405,1102.472216779024,1792.9171773660207,1128.2415619032006,39.379295063527536,cooling,True,True,True,,False,False,-3.3651303965598345e-11,26,12.505166410369554,12.525181536468518,26,26,15,14.99999999999995,17.46717523983969,18.81006642872643,16.12428405095295,0.14445798668464707,0.18057248335580883,0.00023200000000000003,0.011948067790044758,1582.639794149458,26.377329902490967,0.43962216504151613,1.5000000000004683,True,3.5596068909013914,2.579494351595541,2400.0000000000005,2605.723433387884,-2608.30292773948,234.5399109714606,205.72343338788372,28.816477583576898,0.6438123951349846,0.9585563827175397,0.877136145126774,800,1600,240.67901221395755,10.23279999578425,9.971787643313332,constant,0.5800000000000001,0.5800000000000001,0.00023200000000000003,False,False,0.11600000000000002,0.1891785814907589,442.7341618276289,6671.106081712605,237.11940532305616,2605.723433387918,2605.723433387884,3.3651303965598345e-11,1.0000000000000129,True,True,True,False,0,False,0.0,none,1.0,,,
1.0,flow_scan,0.3,0.61,24,24,14.64,1055913.4061215708,1583870.1091827413,1583870.1091827413,1055913.4061215708,1055913.4061215708,1583870.1091827413,1583870.1091827413,14.08945059108106,39.77657408543217,18.308343181243345,8.98916902008682,9.08945059108106,23.308343181243345,23.308343181243345,429759.62398821895,446981.83697410487,426197.00026321126,228688.92861039183,228688.92861039183,423840.1693394385,236997.42728128267,1813.9620853439574,1833.7316328430759,1765.455372691384,1099.167967167837,1101.6626062722114,1793.1707660136312,1127.4315638572077,39.219391868701436,cooling,True,True,True,,False,False,-1.318767317570746e-11,26,12.38402588363482,12.403990655429153,26,26,15,15.0,17.42571300800688,18.702667804280168,16.148758211733593,0.1431727524111193,0.1789659405138991,0.000244,0.011936100362562617,1587.2561608038645,26.454269346731074,0.44090448911218455,1.5000000000003646,True,3.519061647482164,2.9563326086161554,2400.0,2605.5660626649633,-2608.5223952735796,234.323044682355,205.56606266496343,28.75698201739158,0.6437606387595156,0.958704110580801,0.8772763384993818,800,1600,240.79843893845333,10.24227046577261,9.966842021818197,constant,0.61,0.61,0.000244,False,False,0.122,0.1859836827471419,450.183513521322,7269.670349056119,237.27937729097115,2605.5660626649765,2605.5660626649633,1.318767317570746e-11,1.000000000000005,True,True,True,False,0,False,0.0,none,1.0,,,
1.0,flow_scan,0.3,0.64,24,24,15.360000000000003,1052142.6853111358,1578214.0279670053,1578214.0279670053,1052142.6853111358,1052142.6853111358,1578214.0279670053,1578214.0279670053,13.969289940392002,39.649549721671406,18.175521245847165,8.869049552786635,8.969289940392002,23.175521245847165,23.175521245847165,429725.42909463757,446951.2975401204,426185.62719343253,228473.33590896416,228473.33590896416,423811.9959627742,236775.64256249683,1814.1784171597237,1833.9630798158507,1765.7207850667705,1098.4458511782425,1100.9324807065002,1793.399481833056,1126.7011564322593,39.07565067116476,cooling,True,True,True,,False,False,0.025513003117339395,26,12.27469801789266,12.294618258950432,26,26,15,15.000000000000009,17.389516151875085,18.60673894065502,16.17229336309515,0.14203232056817797,0.17754040071022245,0.00025600000000000004,0.011925341803952227,1591.4380894639721,26.52396815773287,0.4420661359622145,1.5000000000002867,True,3.4832442011883753,3.36646296009554,2400.0,2605.4243690822977,-2608.7908320423935,234.12781267593107,205.42436908229763,28.703443593633438,0.6437139982980309,0.9588371961829893,0.8774026747801918,800,1600,240.97751983721497,10.250811181164407,9.959435227075318,constant,0.6400000000000001,0.6400000000000001,0.00025600000000000004,False,False,0.12800000000000003,0.18318955452663493,457.2270046911845,7890.14756272392,237.4942756360266,2605.3988560791804,2605.4243690822977,-0.025513003117339395,0.9999902077360525,True,True,True,False,0,False,0.0,none,1.0,,,
1.0,flow_scan,0.3,0.67,24,24,16.080000000000002,1048738.8410846088,1573108.2616271556,1573108.2616271556,1048738.8410846088,1048738.8410846088,1573108.2616271556,1573108.2616271556,13.860541910791653,39.53460075705016,18.05531464465855,8.760338891820766,8.860541910791653,23.05531464465855,23.05531464465855,429694.39148411545,446923.54914509325,426175.1405743792,228278.32758539502,228278.32758539502,423786.39305915893,236575.05373010883,1814.3742487307238,1834.1725782898006,1765.9607714017568,1097.7923569421107,1100.271755872122,1793.6064778269592,1126.0402314289586,38.94595025478166,cooling,True,True,True,,False,False,-8.185452315956354e-12,26,12.175697003079733,12.195577649699176,26,26,15,14.999999999999968,17.357742268506087,18.520603648193912,16.19488088881826,0.1410151738901186,0.17626896736264824,0.000268,0.011915633507796133,1595.2379347868484,26.58729891311414,0.44312164855190234,1.5000000000002311,True,3.451425500254371,3.811097823847362,2400.0000000000005,2605.2963283362496,-2609.107426160097,233.9514172628596,205.2963283362495,28.65508892661009,0.6436718197851415,0.9589575173195083,0.8775169252579725,800,1600,241.21394058696134,10.25854011947893,9.949673696967624,constant,0.67,0.67,0.000268,False,False,0.134,0.180731712681994,463.8998662341353,8532.308560852302,237.76251508670697,2605.296328336258,2605.2963283362496,8.185452315956354e-12,1.000000000000003,True,True,True,False,0,False,0.0,none,1.0,,,
1.0,flow_scan,0.3,0.7,24,24,16.799999999999997,1045646.2976538723,1568469.446481002,1568469.446481002,1045646.2976538723,1045646.2976538723,1568469.446481002,1568469.446481002,13.761509034329833,39.42992989842952,17.94584701964726,8.661340125084621,8.761509034329833,22.94584701964726,22.94584701964726,429666.05204886635,446898.1893361746,426165.4312627279,228100.8294892099,228100.8294892099,423762.9905615196,236392.49289262,1814.5526246320428,1834.363389668637,1766.1791401920632,1097.1972731242975,1099.670102454681,1793.7949850892412,1125.4384408246594,38.82815706381777,cooling,True,True,True,,False,False,2.1373125491663814e-11,26,12.085493791601948,12.105338953630252,26,26,15,15.000000000000002,17.32971105411258,18.442890753548852,16.216531354676306,0.14010101845015013,0.17512627306268766,0.00028,0.011906815915576317,1598.7108569416957,26.645180949028262,0.444086349150471,1.5000000000001852,True,3.4229305844504543,4.291437718599797,2400.0,2605.1798865119176,-2609.4713242305174,233.79102210568638,205.17988651191772,28.611135593768665,0.64363343608782,0.9590669862511672,0.8776208969186384,800,1600,241.50539040873664,10.265578114950317,9.937666384746574,constant,0.7,0.7,0.00028,False,False,0.13999999999999999,0.17855808818282862,470.2327318908128,9195.937968428138,238.0824598242862,2605.1798865118963,2605.1798865119176,-2.1373125491663814e-11,0.9999999999999918,True,True,True,False,0,False,0.0,none,1.0,,,
1.0,flow_scan,0.3,0.73,24,24,17.52,1042825.8478598756,1564238.7717899708,1564238.7717899708,1042825.8478598756,1042825.8478598756,1564238.7717899708,1564238.7717899708,13.67099712630818,39.334272595712946,17.845798329906756,8.570859457794882,8.67099712630818,22.845798329906756,22.845798329906756,429640.0889190949,446874.93634186237,426156.4248187492,227938.6775975079,227938.6775975079,423741.5294182022,236225.72980573063,1814.7156860087073,1834.5378078035662,1766.3785731398782,1096.653415614766,1099.1202531196882,1793.9672764991024,1124.8885034846498,38.720765350921724,cooling,True,True,True,,False,False,1.5006662579253316e-11,26,12.003013317034288,12.022826516422533,26,26,15,15.000000000000044,17.304868995918383,18.37246968557082,16.237268306265946,0.13927544086349372,0.17409430107936713,0.000292,0.011898776435299742,1601.8954589195644,26.698257648659407,0.44497096081099013,1.5000000000001508,True,3.3972796866380657,4.808671960877117,2400.0,2605.073596380012,-2609.8822683408894,233.64462830508455,205.07359638001228,28.571031925072276,0.6435983774257124,0.9591669499436463,0.8777158621949345,800,1600,241.85057995259973,10.27201017806482,9.923482509202069,constant,0.73,0.73,0.000292,False,False,0.146,0.1766262811068142,476.25305149650205,9880.832796322842,238.45330026596167,2605.073596379997,2605.073596380012,-1.5006662579253316e-11,0.9999999999999942,True,True,True,False,0,False,0.0,none,1.0,,,
1.0,flow_scan,0.3,0.76,24,24,18.240000000000006,1040243.2473015594,1560364.8709524677,1560364.8709524677,1040243.2473015594,1040243.2473015594,1560364.8709524677,1560364.8709524677,13.587956427118627,39.24651750697234,17.75400818111774,8.48784747573552,8.587956427118627,22.75400818111774,22.75400818111774,429616.21684975724,446853.5396879356,426148.05081947386,227789.97235020399,227789.97235020399,423721.7792180308,236072.8073099984,1814.8653160369615,1834.6978497978146,1766.561421727965,1096.1544702179165,1098.6158209767973,1794.1253499090387,1124.3840218303371,38.622461390202034,cooling,True,True,True,,False,False,2.8194335754960775e-11,26,11.92730900441245,11.947093266817681,26,26,15,14.999999999999998,17.282761975630677,18.308400448699388,16.257123502561967,0.1385262059410889,0.1731577574263611,0.00030400000000000007,0.011891416827137721,1604.826039794882,26.747100663248034,0.4457850110541339,1.5000000000001235,True,3.374068952917066,5.363979292783581,2399.9999999999995,2604.9761908527194,-2610.3401701455027,233.51048632500815,204.9761908527196,28.534295472288534,0.6435662315925437,0.9592585894628929,0.8778029375838244,800,1600,242.24853457070878,10.277911017064968,9.90718067398453,constant,0.7600000000000001,0.7600000000000001,0.00030400000000000007,False,False,0.15200000000000002,0.1749014938159141,481.9851914552076,10586.801235757064,238.8744656177917,2604.976190852691,2604.9761908527194,-2.8194335754960775e-11,0.9999999999999892,True,True,True,False,0,False,0.0,none,1.0,,,
1.0,flow_scan,0.3,0.79,24,24,18.96,1037869.7647908921,1556804.6471864416,1556804.6471864416,1037869.7647908921,1037869.7647908921,1556804.6471864416,1556804.6471864416,13.51150279232644,39.165728757476074,17.669499248183627,8.411420326389987,8.51150279232644,22.669499248183627,22.669499248183627,429594.1944433768,446833.7870232751,426140.2474469188,227653.11524732306,227653.11524732306,423703.5445516929,235932.07870247387,1815.003101264255,1834.8452148421866,1766.7296634654244,1095.6951194451597,1098.151427544237,1794.2708878841033,1123.919609105961,38.53214368930313,cooling,True,True,True,,False,False,9.868017514236271e-11,26,11.857582841339024,11.877340784943714,26,26,15,14.999999999999972,17.26301475716261,18.24989580647599,16.276133707849226,0.1378432321099535,0.17230404013744186,0.00031600000000000004,0.01188465471985504,1607.531668110968,26.792194468516133,0.4465365744752689,1.5000000000000997,True,3.352967467926622,5.958528450115067,2400.0000000000005,2604.8866053230668,-2610.8451337731817,233.38712647693959,204.88660532306636,28.500521153873223,0.6435366517876677,0.9593428980593776,0.8778830624289412,800,1600,242.69862239498127,10.28334354267453,9.888807675612211,constant,0.79,0.79,0.00031600000000000004,False,False,0.15800000000000003,0.173354959119474,487.4509305201978,11313.661614142531,239.34565492705465,2604.886605322968,2604.8866053230668,-9.868017514236271e-11,0.9999999999999621,True,True,True,False,0,False,0.0,none,1.0,,,
1.0,flow_scan,0.3,0.8200000000000001,24,24,19.68,1035681.1238354937,1553521.685753329,1553521.685753329,1035681.1238354937,1035681.1238354937,1553521.685753329,1553521.685753329,13.440886524807524,39.091112892011324,17.591442822891793,8.34082856140617,8.440886524807524,22.591442822891793,22.591442822891793,429573.8161177029,446815.4972098512,426132.96034878877,227526.75192921917,227526.75192921917,423686.6586816737,235802.14898861307,1815.1303873558886,1834.9813439959346,1766.8849728585128,1095.2708548275666,1097.7225128149619,1794.405317069214,1123.490698848975,38.44888210027239,cooling,True,True,True,,False,False,6.775735528208315e-11,26,11.793157571647725,11.812891477086579,26,26,15,15.000000000000005,17.24531518568793,18.196291952661568,16.29433841871429,0.13721813983902395,0.17152267479877992,0.000328,0.011878420553347466,1610.0371330344321,26.833952217240537,0.44723253695400894,1.5000000000000853,True,3.333701580197177,6.593478678615278,2400.0,2604.8039390592367,-2611.397417737852,233.27330551648055,204.8039390592367,28.469366457243837,0.6435093442395694,0.9594207167862044,0.8779570324422205,800,1600,243.200485775293,10.28836109080832,9.868401341177824,constant,0.82,0.82,0.000328,False,False,0.164,0.17196273308969945,492.6698062591112,12061.24148527185,239.86678419509582,2604.803939059169,2604.8039390592367,-6.775735528208315e-11,0.999999999999974,True,True,True,False,0,False,0.0,none,1.0,,,
1.0,flow_scan,0.3,0.85,24,24,20.400000000000002,1033656.6773305081,1550485.0159958373,1550485.0159958373,1033656.6773305081,1033656.6773305081,1550485.0159958373,1550485.0159958373,13.375467938423071,39.02199297033678,17.51913180237068,8.275432707580308,8.375467938423071,22.51913180237068,22.51913180237068,429554.90575986105,446798.5148469769,426126.1416388305,227409.7276078183,227409.7276078183,423670.9785226586,235681.82889353007,1815.2483228161184,1835.1074670645844,1767.0287769187269,1094.877829791128,1097.3251863803741,1794.5298547246225,1123.0933955784299,38.37188597052173,cooling,True,True,True,,False,False,1.4279066817834973e-10,26,11.733454860067297,11.753166726061703,26,26,15,14.999999999999945,17.229401943542342,18.147025606892726,16.31177828019196,0.13664390866055331,0.17080488582569164,0.00034,0.011872655197319863,1612.3636971500812,26.872728285834686,0.44787880476391145,1.5000000000000726,True,3.316043086974925,7.269980204910298,2400.0,2604.727425048698,-2611.997405253608,233.16796493787848,204.72742504869805,28.440539889180428,0.6434840585164973,0.9594927623667712,0.8780255259475389,800,1600,243.7539882297637,10.293009164614089,9.84599274633303,constant,0.85,0.85,0.00034,False,False,0.17,0.1707047594349304,497.6594058008271,12829.376832194643,240.43794514278878,2604.7274250485552,2604.727425048698,-1.4279066817834973e-10,0.9999999999999452,True,True,True,False,0,False,0.0,none,1.0,,,
1.0,flow_scan,0.3,0.88,24,24,21.12,1031778.6181381345,1547667.927207265,1547667.927207265,1031778.6181381345,1031778.6181381345,1547667.927207265,1547667.927207265,13.314693498269946,38.95778329415259,17.451954314944544,8.214679414958141,8.314693498269946,22.451954314944544,22.451954314944544,429537.31035935687,446782.70471837244,426119.74855107785,227301.04375320152,227301.04375320152,423656.3795408219,235570.0902074818,1815.3579017520315,1835.2246484229138,1767.1623089262418,1094.5127160815937,1096.9560821794291,1794.6455541543216,1122.7243292257854,38.30047378102522,cooling,True,True,True,,False,False,0.0021559339807026845,26,11.677973859185556,11.697665445731042,26,26,15,14.999999999999972,17.215054976092773,18.10161596116751,16.328493991018036,0.13611457428203727,0.17014321785254657,0.00035200000000000005,0.011867307680644023,1614.529858713672,26.9088309785612,0.4484805163093533,1.5000000000000613,True,3.2997990119889424,7.9891746676220565,2399.9999999999995,2604.65640093248,-2612.6455756001023,233.07019081706656,204.65640093248055,28.41378988458601,0.6434605781224444,0.9595596541812802,0.8780891293520775,800,1600,244.35916449667755,10.297327133883565,9.821608307359519,constant,0.8800000000000001,0.8800000000000001,0.00035200000000000005,False,False,0.17600000000000002,0.16956413811192309,502.4356041745154,13617.911365264868,241.0593654846886,2604.6542449984995,2604.65640093248,-0.0021559339807026845,0.9999991722770113,True,True,True,False,0,False,0.0,none,1.0,,,
1.0,flow_scan,0.3,0.91,24,24,21.84,1030032.1627446017,1545048.2441169547,1545048.2441169547,1030032.1627446017,1030032.1627446017,1545048.2441169547,1545048.2441169547,13.258103048533371,38.89799699422167,17.389401708963078,8.158108681699616,8.258103048533371,22.389401708963078,22.389401708963078,429520.902512483,446767.9541705609,426113.74508532684,227199.8705284931,227199.8705284931,423642.7579701588,235466.07847650247,1815.4599506420957,1835.333772936226,1767.2865935614373,1094.1727470122773,1096.6124021379658,1794.7532909454367,1122.3806985171198,38.234079869208436,cooling,True,True,True,,False,False,3.069544618483633e-10,26,11.62629807128718,11.64597094189226,26,26,15,15.00000000000001,17.20208797435913,18.059650372327667,16.344525576390595,0.13562522032756533,0.16953152540945665,0.000364,0.011862335697209753,1616.5510264951618,26.942517108252694,0.4490419518042116,1.5000000000000506,True,3.2848106692429058,8.752195513322505,2399.9999999999995,2604.590316555237,-2613.3425120685597,232.9792240941686,204.5903165552377,28.38890753893088,0.6434387231470141,0.9596219068668738,0.8781483299667258,800,1600,245.016230276734,10.3013477245934,9.79526946965642,constant,0.91,0.91,0.000364,False,False,0.182,0.1685265489838976,507.0128081620905,14426.695901081051,241.7314196074911,2604.5903165549303,2604.590316555237,-3.069544618483633e-10,0.9999999999998821,True,True,True,False,0,False,0.0,none,1.0,,,
1.0,flow_scan,0.3,0.9400000000000001,24,24,22.560000000000002,1028403.7397571118,1542605.6096357116,1542605.6096357116,1028403.7397571118,1028403.7397571118,1542605.6096357116,1542605.6096357116,13.205272123367081,38.84218504466048,17.331004785287575,8.105296184717645,8.205272123367081,22.331004785287575,22.331004785287575,429505.5640186979,446754.1584664912,426108.09657989285,227105.44326777794,227105.44326777794,423630.01730261074,235369.0065027052,1815.555232206417,1835.4356570884104,1767.4025743895932,1093.8553707600822,1096.291565616635,1794.8538727921832,1122.0599202740943,38.17218535915165,cooling,True,True,True,,False,False,3.878994903061539e-10,26,11.578042874626306,11.597698416884114,26,26,15,14.999999999999988,17.190342344523287,18.020772817636214,16.35991187141036,0.13517142466000226,0.1689642808250028,0.00037600000000000003,0.011857700435631243,1618.4415268981145,26.97402544830191,0.4495670908050318,1.5000000000000429,True,3.2709361849326966,9.56016836130334,2399.9999999999995,2604.528665897625,-2614.0888342589287,232.89436678839368,204.52866589762553,28.365700890768153,0.6434183278732835,0.9596799942172934,0.8782035766603963,800,1600,245.72547133462973,10.305101119859305,9.766997238685411,constant,0.9400000000000001,0.9400000000000001,0.00037600000000000003,False,False,0.18800000000000003,0.1675797942149309,511.4040630347435,15255.587810590436,242.45453514969702,2604.5286658972373,2604.528665897625,-3.878994903061539e-10,0.9999999999998511,True,True,True,False,0,False,0.0,none,1.0,,,
1.0,flow_scan,0.3,0.97,24,24,23.280000000000005,1026880.6097253322,1540320.914588037,1540320.914588037,1026880.6097253322,1026880.6097253322,1540320.914588037,1540320.914588037,13.155800211572227,38.78992384253178,17.27632082537309,8.05584154824328,8.155800211572227,22.27632082537309,22.27632082537309,429491.18266503006,446741.2179527393,426102.7688689341,227017.04127269975,227017.04127269975,423618.0656813339,235278.13250328883,1815.6444664802236,1835.531071548415,1767.511140096754,1093.5581797845866,1095.9911380227088,1794.9480618392834,1121.7595579209865,38.11430358946623,cooling,True,True,True,,False,False,0.023212646859974484,26,11.532844927326892,11.552484368065402,26,26,15,14.999999999999954,17.179682421345746,17.984674634067687,16.374690208623804,0.13474912525744004,0.16843640657180003,0.00038800000000000005,0.011853365489025908,1620.21499262098,27.003583210349667,0.45005972017249446,1.5000000000000375,True,3.258046073015893,10.414211340570308,2400.0000000000005,2604.4709729638116,-2614.8851843043817,232.81496252191874,204.47097296381142,28.343989558107324,0.6433992361814246,0.9597343623431974,0.8782552923099226,800,1600,246.48721993550495,10.308615795146967,9.736813132250738,constant,0.9700000000000001,0.9700000000000001,0.00038800000000000005,False,False,0.19400000000000003,0.1667134323471749,515.6211985160204,16104.450526655113,243.22917386248906,2604.4477603169516,2604.4709729638116,-0.023212646859974484,0.999991087385077,True,True,True,False,0,False,0.0,none,1.0,,,
1.0,flow_scan,0.3,1.0,24,24,24.0,1025457.1253071139,1538185.6879607046,1538185.6879607046,1025457.1253071139,1025457.1253071139,1538185.6879607046,1538185.6879607046,13.109514889261618,38.74103081909794,17.225159229500434,8.009572404937273,8.109514889261618,22.225159229500434,22.225159229500434,429477.7118214925,446729.09176345245,426097.7508097598,226934.3522764436,226934.3522764436,423606.8655122162,235193.13470911095,1815.7279624771506,1835.6203473684768,1767.612677127159,1093.2801370073532,1095.7100702931236,1795.0361860222442,1121.4785605449472,38.060217854426256,cooling,True,True,True,,False,False,6.530171958729625e-10,26,11.490548823269705,11.51017330820595,26,26,15,15.000000000000005,17.169991826023846,17.95108728251347,16.388896369534223,0.13435632177126539,0.16794540221408172,0.0004,0.011849314662257297,1621.8770019867602,27.031283366446004,0.45052138944076675,1.5000000000000329,True,3.2460748014222975,11.315435402000851,2400.0,2604.417029290437,-2615.7324646924376,232.7407233367057,204.41702929043717,28.323694046268542,0.6433813802338119,0.9597852056897483,0.8783036606563576,800,1600,247.30223354012887,10.311904017450024,9.704724319081253,constant,1.0,1.0,0.0004,False,True,0.2,0.165918484043359,519.6753118018535,16973.153103001274,244.05615873870656,2604.417029289784,2604.417029290437,-6.530171958729625e-10,0.9999999999997493,True,True,True,False,0,False,0.0,none,1.0,,,
1.0,flow_scan,0.6,0.4,24,24,9.600000000000003,1339397.2280960237,2009095.8421440343,2009095.8421440343,1339397.2280960237,1339397.2280960237,2009095.8421440343,2009095.8421440343,22.32124425854977,48.725585611425004,27.406517421702176,17.218463070161647,17.32124425854977,32.406517421702176,32.406517421702176,431835.6475162017,449028.0469947052,426380.44687174173,243777.03736768855,243777.03736768855,425456.34999730095,252586.99318579212,1799.2035713972673,1818.756149267592,1746.488372993126,1148.7972301272303,1151.894492405836,1777.426418679659,1177.8664504246967,50.22330243423386,cooling,True,True,True,,False,False,3.128661774098873e-10,26,20.408914881564897,20.45321022751692,26,26,15,14.99999999999999,20.850310319032985,24.761984696496654,16.938635941569316,0.6973374397707086,0.8716717997133857,0.00016000000000000004,0.02552395764389281,2597.151952576615,43.285865876276915,0.7214310979379486,1.4999999999999991,True,38.027977765659195,0.9479860139159535,4800.000000000001,5238.818076086209,-5239.766062100125,489.5472254311194,438.81807608620824,50.72914934491115,0.6367147089827216,0.978397633150518,0.8963753715481962,800,1600,528.5231892106946,9.804978458968662,9.08190992937964,constant,0.4000000000000001,0.4000000000000001,0.00016000000000000004,True,False,0.08000000000000002,0.2233042563235414,471.96881083788793,3554.9475521848244,490.49521144503535,5238.818076085896,5238.818076086209,-3.128661774098873e-10,0.9999999999999403,True,True,True,False,0,False,0.0,none,1.0,,,
1.0,flow_scan,0.6,0.43000000000000005,24,24,10.32,1317638.1539241355,1976457.2308862025,1976457.2308862025,1317638.1539241355,1317638.1539241355,1976457.2308862025,1976457.2308862025,21.738577222847255,48.10498036863447,26.76268331627915,16.635948232005035,16.738577222847255,31.76268331627915,31.76268331627915,431707.0388902393,448922.193864485,426410.1379956271,242687.06942301002,242687.06942301002,425363.7747442072,251455.61946175396,1800.248319335975,1819.87317535957,1747.8938414869865,1145.270290389461,1148.3211747168632,1778.551044871608,1174.2645294867214,49.36408285234388,cooling,True,True,True,,False,False,-2.000888343900442e-11,26,19.95678998539023,19.998808979760295,26,26,15,14.999999999999984,20.628317414453193,24.266076865447474,16.99055796345891,0.6451658923977086,0.8064573654971358,0.000172,0.025394142288400826,2627.94414978275,43.799069163045836,0.7299844860507639,1.4999999999999996,True,33.37484093526397,1.1513103476930442,4800.0,5237.164094932867,-5238.315405280559,487.5065023322001,437.16409493286653,50.34240739933358,0.636582227503165,0.9787603088124436,0.8967349006454299,800,1600,522.0326536151571,9.846022518750223,9.194827118110823,constant,0.43,0.43,0.000172,False,False,0.08600000000000001,0.21489035993439806,488.28653868613986,4016.198887301317,488.65781267989314,5237.164094932887,5237.164094932867,2.000888343900442e-11,1.0000000000000038,True,True,True,False,0,False,0.0,none,1.0,,,
1.0,flow_scan,0.6,0.46,24,24,11.040000000000001,1299142.4788170613,1948713.71822559,1948713.71822559,1299142.4788170613,1299142.4788170613,1948713.71822559,1948713.71822559,21.237584753596195,47.57156954122502,26.209067633816574,16.135090147569542,16.237584753596195,31.209067633816574,31.209067633816574,431594.09813295945,448828.3714768773,426429.9605171225,241752.7270432556,241752.7270432556,425281.3397095091,250486.51509772998,1801.1461354865824,1820.8328403946964,1749.0931412341383,1142.2398894505059,1145.2513778160683,1779.516163271427,1171.1721852256558,48.63573032033209,cooling,True,True,True,,False,False,0.04359624922017247,26,19.56452521718444,19.60481921235444,26,26,15,14.999999999999979,20.44501832137729,23.84476717864095,17.04526946411363,0.6058407675587659,0.7573009594484573,0.00018400000000000003,0.02528426745154461,2654.9156010972997,44.248593351621665,0.7374765558603611,1.4999999999999984,True,30.05390951609904,1.3803511134211486,4800.000000000001,5235.755976560646,-5237.136327674067,485.76922296964386,435.75597656064514,50.013246408998725,0.6364686309509805,0.9790710713716192,0.8970431965548297,800,1600,517.2034835991641,9.881235313048965,9.280679949402721,constant,0.46,0.46,0.00018400000000000003,False,False,0.09200000000000001,0.20793876579476286,503.6579443476533,4501.144935068962,487.14957408306503,5235.7123803114255,5235.755976560646,-0.04359624922017247,0.9999916733611316,True,True,True,False,0,False,0.0,none,1.0,,,
1.0,flow_scan,0.6,0.49,24,24,11.76,1283205.545102686,1924808.3176540295,1924808.3176540295,1283205.545102686,1283205.545102686,1924808.3176540295,1924808.3176540295,20.80158344851185,47.107508590374096,25.727248807781393,15.69920835038289,15.801583448511849,30.727248807781393,30.727248807781393,431494.054270946,448744.63045000867,426443.00750121864,240941.70201056637,240941.70201056637,425207.4947721379,249645.84714827378,1801.9271950438651,1821.6675003661098,1750.1302319544045,1139.6041530255513,1142.581713294333,1780.3547829401314,1168.4843792517304,48.00960029845851,cooling,True,True,True,,False,False,0.010220402621598623,26,19.220666684698358,19.259607542541712,26,26,15,15.000000000000012,20.29079909970895,23.481815547475662,17.099782651942235,0.5751115634370217,0.7188894542962772,0.000196,0.025189927823305248,2678.7676359962234,44.64612726660372,0.744102121110062,1.5000000000000004,True,27.571460046960325,1.636412476733039,4800.0,5234.540768861017,-5236.17718133775,484.27005650514195,434.54076886101717,49.72928764412478,0.63637001992513,0.9793406782059864,0.8973108351918166,800,1600,513.4779290288353,9.911824890930529,9.348016202134458,constant,0.48999999999999994,0.48999999999999994,0.000196,False,False,0.098,0.20208632811608682,518.1736411094267,5009.4259491827725,485.906468981875,5234.530548458395,5234.540768861017,-0.010220402621598623,0.9999980475073034,True,True,True,False,0,False,0.0,none,1.0,,,
1.0,flow_scan,0.6,0.52,24,24,12.48,1269326.8394282316,1903990.2591423453,1903990.2591423453,1269326.8394282316,1269326.8394282316,1903990.2591423453,1903990.2591423453,20.41856341557593,46.699957079524836,25.303964036522018,15.316295206074187,15.418563415575932,30.303964036522018,30.303964036522018,431404.8342395383,448669.4754803356,426451.29912046087,240230.83182202675,240230.83182202675,425141.02773274033,248909.390007106,1802.613173828429,1822.40039266914,1751.036377991107,1137.2898396825517,1140.2378658912432,1781.0905678387853,1166.125694697342,47.4654249449107,cooling,True,True,True,,False,False,0.04084429862086836,26,18.916787709649157,18.954638984878894,26,26,15,14.999999999999988,20.159859320624776,23.166333325490484,17.153385315759067,0.550438532999615,0.6880481662495187,0.00020800000000000001,0.025108016463018405,2700.0171343106003,45.000285571843335,0.7500047595307222,1.4999999999999984,True,25.65024365429582,1.9207801949689616,4800.0,5233.480896502045,-5235.4016766970135,482.96263006490733,433.480896502045,49.4817335628623,0.6362835912723798,0.9795768556082606,0.897545419702116,800,1600,510.53365391417213,9.93865715729374,9.401926715700798,constant,0.52,0.52,0.00020800000000000001,False,False,0.10400000000000001,0.19711417152924607,531.9124757753256,5540.712100872003,484.8834102598763,5233.440052203424,5233.480896502045,-0.04084429862086836,0.999992195577011,True,True,True,False,0,False,0.0,none,1.0,,,
1.0,flow_scan,0.6,0.55,24,24,13.200000000000003,1257144.9102373414,1885717.3653560139,1885717.3653560139,1257144.9102373414,1257144.9102373414,1885717.3653560139,1885717.3653560139,20.079768075912625,46.339555582183664,24.929542337504017,14.977595857258848,15.079768075912625,29.929542337504017,29.929542337504017,431324.8860052096,448601.7687622563,426456.2009882005,239603.27767643862,239603.27767643862,425081.00484441564,248259.54774966004,1803.2198503324744,1823.0484301336571,1751.8341745018658,1135.2435982833085,1138.1657098835874,1781.740718991432,1164.0412476052004,46.9886093932045,cooling,True,True,True,,False,False,4.956746124662459e-10,26,18.64665115938442,18.683607487682735,26,26,15,15.0,20.047767126134886,22.889916264857504,17.205617987412268,0.5302173290742939,0.6627716613428672,0.00022000000000000003,0.025036301551199132,2719.0468959136506,45.31744826522751,0.7552908044204585,1.5000000000000013,True,24.123753636146397,2.2347230946929764,4800.000000000001,5232.549246570135,-5234.783969664828,481.81347508607394,432.54924657013447,49.264228515939465,0.6362073029152338,0.9797852285645342,0.897752489161623,800,1600,508.1719518169133,9.9623614701571,9.445621669669341,constant,0.55,0.55,0.00022000000000000003,False,False,0.11000000000000001,0.19285484006164574,544.9435827075556,6094.699349162662,484.0481981807669,5232.54924656964,5232.549246570135,-4.956746124662459e-10,0.9999999999999053,True,True,True,False,0,False,0.0,none,1.0,,,
1.0,flow_scan,0.6,0.5800000000000001,24,24,13.920000000000002,1246361.6181608192,1869542.427241228,1869542.427241228,1246361.6181608192,1246361.6181608192,1869542.427241228,1869542.427241228,19.777805803815056,46.018409892861314,24.59581901318836,14.675720255768908,14.777805803815056,29.59581901318836,29.59581901318836,431252.8212797629,448540.4572005808,426458.6719451378,239044.91993588614,239044.91993588614,425026.54330699804,247681.59127972464,1803.7605178635497,1823.625854206263,1752.542368307767,1133.4204725126588,1136.319651096512,1782.3196830378517,1162.1848765432735,46.56718118339187,cooling,True,True,True,,False,False,9.094947017729282e-13,26,18.404860318057445,18.44106832194659,26,26,15,15.000000000000007,19.951090001661356,22.645983753532903,17.25619624978981,0.5133378904544953,0.641672363068119,0.00023200000000000003,0.02497295879326199,2736.1950064552916,45.603250107588195,0.7600541684598032,1.4999999999999993,True,22.882846918724926,2.579494351595541,4800.0,5231.723419483502,-5234.302913835098,480.7949391101639,431.72341948350135,49.071519626662564,0.6361394395352861,0.9799705150545386,0.897936696843186,800,1600,506.25728038048436,9.98346615062889,9.481345130271503,constant,0.5800000000000001,0.5800000000000001,0.00023200000000000003,False,False,0.11600000000000002,0.1891785814907589,557.3268635902231,6671.106081712605,483.37443346175945,5231.723419483501,5231.723419483502,-9.094947017729282e-13,0.9999999999999998,True,True,True,False,0,False,0.0,none,1.0,,,
1.0,flow_scan,0.6,0.61,24,24,14.64,1236752.747445524,1855129.1211682872,1855129.1211682872,1236752.747445524,1236752.747445524,1855129.1211682872,1855129.1211682872,19.507071768950993,45.73053566481963,24.296602641247375,14.405064803733637,14.507071768950993,29.296602641247375,29.296602641247375,431187.5661986996,448484.71730289725,426459.3849221777,238545.07777398697,238545.07777398697,424976.9478925773,247164.38627038684,1804.2452460039583,1824.1434510404608,1753.1750783865125,1131.7863972223136,1134.6651450574172,1782.8383906475196,1160.5216282621473,46.19215671448823,cooling,True,True,True,,False,False,0.0018145220001315465,26,18.187282525305818,18.22285587891162,26,26,15,15.000000000000025,19.86713988146954,22.429321638033628,17.304958124905454,0.49904184999126305,0.6238023124890788,0.000244,0.024916621661456098,2751.7213562756365,45.86202260459394,0.764367043409899,1.500000000000001,True,21.85566006463208,2.9563326086161554,4800.0,5230.9865698843305,-5233.942902492947,479.8862241716147,430.9865698843308,48.89965428728391,0.6360787020697238,0.9801362862579943,0.8981015669460087,800,1600,504.69821684486294,10.00237089173755,9.510633958660195,constant,0.61,0.61,0.000244,False,False,0.122,0.1859836827471419,569.115377544973,7269.670349056119,482.84255678023084,5230.98475536233,5230.9865698843305,-0.0018145220001315465,0.9999996531205011,True,True,True,False,0,False,0.0,none,1.0,,,
1.0,flow_scan,0.6,0.64,24,24,15.360000000000003,1228137.5098877447,1842206.2648316163,1842206.2648316163,1228137.5098877447,1228137.5098877447,1842206.2648316163,1842206.2648316163,19.262986329147736,45.47104537080776,24.026833880937772,14.161050908204288,14.262986329147736,29.026833880937772,29.026833880937772,431128.216315093,448433.84417414,426458.8232571403,238095.05657928885,238095.05657928885,424931.61791938293,246698.8776067459,1804.682254264188,1824.6100223732738,1753.7437304303066,1130.313564783779,1133.1739980032135,1783.3057486851644,1159.0229995934612,45.85631542456302,cooling,True,True,True,,False,False,2.9103830456733704e-11,26,17.99049770711821,18.025526166538196,26,26,15,15.000000000000025,19.793788129537376,22.23575034489079,17.351825914183962,0.4867809308807045,0.6084761636008806,0.00025600000000000004,0.02486619400816702,2765.84354449525,46.097392408254166,0.7682898734709027,1.4999999999999993,True,20.992141467390972,3.36646296009554,4800.0,5230.325099776203,-5233.691562736299,479.07054129516314,430.32509977620356,48.74544151895958,0.6360240321431394,0.980285449273697,0.8982499708974451,800,1600,503.42914572264965,10.019401291140216,9.534608873528406,constant,0.6400000000000001,0.6400000000000001,0.00025600000000000004,False,False,0.12800000000000003,0.18318955452663493,580.3560042007402,7890.14756272392,482.43700425525867,5230.325099776174,5230.325099776203,-2.9103830456733704e-11,0.9999999999999944,True,True,True,False,0,False,0.0,none,1.0,,,
1.0,flow_scan,0.6,0.67,24,24,16.080000000000002,1220367.6203642802,1830551.4305464202,1830551.4305464202,1220367.6203642802,1220367.6203642802,1830551.4305464202,1830551.4305464202,19.041744992534973,45.23588052497462,23.782309444461248,13.93987498108396,14.041744992534973,28.782309444461248,28.782309444461248,431073.9991245992,448387.22711140395,426457.33696316864,237687.65886117745,237687.65886117745,424890.02890899195,246277.57596705895,1805.078365543862,1825.032872164074,1754.2577320900175,1128.9788943160552,1131.8228125885455,1783.7291385579072,1157.6653548360107,45.55375251415402,cooling,True,True,True,,False,False,0.02728187018783501,26,17.811632600812743,17.846188091427983,26,26,15,14.999999999999982,19.72933227833653,22.061884878190142,17.396779678482915,0.4761477828195348,0.5951847285244185,0.000268,0.024820780999638685,2778.7466066962234,46.31244344493705,0.7718740574156175,1.5,True,20.256340106316063,3.811097823847362,4800.000000000001,5229.7278402572965,-5233.538938081144,478.33410091790154,429.72784025729567,48.60626066060587,0.6359745531511114,0.980420410016415,0.8983842871178688,800,1600,502.401538848065,10.034827102623495,9.554110863206581,constant,0.67,0.67,0.000268,False,False,0.134,0.180731712681994,591.0903355472182,8532.308560852302,482.1451987417489,5229.700558387109,5229.7278402572965,-0.02728187018783501,0.9999947833097589,True,True,True,False,0,False,0.0,none,1.0,,,
1.0,flow_scan,0.6,0.7,24,24,16.799999999999997,1213329.0485152693,1819993.5727729038,1819993.5727729038,1213329.0485152693,1213329.0485152693,1819993.5727729038,1819993.5727729038,18.840411532201472,45.02190921749076,23.559785225647317,13.738601501274161,13.840411532201472,28.559785225647317,28.559785225647317,431024.3136740123,448344.38919765427,426455.1839166272,237317.3355036519,237317.3355036519,424851.77026778844,245894.70897542735,1805.4388429008065,1825.4176342286564,1754.7243217221228,1127.7645780815708,1130.5935378105848,1784.1142513047782,1156.4304639032262,45.27993210044772,cooling,True,True,True,,False,False,0.012299903363782505,26,17.6484606117682,17.68260200373829,26,26,15,14.999999999999982,19.672398810638498,21.904958721658943,17.439838899618053,0.46684482953154666,0.5835560369144333,0.00028,0.024779695834078425,2790.574068905357,46.509567815089284,0.7751594635848214,1.5,True,19.622571820375267,4.291437718599797,4800.0,5229.186203299115,-5233.477641017715,477.6662992779985,429.18620329911414,48.48009597888438,0.635929588842887,0.9805430240821261,0.8985063504539404,800,1600,501.58030881697357,10.048856298330632,9.569753667805005,constant,0.7,0.7,0.00028,False,False,0.13999999999999999,0.17855808818282862,601.3557878933536,9195.937968428138,481.9577369965983,5229.173903395751,5229.186203299115,-0.012299903363782505,0.9999976478360331,True,True,True,False,0,False,0.0,none,1.0,,,
1.0,flow_scan,0.6,0.73,24,24,17.52,1206920.8731755826,1810381.3097633757,1810381.3097633757,1206920.8731755826,1206920.8731755826,1810381.3097633757,1810381.3097633757,18.65634525592793,44.82631635364669,23.356343436611382,13.55459043702183,13.656345255927931,28.356343436611382,28.356343436611382,430978.6015851712,448304.88016699476,426452.5533604085,236979.1174434038,236979.1174434038,424816.4512799344,245545.1129042729,1805.7684170798393,1825.769370434565,1755.149942471648,1126.654616208832,1129.4699586619777,1784.4661923348697,1155.3019655731803,45.03085375268493,cooling,True,True,True,,False,False,-9.094947017729282e-13,26,17.49895498133543,17.532730695517373,26,26,15,15.000000000000028,19.62186930657262,21.762689833864385,17.481048779280854,0.45863455298407646,0.5732931912300956,0.000292,0.024742333832662895,2801.4589310314946,46.690982183858246,0.7781830363976374,1.5000000000000016,True,19.070999826202883,4.808671960877117,4800.0,5228.692568749196,-5233.501240710073,477.0577288904977,428.69256874919586,48.36516014130183,0.6358885336627825,0.9806549514631289,0.8986178040678943,800,1600,500.93740067757767,10.061675368227347,9.582035586696914,constant,0.73,0.73,0.000292,False,False,0.146,0.1766262811068142,611.1856415790999,9880.832796322842,481.8664008513748,5228.692568749197,5228.692568749196,9.094947017729282e-13,1.0000000000000002,True,True,True,False,0,False,0.0,none,1.0,,,
1.0,flow_scan,0.6,0.76,24,24,18.240000000000006,1201061.404363601,1801592.1065454015,1801592.1065454015,1201061.404363601,1201061.404363601,1801592.1065454015,1801592.1065454015,18.48739580880539,44.64681002254656,23.169608004974577,13.385691979461967,13.487395808805388,28.169608004974577,28.169608004974577,430936.4027071737,448268.32687875873,426449.58615069714,236668.96486675568,236668.96486675568,424783.747213969,245224.59137694206,1806.07093903529,1826.0922006965636,1755.539819529032,1125.6359849014732,1128.4388772701996,1784.7891144852094,1154.2665476724023,44.803284000532486,cooling,True,True,True,,False,False,-4.3655745685100555e-11,26,17.36145725885177,17.394907678306538,26,26,15,15.000000000000007,19.57682643832112,21.63318155979772,17.52047131684452,0.45133457098745566,0.5641682137343196,0.00030400000000000007,0.02470820665243438,2811.510597465838,46.85850995776397,0.7809751659627329,1.5,True,18.586701275233498,5.363979292783581,4800.0,5228.240764115844,-5233.604743408628,476.50076959989076,428.2407641158449,48.26000548404585,0.6358508951873992,0.9807575415285797,0.8987199841784749,800,1600,500.45145016790786,10.073435986326896,9.591339975914824,constant,0.7600000000000001,0.7600000000000001,0.00030400000000000007,False,False,0.15200000000000002,0.1749014938159141,620.6099425160853,10586.801235757064,481.86474889267436,5228.240764115888,5228.240764115844,4.3655745685100555e-11,1.0000000000000084,True,True,True,False,0,False,0.0,none,1.0,,,
1.0,flow_scan,0.6,0.79,24,24,18.96,1195683.384958333,1793525.0774375014,1793525.0774375014,1195683.384958333,1195683.384958333,1793525.0774375014,1793525.0774375014,18.33178213080504,44.4814923034416,22.99761086002229,13.230125527420341,13.331782130805038,27.99761086002229,27.99761086002229,430897.331453419,448234.41496756877,426446.38820434985,236383.53711081308,236383.53711081308,424753.3837490346,244929.6756230302,1806.3495974281582,1826.3895358830075,1755.8982634959536,1124.6979011006347,1127.4893673040758,1785.086453859209,1153.3131930099007,44.59456438375597,cooling,True,True,True,,False,False,0.004316458950597735,26,17.23458748602161,17.267746686871483,26,26,15,14.999999999999975,19.536512257683682,21.514845789498224,17.55817872586914,0.4448019960060627,0.5560024950075784,0.00031600000000000004,0.024676913101317345,2820.8206100137877,47.013676833563125,0.7835612805593855,1.5000000000000016,True,18.158205769071674,5.958528450115067,4800.0,5227.825703308955,-5233.78423175907,475.98914263011864,427.8257033089553,48.16343932116331,0.6358162661589135,0.9808519098645883,0.8988139959347977,800,1600,500.1058768493054,10.084263631471067,9.597967594862642,constant,0.79,0.79,0.00031600000000000004,False,False,0.15800000000000003,0.173354959119474,629.6558847096845,11313.661614142531,481.9476710802337,5227.821386850004,5227.825703308955,-0.004316458950597735,0.9999991743299804,True,True,True,False,0,False,0.0,none,1.0,,,
1.0,flow_scan,0.6,0.8200000000000001,24,24,19.68,1190730.5023586897,1786095.753538034,1786095.753538034,1190730.5023586897,1190730.5023586897,1786095.753538034,1786095.753538034,18.18800378117544,44.328764643163254,22.838693969589883,13.086391032232655,13.18800378117544,27.838693969589883,27.838693969589883,430861.05916536646,448202.8750434433,426443.0396093785,236120.0244559925,236120.0244559925,424725.12520220695,244657.44931648846,1806.6070778742035,1826.664248316188,1756.2288913977927,1123.8312840728343,1126.6122281096593,1785.3611023306933,1152.4326275807384,44.40247216419114,cooling,True,True,True,,False,False,-6.366462912410498e-12,26,17.117177912571663,17.150074930131964,26,26,15,15.000000000000027,19.500296196297683,21.406343576397546,17.59424881619782,0.43892278193314266,0.5486534774164283,0.000328,0.024648117984806775,2829.4669066575257,47.15778177762543,0.7859630296270905,1.4999999999999996,True,17.776522228564986,6.593478678615278,4800.000000000001,5227.443123833634,-5234.036602512249,475.51758616443254,427.44312383363314,48.074462330799406,0.6357843040309964,0.9809389944459669,0.8989007689104155,800,1600,499.8875870716128,10.094263891935588,9.602158813582149,constant,0.82,0.82,0.000328,False,False,0.164,0.17196273308969945,638.3481373137568,12061.24148527185,482.1110648430478,5227.44312383364,5227.443123833634,6.366462912410498e-12,1.000000000000001,True,True,True,False,0,False,0.0,none,1.0,,,
1.0,flow_scan,0.6,0.85,24,24,20.400000000000002,1186153.5297280685,1779230.2945921049,1779230.2945921049,1186153.5297280685,1186153.5297280685,1779230.2945921049,1779230.2945921049,18.054737600029682,44.18721779003397,22.691395154443512,12.95316568630949,13.054737600029682,27.691395154443512,27.691395154443512,430827.29130368,448173.46391724184,426439.5999029737,235875.954815049,235875.954815049,424698.75811214757,244405.34791835173,1806.8457482873898,1826.9188699323201,1756.5348760338436,1123.0281298580799,1125.7993509329335,1785.6156070592529,1151.6166817092017,44.2250679304795,cooling,True,True,True,,False,False,-1.2732925824820995e-11,26,17.00819278882784,17.040852493259923,26,26,15,15.00000000000001,19.467650202969537,21.306538680523715,17.62876172541536,0.4336028220419394,0.5420035275524242,0.00034,0.024621529077231655,2837.5192927620737,47.29198821270123,0.7881998035450205,1.5000000000000018,True,17.434379718341294,7.269980204910298,4800.000000000001,5227.089293383493,-5234.359273588403,475.0814933486632,427.08929338349253,47.99219996517064,0.6357547074807581,0.9810196199370157,0.8989811208454103,800,1600,499.7858532719148,10.103529746374003,9.604113378912508,constant,0.85,0.85,0.00034,False,False,0.17,0.1707047594349304,646.7090660539957,12829.376832194643,482.3514735535735,5227.089293383506,5227.089293383493,1.2732925824820995e-11,1.0000000000000024,True,True,True,False,0,False,0.0,none,1.0,,,
1.0,flow_scan,0.6,0.88,24,24,21.12,1181909.0985815558,1772863.6478723336,1772863.6478723336,1181909.0985815558,1181909.0985815558,1772863.6478723336,1772863.6478723336,17.930808039826275,44.05560007540697,22.554415318771362,12.829274260551983,12.930808039826275,27.554415318771362,27.554415318771362,430795.76220343274,448145.96076733636,426436.1126551722,235649.13666847994,235649.13666847994,424674.08808210626,244171.09907137355,1807.0677122016357,1827.155649455549,1756.8190222359838,1122.281330603863,1125.0435356273788,1785.8522286121492,1150.8581042560754,44.06064611743462,cooling,True,True,True,,False,False,0.03986832559075992,26,16.90670699350852,16.93915077539985,26,26,15,15.0,19.438129438684655,21.214461154834623,17.661797722534686,0.4287635930394027,0.5359544912992533,0.00035200000000000005,0.024596889579011804,2845.0407144691735,47.417345241152894,0.7902890873525482,1.5,True,17.12582592103661,7.9891746676220565,4799.999999999999,5226.760918250266,-5234.750092917888,474.6767991546282,426.76091825026674,47.91588090436147,0.635727209458036,0.9810945168390152,0.8990557764995111,800,1600,499.7917997432869,10.112143691346448,9.603999110160414,constant,0.8800000000000001,0.8800000000000001,0.00035200000000000005,False,False,0.17600000000000002,0.16956413811192309,654.7590003073487,13617.911365264868,482.6659738222503,5226.721049924675,5226.760918250266,-0.03986832559075992,0.999992372269133,True,True,True,False,0,False,0.0,none,1.0,,,
1.0,flow_scan,0.6,0.91,24,24,21.84,1177968.6531356687,1766952.979703504,1766952.979703504,1177968.6531356687,1177968.6531356687,1766952.979703504,1766952.979703504,17.815454479453877,43.93310110905463,22.426913933046478,12.713956333239196,12.815454479453877,27.426913933046478,27.426913933046478,430766.3052590849,448120.2290679379,426432.6180635301,235438.14569649033,235438.14569649033,424650.9955847718,243953.22455740758,1807.2743300557538,1827.376042020306,1757.0831615028796,1121.5862837026273,1124.3401187969798,1786.072431834909,1150.1521950288964,43.908080117789304,cooling,True,True,True,,False,False,3.637978807091713e-12,26,16.812127576179364,16.84437438189909,26,26,15,14.999999999999998,19.41135771684651,21.129279319436876,17.693436114256144,0.42434992587928716,0.5304374073491089,0.000364,0.024574029728989477,2852.0705177064883,47.53450862844147,0.7922418104740245,1.5000000000000007,True,16.84662784974177,8.752195513322505,4799.999999999999,5226.455839593371,-5235.208035106693,474.3008381755133,426.45583959337114,47.84499858214218,0.6357016361282859,0.9811641611503195,0.8991252076083465,800,1600,499.8996615385776,10.120159218912821,9.601926885140688,constant,0.91,0.91,0.000364,False,False,0.182,0.1685265489838976,662.5169442711574,14426.695901081051,483.05303368883585,5226.455839593367,5226.455839593371,-3.637978807091713e-12,0.9999999999999993,True,True,True,False,0,False,0.0,none,1.0,,,
1.0,flow_scan,0.6,0.9400000000000001,24,24,22.560000000000002,1174294.656006885,1761441.9840103285,1761441.9840103285,1174294.656006885,1174294.656006885,1761441.9840103285,1761441.9840103285,17.707639391929717,43.81861692895245,22.307744360074253,12.606174669101506,12.707639391929717,27.307744360074253,27.307744360074253,430738.6780036006,448096.064354565,426429.13604778086,235241.05726750725,235241.05726750725,424629.29954268975,243749.7309443141,1807.4674583895141,1827.5820312192677,1757.3297421326292,1120.9367219192593,1123.6827533706414,1786.2782074836878,1149.492568068032,43.76589961819124,cooling,True,True,True,,False,False,-9.185896487906575e-11,26,16.7236285927342,16.755694690521786,26,26,15,14.999999999999993,19.387013921480275,21.050274486878664,17.723753356081886,0.420301517787957,0.5253768972349462,0.00037600000000000003,0.02455272847785513,2858.666187794567,47.64443646324278,0.7940739410540464,1.5000000000000009,True,16.592400478945923,9.56016836130334,4800.000000000002,5226.171194160458,-5235.731362521761,473.9500777492824,426.1711941604568,47.77888358882558,0.6356777531922863,0.9812291930505119,0.8991900501088209,800,1600,500.1026465895317,10.127648934660966,9.59802958999273,constant,0.9400000000000001,0.9400000000000001,0.00037600000000000003,False,False,0.18800000000000003,0.1675797942149309,669.9996892572226,15255.587810590436,483.51024611058574,5226.17119416055,5226.171194160458,9.185896487906575e-11,1.0000000000000175,True,True,True,False,0,False,0.0,none,1.0,,,
1.0,flow_scan,0.6,0.97,24,24,23.280000000000005,1170860.5440942482,1756290.8161413735,1756290.8161413735,1170860.5440942482,1170860.5440942482,1756290.8161413735,1756290.8161413735,17.606634324582956,43.71137221915592,22.196101551726485,12.505201017553247,12.606634324582956,27.196101551726485,27.196101551726485,430712.71241333307,448073.32573409367,426425.6855817844,235056.51744140877,235056.51744140877,424608.8754331168,243559.2153327253,1807.6484003336989,1827.7750097070816,1757.5604898706156,1120.3282435688868,1123.0669811623363,1786.4709540813603,1148.874736326713,43.63306267586977,cooling,True,True,True,,False,False,0.042107108272830374,26,16.640632419629128,16.672532125212,26,26,15,15.000000000000025,19.364823709795132,20.97682418375399,17.752823235836274,0.4165744051125511,0.5207180063906889,0.00038800000000000005,0.024532829132697675,2864.8674909522747,47.74779151587124,0.7957965252645207,1.5000000000000009,True,16.359928754021027,10.414211340570308,4800.000000000001,5225.904960237056,-5236.319171577627,473.6220230309214,425.90496023705504,47.717062793866376,0.6356553956932439,0.9812900634570784,0.8992507517101859,800,1600,500.39616312551277,10.13466385976444,9.592399689915352,constant,0.9700000000000001,0.9700000000000001,0.00038800000000000005,False,False,0.19400000000000003,0.1667134323471749,677.2229548325811,16104.450526655113,484.03623437149173,5225.862853128783,5225.904960237056,-0.042107108272830374,0.9999919426188204,True,True,True,False,0,False,0.0,none,1.0,,,
1.0,flow_scan,0.6,1.0,24,24,24.0,1167650.092213964,1751475.1383209445,1751475.1383209445,1167650.092213964,1167650.092213964,1751475.1383209445,1751475.1383209445,17.512005995535276,43.61090537874588,22.091506693380666,12.410602211232117,12.512005995535276,27.091506693380666,27.091506693380666,430688.3130913155,448051.9348630504,426422.28824325954,234883.71546274397,234883.71546274397,424589.65455952456,243380.83648458365,1807.817930393295,1827.9558058863336,1757.7764453915693,1119.758227511333,1122.4901465053924,1786.6515052694654,1148.2960237242658,43.508929760380326,cooling,True,True,True,,False,False,6.093614501878619e-11,26,16.562800289466338,16.594546594575817,26,26,15,15.000000000000037,19.34455173438775,20.90838694312788,17.78071652564762,0.4131387595502747,0.5164234494378434,0.0004,0.024514235406797164,2870.6968820936136,47.84494803489356,0.7974158005815594,1.4999999999999987,True,16.146978892031864,11.315435402000851,4800.0,5225.655911626898,-5236.971347028899,473.3151599703542,425.65591162689793,47.659248343456284,0.6356344646084218,0.9813470434700258,0.8993075811338023,800,1600,500.77757426438694,10.141234437326379,9.5850937555479,constant,1.0,1.0,0.0004,False,True,0.2,0.165918484043359,684.2015741289396,16973.153103001274,484.63059537235506,5225.655911626837,5225.655911626898,-6.093614501878619e-11,0.9999999999999883,True,True,True,False,0,False,0.0,none,1.0,,,
1.0,flow_scan,1.0,0.4,24,24,0.0,1652137.7972935715,2478206.69593925,2478206.69593925,1652137.7972935715,1652137.7972935715,2478206.69593925,2478206.69593925,25.5,52.10137996621637,35.886061766390355,24.895727743156897,25.0,40.886061766390355,40.886061766390355,427034.2447756643,443276.4457518619,425226.7568422348,258500.96112658273,258500.96112658273,426314.4282378984,267980.71876012464,1764.698737219962,1783.1267078916344,1726.6217002517258,1195.603558148262,1199.3729696944135,1762.2864794922095,1226.030646166097,65.61154447429644,cooling,False,False,True,,False,True,508.74202007950225,26,,26.0,26,26,15,15.0,24.794056313255624,31.342625028894417,18.24548759761683,,,0.0,0.0,0.0,61.082505746470275,1.0180417624411713,1.4999999999993296,True,0.0,0.0,0.0,0.0,0.0,0.0,0.0,0.0,0.6332585595483606,0.9870200000000174,0.9054016320633628,800,1600,0.0,,,constant,,,0.0,False,False,0.0,0.2233042563235414,527.2642246280915,3554.9475521848244,0.0,8262.248759879047,8770.990779958549,-508.74202007950225,0.9419972004483276,False,False,False,False,0,False,0.0,ground_hx_capacity_insufficient,,,0.4000000000000001,0.0
1.0,flow_scan,1.0,0.43000000000000005,24,24,0.0,1652137.7972935715,2478206.69593925,2478206.69593925,1652137.7972935715,1652137.7972935715,2478206.69593925,2478206.69593925,25.5,52.10137996621637,35.886061766390355,24.895727743156897,25.0,40.886061766390355,40.886061766390355,427034.2447756643,443276.4457518619,425226.7568422348,258500.96112658273,258500.96112658273,426314.4282378984,267980.71876012464,1764.698737219962,1783.1267078916344,1726.6217002517258,1195.603558148262,1199.3729696944135,1762.2864794922095,1226.030646166097,65.61154447429644,cooling,False,False,True,,False,True,114.90581367376763,26,,26.0,26,26,15,14.999999999999993,24.42524385590795,30.517076883432026,18.333410828383876,,,0.0,0.0,0.0,61.082505746470275,1.0180417624411713,1.4999999999993296,True,0.0,0.0,0.0,0.0,0.0,0.0,0.0,0.0,0.6332585595483606,0.9870200000000174,0.9054016320633628,800,1600,0.0,,,constant,,,0.0,False,False,0.0,0.21489035993439806,548.4095767835174,4016.198887301317,0.0,8656.084966284781,8770.990779958549,-114.90581367376763,0.9868993348007703,False,False,False,False,0,False,0.0,ground_hx_capacity_insufficient,,,0.43,0.0
1.0,flow_scan,1.0,0.46,24,24,0.0,1652137.7972935715,2478206.69593925,2478206.69593925,1652137.7972935715,1652137.7972935715,2478206.69593925,2478206.69593925,25.5,52.10137996621637,35.886061766390355,24.895727743156897,25.0,40.886061766390355,40.886061766390355,427034.2447756643,443276.4457518619,425226.7568422348,258500.96112658273,258500.96112658273,426314.4282378984,267980.71876012464,1764.698737219962,1783.1267078916344,1726.6217002517258,1195.603558148262,1199.3729696944135,1762.2864794922095,1226.030646166097,65.61154447429644,cooling,False,False,True,,False,True,-258.3189480932033,26,,26.0,26,26,15,14.999999999999963,24.12058013044353,29.815268384167098,18.42589187671996,,,0.0,0.0,0.0,61.082505746470275,1.0180417624411713,1.4999999999993296,True,0.0,0.0,0.0,0.0,0.0,0.0,0.0,0.0,0.6332585595483606,0.9870200000000174,0.9054016320633628,800,1600,0.0,,,constant,,,0.0,False,False,0.0,0.20793876579476286,568.5146022162934,4501.144935068962,0.0,9029.309728051752,8770.990779958549,258.3189480932033,1.0294515128990278,False,False,False,False,0,False,0.0,ground_hx_capacity_insufficient,,,0.46,0.0
1.0,flow_scan,1.0,0.49,24,24,0.0,1652137.7972935715,2478206.69593925,2478206.69593925,1652137.7972935715,1652137.7972935715,2478206.69593925,2478206.69593925,25.5,52.10137996621637,35.886061766390355,24.895727743156897,25.0,40.886061766390355,40.886061766390355,427034.2447756643,443276.4457518619,425226.7568422348,258500.96112658273,258500.96112658273,426314.4282378984,267980.71876012464,1764.698737219962,1783.1267078916344,1726.6217002517258,1195.603558148262,1199.3729696944135,1762.2864794922095,1226.030646166097,65.61154447429644,cooling,False,False,True,,False,True,-613.9563473876569,26,,26.0,26,26,15,15.000000000000007,23.864140086252917,29.210330005295077,18.517950167210756,,,0.0,0.0,0.0,61.082505746470275,1.0180417624411713,1.4999999999993296,True,0.0,0.0,0.0,0.0,0.0,0.0,0.0,0.0,0.6332585595483606,0.9870200000000174,0.9054016320633628,800,1600,0.0,,,constant,,,0.0,False,False,0.0,0.20208632811608682,587.6695763103481,5009.4259491827725,0.0,9384.947127346206,8770.990779958549,613.9563473876569,1.0699985170193689,False,False,False,False,0,False,0.0,ground_hx_capacity_insufficient,,,0.48999999999999994,0.0
1.0,flow_scan,1.0,0.52,24,24,0.0,1652137.7972935715,2478206.69593925,2478206.69593925,1652137.7972935715,1652137.7972935715,2478206.69593925,2478206.69593925,25.5,52.10137996621637,35.886061766390355,24.895727743156897,25.0,40.886061766390355,40.886061766390355,427034.2447756643,443276.4457518619,425226.7568422348,258500.96112658273,258500.96112658273,426314.4282378984,267980.71876012464,1764.698737219962,1783.1267078916344,1726.6217002517258,1195.603558148262,1199.3729696944135,1762.2864794922095,1226.030646166097,65.61154447429644,cooling,False,False,True,,False,True,-953.6104421846412,26,,26.0,26,26,15,15.000000000000023,23.646325970395054,28.68424515623059,18.60840678455952,,,0.0,0.0,0.0,61.082505746470275,1.0180417624411713,1.4999999999993296,True,0.0,0.0,0.0,0.0,0.0,0.0,0.0,0.0,0.6332585595483606,0.9870200000000174,0.9054016320633628,800,1600,0.0,,,constant,,,0.0,False,False,0.0,0.19711417152924607,605.9531475848004,5540.712100872003,0.0,9724.60122214319,8770.990779958549,953.6104421846412,1.1087232293486857,False,False,False,False,0,False,0.0,ground_hx_capacity_insufficient,,,0.52,0.0
1.0,flow_scan,1.0,0.55,24,24,0.0,1652137.7972935715,2478206.69593925,2478206.69593925,1652137.7972935715,1652137.7972935715,2478206.69593925,2478206.69593925,25.5,52.10137996621637,35.886061766390355,24.895727743156897,25.0,40.886061766390355,40.886061766390355,427034.2447756643,443276.4457518619,425226.7568422348,258500.96112658273,258500.96112658273,426314.4282378984,267980.71876012464,1764.698737219962,1783.1267078916344,1726.6217002517258,1195.603558148262,1199.3729696944135,1762.2864794922095,1226.030646166097,65.61154447429644,cooling,False,False,True,,False,True,-1278.6724359539166,26,,26.0,26,26,15,15.00000000000002,23.45979500608044,28.223089050651765,18.696500961509116,,,0.0,0.0,0.0,61.082505746470275,1.0180417624411713,1.4999999999993296,True,0.0,0.0,0.0,0.0,0.0,0.0,0.0,0.0,0.6332585595483606,0.9870200000000174,0.9054016320633628,800,1600,0.0,,,constant,,,0.0,False,False,0.0,0.19285484006164574,623.4343420128157,6094.699349162662,0.0,10049.663215912466,8770.990779958549,1278.6724359539166,1.1457842640623503,False,False,False,False,0,False,0.0,ground_hx_capacity_insufficient,,,0.55,0.0
1.0,flow_scan,1.0,0.5800000000000001,24,24,13.920000000000002,1391849.6394118362,2313075.318754322,2313075.318754322,1391849.6394118362,1391849.6394118362,2313075.318754322,2313075.318754322,23.697132138327618,56.59033168103849,33.05220193091543,18.59811336435058,18.697132138327618,38.05220193091543,38.05220193091543,432127.393381762,452969.67248966696,425784.6117790737,253499.4780478393,253499.4780478393,425660.53779095697,262725.4593509559,1796.7332892155605,1818.5427623983599,1733.5834516169016,1179.8752964062937,1184.7941115067056,1774.7603729923346,1209.7600090224425,52.30518607815198,cooling,True,True,True,,False,False,-5.278872777125798e-06,26,21.938485683146496,22.019636276571852,26,26,15,14.999999962677013,23.45251631956927,28.053247372759074,18.851785266379466,1.599925823171143,1.9999072789639287,0.00023200000000000003,0.04478583308238801,4356.050341589404,72.60083902649006,1.2100139837748345,1.6618715508176405,False,159.8430281801107,2.579494351595541,8000.000000000001,8933.438833183174,-8936.01832753477,1014.1153470995093,933.4388331831733,80.67651391633603,0.6577858830362022,0.9828178145407741,0.9204464125830651,800,1600,1176.5378696312155,7.888648981480217,6.799611135770404,constant,0.5800000000000001,0.5800000000000001,0.00023200000000000003,False,False,0.11600000000000002,0.1891785814907589,633.4951631707461,6671.106081712605,1016.6948414511048,8933.438838462047,8933.438833183174,5.278872777125798e-06,1.0000000005909115,True,True,False,False,0,False,3.732299092007452e-08,none,19.19776054649097,,,
1.0,flow_scan,1.0,0.61,24,24,14.64,1391843.7607004044,2280731.6280741612,2280731.6280741612,1391843.7607004044,1391843.7607004044,2280731.6280741612,2280731.6280741612,23.696980133909733,55.72888323497381,32.47923951856774,18.597385888004396,18.696980133909733,37.47923951856774,37.47923951856774,432127.3620921935,452490.21123012964,425874.7988349281,252498.58307156185,252498.58307156185,425660.5163729617,261677.38161058896,1796.7335624309992,1818.307375424935,1734.9471660955508,1176.707000383264,1181.3642768618868,1774.7606684085185,1206.4942230361462,52.30495189186267,cooling,True,True,True,,False,False,-5.636866262648255e-07,26,21.938381573375466,22.019530605939412,26,26,15,14.99999961279864,23.285425896813365,27.647077418497133,18.923774375129597,1.5998848129403636,1.9998560161754544,0.000244,0.04453629336912178,4329.142051286595,72.15236752144325,1.202539458690721,1.6386405518148461,False,159.83585662702671,2.9563326086161554,7999.999999999999,8906.885823038292,-8909.842155646907,986.7964687874311,906.8858230382923,79.91064574913878,0.6543955095309427,0.9834208912748866,0.9190201340633773,800,1600,1149.588658023074,8.107041576496869,6.959010898522128,constant,0.61,0.61,0.000244,False,False,0.122,0.1859836827471419,648.5272630678131,7269.670349056119,989.7528013960473,8906.885823601979,8906.885823038292,5.636866262648255e-07,1.0000000000632867,True,True,False,False,0,False,3.8720133943570545e-07,none,18.552570705490616,,,
1.0,flow_scan,1.0,0.64,24,24,15.360000000000003,1391844.8099083041,2252025.8299773526,2252025.8299773526,1391844.8099083041,1391844.8099083041,2252025.8299773526,2252025.8299773526,23.697007263059675,54.953995216802184,31.965531902140356,18.59689848595815,18.697007263059675,36.965531902140356,36.965531902140356,432127.36767664796,452056.9388152559,425949.57348895766,251604.0417605145,251604.0417605145,425660.5201955798,260741.59953793735,1796.7335136685892,1818.0878245322588,1736.1583859615346,1173.8694196665913,1178.2988260689322,1774.7606156838162,1203.5723769558392,52.304993688440746,cooling,True,True,True,,False,False,2.546585164964199e-11,26,21.93840015450843,22.019549465644157,26,26,15,14.999999146701109,23.13962162256098,27.285956420050127,18.993286825071834,1.5998921321433592,1.999865165179199,0.00025600000000000004,0.04431560275881797,4305.342310809247,71.75570518015411,1.1959284196692352,1.6180150358327074,False,159.83713654279933,3.36646296009554,8000.0,8883.190957732151,-8886.557420692247,962.4230699627907,883.1909577321521,79.23211223063856,0.6512759813551955,0.9839563296697829,0.9176743422892992,800,1600,1125.6266694656856,8.312352695690572,7.107152146454964,constant,0.6400000000000001,0.6400000000000001,0.00025600000000000004,False,False,0.12800000000000003,0.18318955452663493,662.9399903084363,7890.14756272392,965.7895329228862,8883.190957732126,8883.190957732151,-2.546585164964199e-11,0.9999999999999971,True,True,False,False,0,False,8.532988999832014e-07,none,17.96910359452246,,,
1.0,flow_scan,1.0,0.67,24,24,16.080000000000002,1391851.9226052517,2226376.275641116,2226376.275641116,1391851.9226052517,1391851.9226052517,2226376.275641116,2226376.275641116,23.697191174176737,54.253009481776814,31.50229775862448,18.596619519969806,18.697191174176737,36.50229775862448,36.50229775862448,432127.4055340247,451663.26144663704,426012.1795661103,250799.66314778174,250799.66314778174,425660.5461092617,259900.86010410727,1796.7331831034576,1817.8822316906933,1737.2416266422401,1171.3130279216111,1175.5422893854527,1774.7602582578158,1200.94245087492,52.30527703225077,cooling,True,True,True,,False,False,-6.660773578914814e-06,26,21.93852611744194,22.01967731709552,26,26,15,14.999998828930675,23.01157690622793,26.962965003598583,19.060188808857276,1.599941751347433,1.9999271891842911,0.000268,0.04411900735497685,4284.135602015807,71.40226003359679,1.190037667226613,1.5995784030486602,False,159.84581361373108,3.811097823847362,8000.0,8861.902570694312,-8865.71366851816,940.5290667400285,861.902570694312,78.62649604571652,0.6483989258332222,0.9844349446568568,0.9164018435727413,800,1600,1104.185978177607,8.505850890636301,7.245156303473009,constant,0.67,0.67,0.000268,False,False,0.134,0.180731712681994,676.7761321982124,8532.308560852302,944.3401645638759,8861.902577355086,8861.902570694312,6.660773578914814e-06,1.000000000751619,True,True,False,False,0,False,1.1710693001987238e-06,none,17.438711789168032,,,
1.0,flow_scan,1.0,0.7,24,24,16.799999999999997,1391842.4724983855,2203322.278453607,2203322.278453607,1391842.4724983855,1391842.4724983855,2203322.278453607,2203322.278453607,23.696946825117607,53.6160922769335,31.08247348913494,18.595957258203896,18.696946825117607,36.08247348913494,36.08247348913494,432127.3552356691,451304.31806836446,426065.04842308676,250072.49941823428,250072.49941823428,425660.51167959324,259141.3977452553,1796.733622300803,1817.690491708776,1738.2162335552166,1168.9980875072135,1173.050514407885,1774.7607331431634,1198.5628083805052,52.304900574647604,cooling,True,True,True,,False,False,-6.270511221373454e-07,26,21.9383587597016,22.019507450241775,26,26,15,14.999998639641047,22.898498589212238,26.67255021863639,19.124446959788088,1.5998758266101505,1.999844783262688,0.00028,0.043942799350666174,4265.19401988505,71.08656699808417,1.1847761166347361,1.5830256095710307,False,159.83428518514515,4.291437718599797,8000.0,8842.689429912314,-8846.980867630913,920.7722014805913,842.689429912314,78.08277156827728,0.6457435193061035,0.984864655175536,0.9151986002154268,800,1600,1084.8979243843362,8.688359604184498,7.373965624037749,constant,0.7,0.7,0.00028,False,False,0.13999999999999999,0.17855808818282862,690.0744440680587,9195.937968428138,925.0636391991911,8842.689430539365,8842.689429912314,6.270511221373454e-07,1.0000000000709117,True,True,False,False,0,False,1.3603589650301728e-06,none,16.95436514299217,,,
1.0,flow_scan,1.0,0.73,24,24,17.52,1391860.1908125377,2182481.5884230863,2182481.5884230863,1391860.1908125377,1391860.1908125377,2182481.5884230863,2182481.5884230863,23.697404962130122,53.03388263884784,30.70007942078621,18.596034721171463,18.697404962130122,35.70007942078621,35.70007942078621,432127.4495410432,450974.65003189485,426110.05885773216,249411.66890411646,249411.66890411646,425660.57623221836,258451.67332145676,1796.7327988370268,1817.5084603522166,1739.0982194359947,1166.8910566134716,1170.7857970445807,1774.7598427666594,1196.3984024341469,52.30560640771884,cooling,True,True,True,,False,False,-2.1827872842550278e-11,26,21.938672542608856,22.019825937691277,26,26,15,14.99999856248959,22.79805915028689,26.410071319406654,19.186046981167124,1.599999434885322,1.9999992936066524,0.000292,0.043783848182750815,4248.02962147907,70.80049369131783,1.1800082281886304,1.5680321937715604,False,159.85590117275808,4.808671960877117,8000.000000000001,8825.202964961316,-8830.011636922192,902.7940101654777,825.2029649613154,77.59104520416236,0.64327890593059,0.9852538842496903,0.9140545414230868,800,1600,1067.458583299113,8.861379129590857,7.494435967037719,constant,0.73,0.73,0.000292,False,False,0.146,0.1766262811068142,702.8694804350315,9880.832796322842,907.6026821263548,8825.202964961338,8825.202964961316,2.1827872842550278e-11,1.0000000000000024,True,True,False,False,0,False,1.4375104342434497e-06,none,16.510098360627065,,,
1.0,flow_scan,1.0,0.76,24,24,18.240000000000006,1391848.564053336,2163557.0604497795,2163557.0604497795,1391848.564053336,1391848.564053336,2163557.0604497795,2163557.0604497795,23.697104333079324,52.50053416491744,30.350439660734253,18.59538767483724,18.697104333079324,35.35043966073425,35.35043966073425,432127.38765816623,450671.8865565527,426148.6326669842,248808.68202435278,248808.68202435278,425660.5338731117,257822.69336725492,1796.7333391932148,1817.338721362912,1739.9000012276576,1164.9657352187417,1168.7195722309964,1774.7604270310444,1194.4218858280417,52.305143239801296,cooling,True,True,True,,False,False,-7.275957614183426e-12,26,21.93846663900797,22.019616946909714,26,26,15,14.999998584202256,22.70846976606674,26.171863977579903,19.24507555455358,1.599918321274236,1.999897901592795,0.00030400000000000007,0.04363984554844241,4232.580708932001,70.54301181553335,1.1757168635922224,1.5544486062112082,False,159.84171629596707,5.363979292783581,7999.999999999999,8809.279067698846,-8814.64304699163,886.4239377470404,809.2790676988469,77.14487004819352,0.6409966445870805,0.985606514182757,0.9129706828041365,800,1600,1051.6296333357911,9.025027032023774,7.607240939591852,constant,0.7600000000000001,0.7600000000000001,0.00030400000000000007,False,False,0.15200000000000002,0.1749014938159141,715.1933899042276,10586.801235757064,891.787917039824,8809.279067698853,8809.279067698846,7.275957614183426e-12,1.0000000000000009,True,True,False,False,0,False,1.4157977261675114e-06,none,16.101148944038712,,,
1.0,flow_scan,1.0,0.79,24,24,18.96,1391854.2946409446,2146289.027142754,2146289.027142754,1391854.2946409446,1391854.2946409446,2146289.027142754,2146289.027142754,23.697252507117014,52.009220572318895,30.029377506663877,18.595217785948023,18.697252507117014,35.02937750666388,35.02937750666388,432127.4181590996,450391.8394832438,426181.9139876105,248256.01281804848,248256.01281804848,425660.55475119187,257246.50490729045,1796.7330728625086,1817.177277112631,1740.6324239342002,1163.198786591353,1166.8256190510654,1774.7601390589334,1192.6089651129193,52.3053715255328,cooling,True,True,True,,False,False,-7.139711669879034e-06,26,21.93856812497421,22.01971995445461,26,26,15,14.999999999904125,22.628154889946615,25.954726879096597,19.30158290079663,1.5999582996025135,1.9999478745031418,0.00031600000000000004,0.04350866838245632,4218.460359185285,70.30767265308808,1.1717945442181346,1.5420357112138883,False,159.848707505262,5.958528450115067,8000.0,8794.660650589654,-8800.61917903977,871.398034971926,794.6606505896551,76.73738438227087,0.6388701259404154,0.9859287529368874,0.9119376205791615,800,1600,1037.205270927303,9.180649575664624,7.713034463127709,constant,0.79,0.79,0.00031600000000000004,False,False,0.15800000000000003,0.173354959119474,727.0746419037553,11313.661614142531,877.3565634220411,8794.660657729366,8794.660650589654,7.139711669879034e-06,1.0000000008118235,True,True,False,False,0,False,9.583800419932231e-11,none,15.723290042396131,,,
1.0,flow_scan,1.0,0.8200000000000001,24,24,19.68,1391845.0682537863,2130472.4308595606,2130472.4308595606,1391845.0682537863,1391845.0682537863,2130472.4308595606,2130472.4308595606,23.697013943042577,51.55566239677313,29.733580975185305,18.594687179529956,18.697013943042577,34.733580975185305,34.733580975185305,432127.36905170145,450132.64500478003,426210.7875211282,247747.7028177777,247747.7028177777,425660.52113681793,256716.81565828063,1796.7335016618704,1817.0254376444198,1741.304037609186,1161.5717191619733,1165.083809652333,1774.7606027014656,1190.9404040509958,52.30500397997412,cooling,True,True,True,,False,False,-8.66009941091761e-07,26,21.938404729718854,22.019554109447263,26,26,15,14.999999999891134,22.555887363383874,25.756094346507155,19.355680380260594,1.5998939343507665,1.9998674179384581,0.000328,0.04338873240962669,4205.60407292042,70.09340121534032,1.1682233535890054,1.530682171064096,False,159.83745169713853,6.593478678615278,8000.0,8781.226100289612,-8787.819578968227,857.5902127891693,781.2261002896129,76.36411249955643,0.6368905840930557,0.986223490839176,0.91095500932643,800,1600,1024.0211431649232,9.328464668435677,7.812338693783752,constant,0.82,0.82,0.000328,False,False,0.164,0.17196273308969945,738.5398579194454,12061.24148527185,864.1836914677846,8781.226101155622,8781.226100289612,8.66009941091761e-07,1.0000000000986207,True,True,False,False,0,False,1.0885514711844735e-10,none,15.373098380605025,,,
1.0,flow_scan,1.0,0.85,24,24,20.400000000000002,1391845.654693916,2115927.7563620564,2115927.7563620564,1391845.654693916,1391845.654693916,2115927.7563620564,2115927.7563620564,23.69702910649397,51.13515402998331,29.46010072651427,18.594432446866676,18.69702910649397,34.46010072651427,34.46010072651427,432127.37217304873,449891.491714412,426235.9751637058,247278.47637223869,247278.47637223869,425660.52327341115,256228.06448853645,1796.7334744068162,1816.8808507931467,1741.9223291886303,1160.0681001812648,1163.4758458543822,1774.7605732317415,1189.3991415421629,52.305027341592336,cooling,True,True,True,,False,False,-1.1395091860322282e-05,26,21.938415115370844,22.01956465080417,26,26,15,14.999999999938854,22.490589769408757,25.57372264494319,19.407456893874325,1.5998980253512127,1.9998725316890158,0.00034,0.04327859230828547,4193.772836437304,69.89621394062173,1.1649368990103623,1.5202316070220983,False,159.83816709665655,7.269980204910298,8000.0,8768.806087346307,-8776.076067551217,844.8265407908243,768.8060873463079,76.02045344451642,0.635039497764176,0.9864947874817064,0.9100164947784959,800,1600,1011.9346880923912,9.469399472833048,7.905648550383113,constant,0.85,0.85,0.00034,False,False,0.17,0.1707047594349304,749.6129530784874,12829.376832194643,852.0965209957346,8768.8060987414,8768.806087346307,1.1395091860322282e-05,1.0000000012995032,True,True,False,False,0,False,6.116351869422942e-11,none,15.047535783256208,,,
1.0,flow_scan,1.0,0.88,24,24,21.12,1391849.9989379342,2102507.439207855,2102507.439207855,1391849.9989379342,1391849.9989379342,2102507.439207855,2102507.439207855,23.697141434491186,50.74423493621185,29.206496701430922,18.594294724518534,18.697141434491186,34.20649670143092,34.20649670143092,432127.3952953373,449666.6084118718,426258.0523923341,246843.9785151219,246843.9785151219,425660.53910081316,255775.66436802194,1796.7332725064691,1816.7432836063617,1742.4934487856176,1158.6743464204121,1161.9868593488532,1774.7603549255027,1187.9710866147138,52.30520040035858,cooling,True,True,True,,False,False,3.292370820418e-10,26,21.938492050195123,22.0196427390805,26,26,15,14.9999999999823,22.431386993182173,25.405750087674903,19.457023898689442,1.5999283313063648,1.999910414132956,0.00035200000000000005,0.04317709668259011,4182.862025591795,69.71436709319659,1.161906118219943,1.5105847906111978,False,159.84346678791007,7.9891746676220565,7999.999999999998,8757.292300469162,-8765.281475136784,832.995291573443,757.2923004691635,75.70299110427948,0.6333061401581846,0.9867452188357333,0.9091195450081305,800,1600,1000.827933028975,9.603895821414328,7.993382015016551,constant,0.8800000000000001,0.8800000000000001,0.00035200000000000005,False,False,0.17600000000000002,0.16956413811192309,760.31612745884,13617.911365264868,840.984466241065,8757.292300468833,8757.292300469162,-3.292370820418e-10,0.9999999999999624,True,True,False,False,0,False,1.7678303265711293e-11,none,14.744050796305247,,,
1.0,flow_scan,1.0,0.91,24,24,21.84,1391850.9345766203,2090086.268205832,2090086.268205832,1391850.9345766203,1391850.9345766203,2090086.268205832,2090086.268205832,23.6971656270249,50.37997144279194,28.970679866840612,18.594086818893516,18.6971656270249,33.97067986684061,33.97067986684061,432127.4002752629,449456.51446257025,426277.4876124916,246440.49191950448,246440.49191950448,425660.5425096064,255355.70366626864,1796.7332290223728,1816.6126573447984,1743.0226145307636,1157.3788414819885,1160.6041726119213,1774.7603079079945,1186.6442010736453,52.30523767278991,cooling,True,True,True,,False,False,1.2016607797704637e-07,26,21.938508619927404,22.019659557240836,26,26,15,14.999999999999652,22.377542222628023,25.250589472882723,19.504494972373323,1.5999348585583362,1.99991857319792,0.000364,0.04308327426440191,4172.79001107217,69.54650018453617,1.1591083364089363,1.5016595644573132,False,159.8446082373896,8.752195513322505,8000.000000000002,8746.594979290903,-8755.347174804227,822.0038457694717,746.5949792909014,75.4088664785703,0.6316814058931263,0.9869769177066882,0.9082621488127216,800,1600,990.6006495201838,9.732314564187059,8.075908292483913,constant,0.91,0.91,0.000364,False,False,0.182,0.1685265489838976,770.6698288408902,14426.695901081051,830.7560412827942,8746.594979170737,8746.594979290903,-1.2016607797704637e-07,0.9999999999862614,True,True,False,False,0,False,3.410605131648481e-13,none,14.460440868387888,,,
1.0,flow_scan,1.0,0.9400000000000001,24,24,22.560000000000002,1386221.1508808348,2079331.7263212518,2079331.7263212518,1386221.1508808348,1386221.1508808348,2079331.7263212518,2079331.7263212518,23.55137621168393,50.156890638725486,28.765646301695824,18.44828899317963,18.55137621168393,33.765646301695824,33.765646301695824,432097.29351557227,449393.46077769296,426293.53735639347,246090.09366963094,246090.09366963094,425639.88313008647,254991.1147836448,1796.9952391314812,1816.8693656832152,1743.4812412424337,1156.2528303257986,1159.4500225710062,1775.0435516037069,1185.491302673397,52.08105623911751,cooling,True,True,True,,False,False,-5.4569682106375694e-12,26,21.838464445757154,21.91814686404264,26,26,15,15.000000000000018,22.334508881399415,25.115261258150383,19.553756504648447,1.5614720941373528,1.9518401176716909,0.00037600000000000003,0.043009087855878286,4183.352877573246,69.72254795955409,1.162042465992568,1.4999999999999998,True,153.17887783839805,9.56016836130334,8000.000000000001,8743.892377346516,-8753.45254570782,819.1222391409568,743.8923773465149,75.22986179444194,0.6313365757210384,0.98702,0.9081579546987538,800,1600,981.8612853406582,9.766552069676305,8.147790446004182,constant,0.9400000000000001,0.9400000000000001,0.00037600000000000003,False,False,0.18800000000000003,0.1675797942149309,780.747185815015,15255.587810590436,828.6824075022602,8743.892377346521,8743.892377346516,5.4569682106375694e-12,1.0000000000000007,True,True,True,False,0,False,0.0,none,1.0,,,
1.0,flow_scan,1.0,0.97,24,24,23.280000000000005,1379654.5063392243,2069481.759508835,2069481.759508835,1379654.5063392243,1379654.5063392243,2069481.759508835,2069481.759508835,23.380762419775635,49.97542912704398,28.57715344425435,18.27771635692642,18.380762419775635,33.57715344425435,33.57715344425435,432061.8154087,449365.35316802154,426307.60194959096,245768.30398078388,245768.30398078388,425615.4090211535,254656.3868050373,1797.3017779602033,1817.198532630682,1743.9016861090681,1155.2179646979575,1158.401131252592,1775.3747892261888,1184.4320401549194,51.819791888421065,cooling,True,True,True,,False,False,6.366462912410498e-11,26,21.720906411006865,21.79894008388756,26,26,15,14.999999999999986,22.296613331626304,24.991371454956834,19.601855208295774,1.5185743199055288,1.898217899881911,0.00038800000000000005,0.042942987861901455,4197.98270666245,69.96637844437417,1.166106307406236,1.499999999999999,True,145.88822844436731,10.414211340570308,8000.000000000001,8743.0656119665,-8753.47982330707,818.1504932300621,743.0656119664995,75.08488126356258,0.631289222522809,0.98702,0.9082260759055133,800,1600,974.4529330149998,9.778152144620682,8.209734640797532,constant,0.9700000000000001,0.9700000000000001,0.00038800000000000005,False,False,0.19400000000000003,0.1667134323471749,790.5229498545283,16104.450526655113,828.5647045706324,8743.065611966436,8743.0656119665,-6.366462912410498e-11,0.9999999999999927,True,True,True,False,0,False,0.0,none,1.0,,,
1.0,flow_scan,1.0,1.0,24,24,24.0,1373513.5731461898,2060270.3597192846,2060270.3597192846,1373513.5731461898,1373513.5731461898,2060270.3597192846,2060270.3597192846,23.220656255277333,49.80516217385201,28.400265604362062,18.117649199338075,18.220656255277333,33.40026560436206,33.40026560436206,432028.2830087135,449338.6923189496,426320.20368082664,245466.62151374278,245466.62151374278,425592.15229811653,254342.65510734127,1797.5893576341061,1817.507316777342,1744.2952278435714,1154.2470761718648,1157.417129811152,1775.6854003094677,1183.4385332432994,51.57568215375809,cooling,True,True,True,,False,False,-1.6370904631912708e-11,26,21.610129436003376,21.68668057303966,26,26,15,15.000000000000005,22.261926580945584,24.875880140453376,19.647973021437792,1.4802535842423827,1.8503169803029784,0.0004,0.04288126475661593,4211.7894927193565,70.19649154532262,1.169941525755377,1.5,True,139.5050463020687,11.315435402000851,8000.0,8742.292244677623,-8753.607680079624,817.2415128729892,742.2922446776239,74.94926819536533,0.6312448350414909,0.98702,0.9082899399812874,800,1600,968.0619945770588,9.789027936033532,8.263933554684334,constant,1.0,1.0,0.0004,False,True,0.2,0.165918484043359,800.0000000000002,16973.153103001274,828.5569482749901,8742.29224467764,8742.292244677623,1.6370904631912708e-11,1.0000000000000018,True,True,True,False,0,False,0.0,none,1.0,,,
1.0,optimal,0.3,,24,24,12.962476735253524,1066470.432351289,1599705.648527644,1599705.648527644,1066470.432351289,1066470.432351289,1599705.648527644,1599705.648527644,14.424160462593363,40.130469563570955,18.678322143226012,9.32376477291956,9.424160462593363,23.678322143226012,23.678322143226012,429854.3188535153,447066.23282225075,426227.48729082756,229290.12856741252,229290.12856741252,423917.9992264315,237616.01990696607,1813.3597637314558,1833.0871305770393,1764.7147053118076,1101.1796675458581,1103.6967295461125,1792.533680942605,1129.4668119950475,39.62217356017944,cooling,True,True,True,,False,False,-1.6370904631912708e-11,26,12.688207104704532,12.70830039553555,26,26,15,14.999999999999991,17.53232232299871,18.97429348859515,16.090351157402267,0.14644432243971095,0.1830554030496387,0.00021604127892089207,0.011966243807413597,1575.6990519739213,26.26165086623202,0.437694181103867,1.5000000000006661,True,3.622644851345531,2.127808977056194,2400.0,2605.961958942116,-2608.089767919172,234.86867939595857,205.96195894211596,28.90672045384261,0.6438907508648846,0.9583326436721384,0.8769239026328003,800,1600,240.6191332243603,10.218476155153523,9.974269160724512,optimal_power,0.5401031973022301,0.5401031973022301,0.00021604127892089207,False,False,0.10802063946044603,0.1941898131074757,432.1293250150981,5909.451159568449,236.99648837301476,2605.9619589421322,2605.961958942116,1.6370904631912708e-11,1.0000000000000062,True,True,True,True,15,False,0.0,none,1.0,bounded,,
1.0,optimal,0.4,,24,24,15.44452730188102,1108649.0113715578,1662973.5170572232,1662973.5170572232,1108649.0113715578,1108649.0113715578,1662973.5170572232,1662973.5170572232,15.73707036521887,41.620127009784085,20.129578733609776,10.63623585408169,10.73707036521887,25.129578733609776,25.129578733609776,430217.7629711065,447507.23001658294,426329.7614073994,231657.89216358142,231657.89216358142,424213.9469846962,240054.1342458628,1811.0006146289259,1830.9415080196195,1761.7890334895997,1109.0742877691034,1111.680918273085,1790.0342639605512,1137.4604193458995,41.23654274088349,cooling,True,True,True,,False,False,0.020135820240284374,26,14.361230343744467,14.38454669064827,26,26,15,14.999999999999945,18.184072451014032,19.799855318197444,16.56828958383062,0.22332675458506857,0.2791584432313357,0.0002574087883646837,0.016116045941135478,2015.6393839679865,33.59398973279978,0.5598998288799962,1.4999999999998976,True,6.410669881444509,3.416851772159248,3199.9999999999995,3478.6378452026456,-3482.0546969748048,313.91812150859977,278.63784520264596,35.280276305953805,0.6399455841153018,0.9694678660035195,0.8876131261986183,800,1600,323.7456431622035,10.19374091760528,9.884302901326555,optimal_power,0.6435219709117092,0.6435219709117092,0.0002574087883646837,False,False,0.12870439418234184,0.1828846889613995,510.28596564455637,7964.417517831813,317.334973280759,3478.6177093824053,3478.6378452026456,-0.020135820240284374,0.9999942115790329,True,True,True,True,15,False,0.0,none,1.0,bounded,,
1.0,optimal,0.5,,24,24,17.98013590341602,1147788.1227943068,1721682.1841914605,1721682.1841914605,1147788.1227943068,1147788.1227943068,1721682.1841914605,1721682.1841914605,16.922183475828035,42.940448736664166,21.439554921306353,11.820965643849377,11.922183475828035,26.439554921306353,26.439554921306353,430534.6483063693,447863.37200982356,426397.55619283865,233808.52545281075,233808.52545281075,424467.98343713436,242271.34998777913,1808.8749065245383,1828.9140750792576,1759.11771732097,1116.206291124522,1118.8960296974471,1787.776352566208,1144.6913063639633,42.74208313941437,cooling,True,True,True,,False,False,0.027627491986095265,26,15.764978403998043,15.79245132955621,26,26,15,14.999999999999948,18.82375217789476,20.560619222856644,17.086885132932878,0.3174454287048866,0.39680678588110824,0.00029966893172360035,0.02033283603610472,2436.159866162726,40.60266443604543,0.6767110739340905,1.5000000000000002,True,10.736831495815903,5.159091690384069,4000.0,4352.342097777297,-4357.501189467681,393.9631034727433,352.3420977772966,41.621005695446684,0.6374600516147446,0.9763521655325019,0.8943530362905513,800,1600,409.85902665894326,10.153235073895045,9.759453226166292,optimal_power,0.7491723293090008,0.7491723293090008,0.00029966893172360035,False,False,0.1498344658618002,0.1755020600860434,581.8506143583837,10329.582704574574,399.12219516312734,4352.314470285311,4352.342097777297,-0.027627491986095265,0.999993652270119,True,True,True,True,18,False,0.0,none,1.0,bounded,,
1.0,optimal,0.6,,24,24,20.713105166631237,1184269.8259532037,1776404.7389298063,1776404.7389298063,1184269.8259532037,1184269.8259532037,1776404.7389298063,1776404.7389298063,17.99977813504512,44.12884736084669,22.630648328568782,12.89822311397296,12.99977813504512,27.630648328568782,27.630648328568782,430813.3240689645,448161.28512180893,426438.0876306781,235775.34895007798,235775.34895007798,424687.8354436406,244301.4421926466,1806.9441815451003,1827.0238756667586,1756.6609347806384,1122.6969340904225,1125.4641537321452,1785.7205485722086,1151.2802487285546,44.15208551537083,cooling,True,True,True,,False,False,4.5838532969355583e-10,26,16.963202630905414,16.995766021382263,26,26,15,14.999999999999982,19.45445213896437,21.26559941850138,17.64330485942736,0.43144410821529167,0.5393051352691145,0.00034521841944385394,0.024610591845378487,2840.8508877722015,47.347514796203356,0.7891252466033892,1.5000000000000007,True,17.296423489978373,7.577422207840387,4800.000000000001,5226.943588821077,-5234.521011028918,474.9019219374204,426.9435888210764,47.95833311634402,0.6357425098546032,0.9810528442619034,0.8990142366223911,800,1600,499.7757676352392,10.107350124880131,9.604307193027564,optimal_power,0.8630460486096349,0.8630460486096349,0.00034521841944385394,False,False,0.17260920972192698,0.17019521478962615,650.2468402919085,13169.787788347323,482.4793441452608,5226.943588820619,5226.943588821077,-4.5838532969355583e-10,0.9999999999999123,True,True,True,True,16,False,0.0,none,1.0,bounded,,
1.0,optimal,0.7,,24,24,23.736262763712848,1218500.769481063,1827751.1542215948,1827751.1542215948,1218500.769481063,1218500.769481063,1827751.1542215948,1827751.1542215948,18.98843024225323,45.21228438825841,23.723383455216606,13.886576072032199,13.98843024225323,28.723383455216606,28.723383455216606,431060.8741158211,448416.38035218924,426456.84080185334,237589.55573445148,237589.55573445148,424879.9358196176,246176.1411174391,1805.1738217877228,1825.2618537458466,1754.3813957294237,1128.6573098188899,1131.4972604363013,1783.8311358705582,1157.3382913396756,45.48110225088092,cooling,True,True,True,,False,False,0.05555625149918342,26,18.000977918655792,18.03963391792338,26,26,15,15.0,20.080237373824446,21.926050386561315,18.234424361087576,0.5686551555233745,0.7108189444042181,0.0003956043793952141,0.028944858839289607,3232.2418847081103,53.87069807846851,0.8978449679744751,1.5000000000000004,True,27.062507603701587,10.979769605603952,5600.0,6102.3526780960865,-6113.33244770169,556.6588177733568,502.35267809608655,54.30613967727021,0.6344801048006756,0.9844793365820426,0.9024426849205487,800,1600,594.7010949826622,10.060022083904249,9.416495189340893,optimal_power,0.9890109484880353,0.9890109484880353,0.0003956043793952141,False,False,0.19780218969760704,0.1662019010837326,717.3056322664011,16652.651250811883,567.6385873789607,6102.297121844587,6102.3526780960865,-0.05555625149918342,0.99999089592909,True,True,True,True,17,False,0.0,none,1.0,bounded,,
1.0,optimal,0.8,,24,24,24.0,1267836.739824902,1901755.1097373534,1901755.1097373534,1267836.739824902,1267836.739824902,1901755.1097373534,1901755.1097373534,20.377253325553056,46.71497072814941,25.258310466510295,15.274996748587796,15.377253325553056,30.258310466510295,30.258310466510295,431395.1375478136,448734.3555887613,426452.0183453368,240154.2507832628,240154.2507832628,425133.77058786503,248830.07418442055,1802.6871515152916,1822.7078945927071,1751.1338401756661,1137.040294478551,1139.9851503769478,1781.1698754636502,1165.8714390865355,47.407059089839855,cooling,True,True,True,,False,False,1.0568328434601426e-09,26,19.272926908998784,19.320487839105102,26,26,15,15.00000000000002,20.8001647473055,22.887952487645975,18.712377006965028,0.7727725325775828,0.9659656657219785,0.0004,0.03346564695592245,3576.5531139241957,59.60921856540326,0.9934869760900543,1.5000000000000002,True,45.24849790726732,11.315435402000851,6399.999999999998,6980.268149450115,-6991.583584852116,641.2838114484285,580.2681494501165,61.015661998312,0.6335927760517713,0.9868736107393361,0.9048538869857019,800,1600,697.8477447576967,9.979980604133308,9.171054930072426,optimal_power,1.0,1.0,0.0004,False,True,0.2,0.165918484043359,750.6026083869313,16973.153103001274,652.5992468504294,6980.268149449058,6980.268149450115,-1.0568328434601426e-09,0.9999999999998486,True,True,True,True,19,True,0.0,none,1.0,bounded,,
1.0,optimal,0.9,,24,24,24.0,1319960.1569015528,1979940.2353523278,1979940.2353523278,1319960.1569015528,1319960.1569015528,1979940.2353523278,1979940.2353523278,21.801099223070935,48.26446464790547,26.83177059615184,16.698453687197116,16.801099223070935,31.83177059615184,31.83177059615184,431720.9809798875,449050.4184293251,426407.2965867049,242803.85540939867,242803.85540939867,425373.87917440385,251576.7974365814,1800.136246007324,1820.1164910848402,1747.7435868015052,1145.6486107701512,1148.7044426421458,1778.4304837635711,1174.6507422564046,49.45565196087044,cooling,True,True,True,,False,False,1.3642420526593924e-11,26,20.484736924364313,20.54444887805663,26,26,15,14.999999999999975,21.53036411455622,23.880989438546123,19.17973879056632,1.0603863121009636,1.3254828901262043,0.0004,0.038111949767696066,3903.81553001517,65.0635921669195,1.0843932027819918,1.499999999999999,True,77.95205064355042,11.315435402000851,7199.999999999999,7860.4586495753965,-7871.774084977397,728.3716463873931,660.4586495753978,67.9129968119953,0.632309549780565,0.98702,0.9067605155296298,800,1600,817.6391324329443,9.885063532759474,8.805840760796121,optimal_power,1.0,1.0,0.0004,False,True,0.2,0.165918484043359,776.9439667123902,16973.153103001274,739.6870817893939,7860.458649575383,7860.4586495753965,-1.3642420526593924e-11,0.9999999999999982,True,True,True,True,19,True,0.0,none,1.0,bounded,,
1.0,optimal,1.0,,24,24,24.0,1373513.5731461898,2060270.3597192846,2060270.3597192846,1373513.5731461898,1373513.5731461898,2060270.3597192846,2060270.3597192846,23.220656255277333,49.80516217385201,28.400265604362062,18.117649199338075,18.220656255277333,33.40026560436206,33.40026560436206,432028.2830087135,449338.6923189496,426320.20368082664,245466.62151374278,245466.62151374278,425592.15229811653,254342.65510734127,1797.5893576341061,1817.507316777342,1744.2952278435714,1154.2470761718648,1157.417129811152,1775.6854003094677,1183.4385332432994,51.57568215375809,cooling,True,True,True,,False,False,-1.6370904631912708e-11,26,21.610129436003376,21.68668057303966,26,26,15,15.000000000000005,22.261926580945584,24.875880140453376,19.647973021437792,1.4802535842423827,1.8503169803029784,0.0004,0.04288126475661593,4211.7894927193565,70.19649154532262,1.169941525755377,1.5,True,139.5050463020687,11.315435402000851,8000.0,8742.292244677623,-8753.607680079624,817.2415128729892,742.2922446776239,74.94926819536533,0.6312448350414909,0.98702,0.9082899399812874,800,1600,968.0619945770588,9.789027936033532,8.263933554684334,optimal_power,1.0,1.0,0.0004,False,True,0.2,0.165918484043359,800.0000000000002,16973.153103001274,828.5569482749901,8742.29224467764,8742.292244677623,1.6370904631912708e-11,1.0000000000000018,True,True,True,True,19,True,0.0,none,1.0,bounded,,
1.0,prescribed,0.3,1.0,24,24,24.0,1025457.1253071139,1538185.6879607046,1538185.6879607046,1025457.1253071139,1025457.1253071139,1538185.6879607046,1538185.6879607046,13.109514889261618,38.74103081909794,17.225159229500434,8.009572404937273,8.109514889261618,22.225159229500434,22.225159229500434,429477.7118214925,446729.09176345245,426097.7508097598,226934.3522764436,226934.3522764436,423606.8655122162,235193.13470911095,1815.7279624771506,1835.6203473684768,1767.612677127159,1093.2801370073532,1095.7100702931236,1795.0361860222442,1121.4785605449472,38.060217854426256,cooling,True,True,True,,False,False,6.530171958729625e-10,26,11.490548823269705,11.51017330820595,26,26,15,15.000000000000005,17.169991826023846,17.95108728251347,16.388896369534223,0.13435632177126539,0.16794540221408172,0.0004,0.011849314662257297,1621.8770019867602,27.031283366446004,0.45052138944076675,1.5000000000000329,True,3.2460748014222975,11.315435402000851,2400.0,2604.417029290437,-2615.7324646924376,232.7407233367057,204.41702929043717,28.323694046268542,0.6433813802338119,0.9597852056897483,0.8783036606563576,800,1600,247.30223354012887,10.311904017450024,9.704724319081253,optimal_power,1.0,1.0,0.0004,False,True,0.2,0.165918484043359,519.6753118018535,16973.153103001274,244.05615873870656,2604.417029289784,2604.417029290437,-6.530171958729625e-10,0.9999999999997493,True,True,True,False,0,False,0.0,none,1.0,,,
1.0,prescribed,0.4,1.0,24,24,24.0,1072033.809515749,1608050.7142745743,1608050.7142745743,1072033.809515749,1072033.809515749,1608050.7142745743,1608050.7142745743,14.599545169246994,40.41563403994627,18.872187862600583,9.499090038608927,9.599545169246994,23.872187862600583,23.872187862600583,429903.6099911805,447227.483232242,426242.7559737476,229605.54248704447,229605.54248704447,423958.39873032493,237940.63346400775,1813.0443083213806,1833.1240686960641,1764.3257898337622,1102.2339205963026,1104.7627981419555,1792.1998510643784,1130.533672212971,39.8346378808184,cooling,True,True,True,,False,False,0.030510582858369162,26,13.360602672549703,13.383154853485904,26,26,15,15.000000000000004,17.893688816761056,18.935281305802107,16.852096327720005,0.20564656584167093,0.25705820730208867,0.0004,0.015976190084479584,2066.381170249315,34.439686170821915,0.5739947695136985,1.5000000000008868,True,5.709685131858428,11.315435402000851,3200.0,3476.7694918986285,-3488.0849273006293,311.4789205522135,276.76949189862825,34.709428653585235,0.6395941649178932,0.9704472064798924,0.8885657219048733,800,1600,328.50404108607273,10.273568414603456,9.741128265638457,optimal_power,1.0,1.0,0.0004,False,True,0.2,0.165918484043359,587.8324764163234,16973.153103001274,322.7943559542143,3476.73898131577,3476.7694918986285,-0.030510582858369162,0.9999912244447239,True,True,True,False,0,False,0.0,none,1.0,,,
1.0,prescribed,0.5,1.0,24,24,24.0,1119344.4374265654,1679016.6561398483,1679016.6561398483,1119344.4374265654,1119344.4374265654,1679016.6561398483,1679016.6561398483,16.064006528415973,42.030366999892635,20.49096354422562,10.963065017473184,11.064006528415973,25.49096354422562,25.49096354422562,430306.254616145,447661.60488984623,426350.83501119853,232249.90461726597,232249.90461726597,424285.2875452598,240664.213266556,1810.4138893331974,1830.5562308678873,1761.0551254318814,1111.0411889058907,1113.6705296122968,1789.411611186995,1139.4536690375407,41.64723091824002,cooling,True,True,True,,False,False,0.013653531785166706,26,15.035718534796217,15.062251482380235,26,26,15,15.000000000000004,18.618540125326064,19.921045147290386,17.31603510336174,0.2963313946905692,0.37041424336321144,0.0004,0.020196272424603607,2481.8662544925573,41.36443757487596,0.6894072929145992,1.5,True,9.679776159806648,11.315435402000851,4000.000000000001,4350.51338215209,-4361.828817554091,391.65567368522284,350.51338215208915,41.14229153313369,0.6372389432435157,0.9769598581644013,0.8949529030282857,800,1600,412.6508852470303,10.213052609100812,9.693424012904835,optimal_power,1.0,1.0,0.0004,False,True,0.2,0.165918484043359,641.0659610356713,16973.153103001274,402.9711090872237,4350.499728620305,4350.51338215209,-0.013653531785166706,0.9999968616274482,True,True,True,False,0,False,0.0,none,1.0,,,
1.0,prescribed,0.6,1.0,24,24,24.0,1167650.092213964,1751475.1383209445,1751475.1383209445,1167650.092213964,1167650.092213964,1751475.1383209445,1751475.1383209445,17.512005995535276,43.61090537874588,22.091506693380666,12.410602211232117,12.512005995535276,27.091506693380666,27.091506693380666,430688.3130913155,448051.9348630504,426422.28824325954,234883.71546274397,234883.71546274397,424589.65455952456,243380.83648458365,1807.817930393295,1827.9558058863336,1757.7764453915693,1119.758227511333,1122.4901465053924,1786.6515052694654,1148.2960237242658,43.508929760380326,cooling,True,True,True,,False,False,6.093614501878619e-11,26,16.562800289466338,16.594546594575817,26,26,15,15.000000000000037,19.34455173438775,20.90838694312788,17.78071652564762,0.4131387595502747,0.5164234494378434,0.0004,0.024514235406797164,2870.6968820936136,47.84494803489356,0.7974158005815594,1.4999999999999987,True,16.146978892031864,11.315435402000851,4800.0,5225.655911626898,-5236.971347028899,473.3151599703542,425.65591162689793,47.659248343456284,0.6356344646084218,0.9813470434700258,0.8993075811338023,800,1600,500.77757426438694,10.141234437326379,9.5850937555479,optimal_power,1.0,1.0,0.0004,False,True,0.2,0.165918484043359,684.2015741289396,16973.153103001274,484.63059537235506,5225.655911626837,5225.655911626898,-6.093614501878619e-11,0.9999999999999883,True,True,True,False,0,False,0.0,none,1.0,,,
1.0,prescribed,0.7,1.0,24,24,24.0,1217110.1477142833,1825665.2215714257,1825665.2215714257,1217110.1477142833,1217110.1477142833,1825665.2215714257,1825665.2215714257,18.948676042250952,45.170023562863605,23.679445111780467,13.846833703847949,13.948676042250952,28.679445111780467,28.679445111780467,431051.07237411704,448407.90491445287,426456.43610320566,237516.42308487202,237516.42308487202,424872.39201061655,246100.52889558356,1805.244999311506,1825.337757988729,1754.4735553973878,1128.4175311098745,1131.254526296028,1783.907182569623,1157.094441610987,45.4269963816818,cooling,True,True,True,,False,False,7.275957614183426e-11,26,17.969472186375583,18.008029710741678,26,26,15,15.000000000000021,20.07174819039068,21.897340075329907,18.24615630545145,0.5664241817300355,0.7080302271625444,0.0004,0.028935387128692307,3234.9639275958198,53.91606545993033,0.8986010909988388,1.5000000000000007,True,26.887664355440837,11.315435402000851,5600.0,6102.226668882501,-6113.542104284502,556.5062244401654,502.22666888250126,54.27955555766414,0.634472367653065,0.9845002638671637,0.9024637044944676,800,1600,594.7093241976071,10.062780529783819,9.416364889781448,optimal_power,1.0,1.0,0.0004,False,True,0.2,0.165918484043359,720.1026357740168,16973.153103001274,567.8216598421662,6102.226668882428,6102.226668882501,-7.275957614183426e-11,0.9999999999999881,True,True,True,False,0,False,0.0,none,1.0,,,
1.0,prescribed,0.8,1.0,24,24,24.0,1267836.739824902,1901755.1097373534,1901755.1097373534,1267836.739824902,1267836.739824902,1901755.1097373534,1901755.1097373534,20.377253325553056,46.71497072814941,25.258310466510295,15.274996748587796,15.377253325553056,30.258310466510295,30.258310466510295,431395.1375478136,448734.3555887613,426452.0183453368,240154.2507832628,240154.2507832628,425133.77058786503,248830.07418442055,1802.6871515152916,1822.7078945927071,1751.1338401756661,1137.040294478551,1139.9851503769478,1781.1698754636502,1165.8714390865355,47.407059089839855,cooling,True,True,True,,False,False,1.0568328434601426e-09,26,19.272926908998784,19.320487839105102,26,26,15,15.00000000000002,20.8001647473055,22.887952487645975,18.712377006965028,0.7727725325775828,0.9659656657219785,0.0004,0.03346564695592245,3576.5531139241957,59.60921856540326,0.9934869760900543,1.5000000000000002,True,45.24849790726732,11.315435402000851,6399.999999999998,6980.268149450115,-6991.583584852116,641.2838114484285,580.2681494501165,61.015661998312,0.6335927760517713,0.9868736107393361,0.9048538869857019,800,1600,697.8477447576967,9.979980604133308,9.171054930072426,optimal_power,1.0,1.0,0.0004,False,True,0.2,0.165918484043359,750.6026083869313,16973.153103001274,652.5992468504294,6980.268149449058,6980.268149450115,-1.0568328434601426e-09,0.9999999999998486,True,True,True,False,0,False,0.0,none,1.0,,,
1.0,prescribed,0.9,1.0,24,24,24.0,1319960.1569015528,1979940.2353523278,1979940.2353523278,1319960.1569015528,1319960.1569015528,1979940.2353523278,1979940.2353523278,21.801099223070935,48.26446464790547,26.83177059615184,16.698453687197116,16.801099223070935,31.83177059615184,31.83177059615184,431720.9809798875,449050.4184293251,426407.2965867049,242803.85540939867,242803.85540939867,425373.87917440385,251576.7974365814,1800.136246007324,1820.1164910848402,1747.7435868015052,1145.6486107701512,1148.7044426421458,1778.4304837635711,1174.6507422564046,49.45565196087044,cooling,True,True,True,,False,False,1.3642420526593924e-11,26,20.484736924364313,20.54444887805663,26,26,15,14.999999999999975,21.53036411455622,23.880989438546123,19.17973879056632,1.0603863121009636,1.3254828901262043,0.0004,0.038111949767696066,3903.81553001517,65.0635921669195,1.0843932027819918,1.499999999999999,True,77.95205064355042,11.315435402000851,7199.999999999999,7860.4586495753965,-7871.774084977397,728.3716463873931,660.4586495753978,67.9129968119953,0.632309549780565,0.98702,0.9067605155296298,800,1600,817.6391324329443,9.885063532759474,8.805840760796121,optimal_power,1.0,1.0,0.0004,False,True,0.2,0.165918484043359,776.9439667123902,16973.153103001274,739.6870817893939,7860.458649575383,7860.4586495753965,-1.3642420526593924e-11,0.9999999999999982,True,True,True,False,0,False,0.0,none,1.0,,,
1.0,prescribed,1.0,1.0,24,24,24.0,1373513.5731461898,2060270.3597192846,2060270.3597192846,1373513.5731461898,1373513.5731461898,2060270.3597192846,2060270.3597192846,23.220656255277333,49.80516217385201,28.400265604362062,18.117649199338075,18.220656255277333,33.40026560436206,33.40026560436206,432028.2830087135,449338.6923189496,426320.20368082664,245466.62151374278,245466.62151374278,425592.15229811653,254342.65510734127,1797.5893576341061,1817.507316777342,1744.2952278435714,1154.2470761718648,1157.417129811152,1775.6854003094677,1183.4385332432994,51.57568215375809,cooling,True,True,True,,False,False,-1.6370904631912708e-11,26,21.610129436003376,21.68668057303966,26,26,15,15.000000000000005,22.261926580945584,24.875880140453376,19.647973021437792,1.4802535842423827,1.8503169803029784,0.0004,0.04288126475661593,4211.7894927193565,70.19649154532262,1.169941525755377,1.5,True,139.5050463020687,11.315435402000851,8000.0,8742.292244677623,-8753.607680079624,817.2415128729892,742.2922446776239,74.94926819536533,0.6312448350414909,0.98702,0.9082899399812874,800,1600,968.0619945770588,9.789027936033532,8.263933554684334,optimal_power,1.0,1.0,0.0004,False,True,0.2,0.165918484043359,800.0000000000002,16973.153103001274,828.5569482749901,8742.29224467764,8742.292244677623,1.6370904631912708e-11,1.0000000000000018,True,True,True,False,0,False,0.0,none,1.0,,,
1.2,constant,0.3,1.0,24,24,24.0,1025457.1253071139,1538185.6879607046,1538185.6879607046,1025457.1253071139,1025457.1253071139,1538185.6879607046,1538185.6879607046,13.109514889261618,38.74103081909794,17.225159229500434,8.009572404937273,8.109514889261618,22.225159229500434,22.225159229500434,429477.7118214925,446729.09176345245,426097.7508097598,226934.3522764436,226934.3522764436,423606.8655122162,235193.13470911095,1815.7279624771506,1835.6203473684768,1767.612677127159,1093.2801370073532,1095.7100702931236,1795.0361860222442,1121.4785605449472,38.060217854426256,cooling,True,True,True,,False,False,6.530171958729625e-10,26,11.490548823269705,11.51017330820595,26,26,15,15.000000000000005,17.169991826023846,17.95108728251347,16.388896369534223,0.13435632177126539,0.16794540221408172,0.0004,0.011849314662257297,1621.8770019867602,27.031283366446004,0.45052138944076675,1.5000000000000329,True,3.2460748014222975,11.315435402000851,2400.0,2604.417029290437,-2615.7324646924376,232.7407233367057,204.41702929043717,28.323694046268542,0.6433813802338119,0.9597852056897483,0.8783036606563576,800,1600,247.30223354012887,10.311904017450024,9.704724319081253,constant,1.0,1.0,0.0004,False,False,0.2,0.165918484043359,519.6753118018535,16973.153103001274,244.05615873870656,2604.417029289784,2604.417029290437,-6.530171958729625e-10,0.9999999999997493,True,True,True,False,0,False,0.0,none,1.0,,,
1.2,constant,0.4,1.0,24,24,24.0,1072033.809515749,1608050.7142745743,1608050.7142745743,1072033.809515749,1072033.809515749,1608050.7142745743,1608050.7142745743,14.599545169246994,40.41563403994627,18.872187862600583,9.499090038608927,9.599545169246994,23.872187862600583,23.872187862600583,429903.6099911805,447227.483232242,426242.7559737476,229605.54248704447,229605.54248704447,423958.39873032493,237940.63346400775,1813.0443083213806,1833.1240686960641,1764.3257898337622,1102.2339205963026,1104.7627981419555,1792.1998510643784,1130.533672212971,39.8346378808184,cooling,True,True,True,,False,False,0.030510582858369162,26,13.360602672549703,13.383154853485904,26,26,15,15.000000000000004,17.893688816761056,18.935281305802107,16.852096327720005,0.20564656584167093,0.25705820730208867,0.0004,0.015976190084479584,2066.381170249315,34.439686170821915,0.5739947695136985,1.5000000000008868,True,5.709685131858428,11.315435402000851,3200.0,3476.7694918986285,-3488.0849273006293,311.4789205522135,276.76949189862825,34.709428653585235,0.6395941649178932,0.9704472064798924,0.8885657219048733,800,1600,328.50404108607273,10.273568414603456,9.741128265638457,constant,1.0,1.0,0.0004,False,False,0.2,0.165918484043359,587.8324764163234,16973.153103001274,322.7943559542143,3476.73898131577,3476.7694918986285,-0.030510582858369162,0.9999912244447239,True,True,True,False,0,False,0.0,none,1.0,,,
1.2,constant,0.5,1.0,24,24,24.0,1119344.4374265654,1679016.6561398483,1679016.6561398483,1119344.4374265654,1119344.4374265654,1679016.6561398483,1679016.6561398483,16.064006528415973,42.030366999892635,20.49096354422562,10.963065017473184,11.064006528415973,25.49096354422562,25.49096354422562,430306.254616145,447661.60488984623,426350.83501119853,232249.90461726597,232249.90461726597,424285.2875452598,240664.213266556,1810.4138893331974,1830.5562308678873,1761.0551254318814,1111.0411889058907,1113.6705296122968,1789.411611186995,1139.4536690375407,41.64723091824002,cooling,True,True,True,,False,False,0.013653531785166706,26,15.035718534796217,15.062251482380235,26,26,15,15.000000000000004,18.618540125326064,19.921045147290386,17.31603510336174,0.2963313946905692,0.37041424336321144,0.0004,0.020196272424603607,2481.8662544925573,41.36443757487596,0.6894072929145992,1.5,True,9.679776159806648,11.315435402000851,4000.000000000001,4350.51338215209,-4361.828817554091,391.65567368522284,350.51338215208915,41.14229153313369,0.6372389432435157,0.9769598581644013,0.8949529030282857,800,1600,412.6508852470303,10.213052609100812,9.693424012904835,constant,1.0,1.0,0.0004,False,False,0.2,0.165918484043359,641.0659610356713,16973.153103001274,402.9711090872237,4350.499728620305,4350.51338215209,-0.013653531785166706,0.9999968616274482,True,True,True,False,0,False,0.0,none,1.0,,,
1.2,constant,0.6,1.0,24,24,24.0,1167650.092213964,1751475.1383209445,1751475.1383209445,1167650.092213964,1167650.092213964,1751475.1383209445,1751475.1383209445,17.512005995535276,43.61090537874588,22.091506693380666,12.410602211232117,12.512005995535276,27.091506693380666,27.091506693380666,430688.3130913155,448051.9348630504,426422.28824325954,234883.71546274397,234883.71546274397,424589.65455952456,243380.83648458365,1807.817930393295,1827.9558058863336,1757.7764453915693,1119.758227511333,1122.4901465053924,1786.6515052694654,1148.2960237242658,43.508929760380326,cooling,True,True,True,,False,False,6.093614501878619e-11,26,16.562800289466338,16.594546594575817,26,26,15,15.000000000000037,19.34455173438775,20.90838694312788,17.78071652564762,0.4131387595502747,0.5164234494378434,0.0004,0.024514235406797164,2870.6968820936136,47.84494803489356,0.7974158005815594,1.4999999999999987,True,16.146978892031864,11.315435402000851,4800.0,5225.655911626898,-5236.971347028899,473.3151599703542,425.65591162689793,47.659248343456284,0.6356344646084218,0.9813470434700258,0.8993075811338023,800,1600,500.77757426438694,10.141234437326379,9.5850937555479,constant,1.0,1.0,0.0004,False,False,0.2,0.165918484043359,684.2015741289396,16973.153103001274,484.63059537235506,5225.655911626837,5225.655911626898,-6.093614501878619e-11,0.9999999999999883,True,True,True,False,0,False,0.0,none,1.0,,,
1.2,constant,0.7,1.0,24,24,24.0,1217110.1477142833,1825665.2215714257,1825665.2215714257,1217110.1477142833,1217110.1477142833,1825665.2215714257,1825665.2215714257,18.948676042250952,45.170023562863605,23.679445111780467,13.846833703847949,13.948676042250952,28.679445111780467,28.679445111780467,431051.07237411704,448407.90491445287,426456.43610320566,237516.42308487202,237516.42308487202,424872.39201061655,246100.52889558356,1805.244999311506,1825.337757988729,1754.4735553973878,1128.4175311098745,1131.254526296028,1783.907182569623,1157.094441610987,45.4269963816818,cooling,True,True,True,,False,False,7.275957614183426e-11,26,17.969472186375583,18.008029710741678,26,26,15,15.000000000000021,20.07174819039068,21.897340075329907,18.24615630545145,0.5664241817300355,0.7080302271625444,0.0004,0.028935387128692307,3234.9639275958198,53.91606545993033,0.8986010909988388,1.5000000000000007,True,26.887664355440837,11.315435402000851,5600.0,6102.226668882501,-6113.542104284502,556.5062244401654,502.22666888250126,54.27955555766414,0.634472367653065,0.9845002638671637,0.9024637044944676,800,1600,594.7093241976071,10.062780529783819,9.416364889781448,constant,1.0,1.0,0.0004,False,False,0.2,0.165918484043359,720.1026357740168,16973.153103001274,567.8216598421662,6102.226668882428,6102.226668882501,-7.275957614183426e-11,0.9999999999999881,True,True,True,False,0,False,0.0,none,1.0,,,
1.2,constant,0.8,1.0,24,24,24.0,1267836.739824902,1901755.1097373534,1901755.1097373534,1267836.739824902,1267836.739824902,1901755.1097373534,1901755.1097373534,20.377253325553056,46.71497072814941,25.258310466510295,15.274996748587796,15.377253325553056,30.258310466510295,30.258310466510295,431395.1375478136,448734.3555887613,426452.0183453368,240154.2507832628,240154.2507832628,425133.77058786503,248830.07418442055,1802.6871515152916,1822.7078945927071,1751.1338401756661,1137.040294478551,1139.9851503769478,1781.1698754636502,1165.8714390865355,47.407059089839855,cooling,True,True,True,,False,False,1.0568328434601426e-09,26,19.272926908998784,19.320487839105102,26,26,15,15.00000000000002,20.8001647473055,22.887952487645975,18.712377006965028,0.7727725325775828,0.9659656657219785,0.0004,0.03346564695592245,3576.5531139241957,59.60921856540326,0.9934869760900543,1.5000000000000002,True,45.24849790726732,11.315435402000851,6399.999999999998,6980.268149450115,-6991.583584852116,641.2838114484285,580.2681494501165,61.015661998312,0.6335927760517713,0.9868736107393361,0.9048538869857019,800,1600,697.8477447576967,9.979980604133308,9.171054930072426,constant,1.0,1.0,0.0004,False,False,0.2,0.165918484043359,750.6026083869313,16973.153103001274,652.5992468504294,6980.268149449058,6980.268149450115,-1.0568328434601426e-09,0.9999999999998486,True,True,True,False,0,False,0.0,none,1.0,,,
1.2,constant,0.9,1.0,24,24,24.0,1319960.1569015528,1979940.2353523278,1979940.2353523278,1319960.1569015528,1319960.1569015528,1979940.2353523278,1979940.2353523278,21.801099223070935,48.26446464790547,26.83177059615184,16.698453687197116,16.801099223070935,31.83177059615184,31.83177059615184,431720.9809798875,449050.4184293251,426407.2965867049,242803.85540939867,242803.85540939867,425373.87917440385,251576.7974365814,1800.136246007324,1820.1164910848402,1747.7435868015052,1145.6486107701512,1148.7044426421458,1778.4304837635711,1174.6507422564046,49.45565196087044,cooling,True,True,True,,False,False,1.3642420526593924e-11,26,20.484736924364313,20.54444887805663,26,26,15,14.999999999999975,21.53036411455622,23.880989438546123,19.17973879056632,1.0603863121009636,1.3254828901262043,0.0004,0.038111949767696066,3903.81553001517,65.0635921669195,1.0843932027819918,1.499999999999999,True,77.95205064355042,11.315435402000851,7199.999999999999,7860.4586495753965,-7871.774084977397,728.3716463873931,660.4586495753978,67.9129968119953,0.632309549780565,0.98702,0.9067605155296298,800,1600,817.6391324329443,9.885063532759474,8.805840760796121,constant,1.0,1.0,0.0004,False,False,0.2,0.165918484043359,776.9439667123902,16973.153103001274,739.6870817893939,7860.458649575383,7860.4586495753965,-1.3642420526593924e-11,0.9999999999999982,True,True,True,False,0,False,0.0,none,1.0,,,
1.2,constant,1.0,1.0,24,24,24.0,1373513.5731461898,2060270.3597192846,2060270.3597192846,1373513.5731461898,1373513.5731461898,2060270.3597192846,2060270.3597192846,23.220656255277333,49.80516217385201,28.400265604362062,18.117649199338075,18.220656255277333,33.40026560436206,33.40026560436206,432028.2830087135,449338.6923189496,426320.20368082664,245466.62151374278,245466.62151374278,425592.15229811653,254342.65510734127,1797.5893576341061,1817.507316777342,1744.2952278435714,1154.2470761718648,1157.417129811152,1775.6854003094677,1183.4385332432994,51.57568215375809,cooling,True,True,True,,False,False,-1.6370904631912708e-11,26,21.610129436003376,21.68668057303966,26,26,15,15.000000000000005,22.261926580945584,24.875880140453376,19.647973021437792,1.4802535842423827,1.8503169803029784,0.0004,0.04288126475661593,4211.7894927193565,70.19649154532262,1.169941525755377,1.5,True,139.5050463020687,11.315435402000851,8000.0,8742.292244677623,-8753.607680079624,817.2415128729892,742.2922446776239,74.94926819536533,0.6312448350414909,0.98702,0.9082899399812874,800,1600,968.0619945770588,9.789027936033532,8.263933554684334,constant,1.0,1.0,0.0004,False,False,0.2,0.165918484043359,800.0000000000002,16973.153103001274,828.5569482749901,8742.29224467764,8742.292244677623,1.6370904631912708e-11,1.0000000000000018,True,True,True,False,0,False,0.0,none,1.0,,,
1.2,flow_scan,0.3,0.4,24,24,9.600000000000003,1100118.8505972165,1650178.2758946111,1650178.2758946111,1100118.8505972165,1100118.8505972165,1650178.2758946111,1650178.2758946111,15.474617291739662,41.24177696207414,19.83947050862423,10.373869346674496,10.474617291739662,24.83947050862423,24.83947050862423,430146.13988546806,447324.6134247662,426311.5601360565,231183.34322795804,231183.34322795804,424155.99147134926,239565.24351834084,1811.4718129505798,1831.0660696374284,1762.376591485065,1107.4956350196767,1110.0841527061073,1790.5340108167666,1135.8611143699272,40.9093847180663,cooling,True,True,True,,False,False,0.0,26,13.639316834567467,13.659860639407357,26,26,15,15.00000000000001,17.912070942138882,19.85915967222934,15.964982212048426,0.15771268180869813,0.19714085226087266,0.00016000000000000004,0.012062556620227372,1540.2881927711214,25.67146987951869,0.42785783132531147,1.4999999999988969,True,3.9888678445752994,0.9479860139159535,2399.9999999999995,2607.216309716862,-2608.1642957307777,236.59881343417493,207.21630971686184,29.382503717313085,0.6443008911177572,0.9571597667844026,0.8758129709492913,800,1600,241.5356672926662,10.143753323039014,9.93642068230008,constant,0.4000000000000001,0.4000000000000001,0.00016000000000000004,True,False,0.08000000000000002,0.2233042563235414,386.805733316748,3554.9475521848244,237.5467994480909,2607.216309716862,2607.216309716862,0.0,1.0,True,True,True,False,0,False,0.0,none,1.0,,,
1.2,flow_scan,0.3,0.44,24,24,10.56,1088082.7246691526,1632124.0870057158,1632124.0870057158,1088082.7246691526,1088082.7246691526,1632124.0870057158,1632124.0870057158,15.101678140818876,40.84712326971231,19.427233177554797,10.001054210538598,10.101678140818876,24.427233177554797,24.427233177554797,430043.47549875634,447234.0157160571,426283.75246648514,230510.08286515862,230510.08286515862,424072.5963976978,238871.84643271618,1812.1416992772106,1831.7833394589973,1763.2091182289382,1105.2528582836171,1107.8158177550142,1791.2440220318229,1133.5897433356458,40.44834233450651,cooling,True,True,True,,False,False,-9.094947017729282e-13,26,13.302281285434503,13.322656406698428,26,26,15,14.999999999999973,17.770143824442783,19.540108653848165,16.000178995037402,0.1535265140808042,0.19190814260100525,0.00017600000000000002,0.012028061911457142,1552.7125173103711,25.878541955172853,0.4313090325862142,1.500000000001826,True,3.8511083867069424,1.2247350885304182,2399.9999999999995,2606.7688820250874,-2607.993617113618,235.98144995737624,206.76888202508746,29.212567932288778,0.6441549762465597,0.9575773768621878,0.8762082022228219,800,1600,241.05729343261362,10.170290929365404,9.956139330299532,constant,0.44000000000000006,0.44000000000000006,0.00017600000000000002,False,False,0.08800000000000001,0.2124348622838004,401.26022804759657,4175.2332563536975,237.20618504590666,2606.7688820250883,2606.7688820250874,9.094947017729282e-13,1.0000000000000004,True,True,True,False,0,False,0.0,none,1.0,,,
1.2,flow_scan,0.3,0.48,24,24,11.52,1078259.6896852157,1617389.534529109,1617389.534529109,1078259.6896852157,1078259.6896852157,1617389.534529109,1617389.534529109,14.795005297727926,40.522685904180435,19.08824459735723,9.694484214852537,9.795005297727926,24.08824459735723,24.08824459735723,429958.27605837473,447158.57835540996,426259.19534455973,229957.3788104738,229957.3788104738,424003.1106934679,238302.7931347307,1812.6928643174247,1832.373364912247,1763.891683542882,1103.4089684775447,1105.951067936606,1791.827799325926,1131.722990453311,40.072571827498734,cooling,True,True,True,,False,False,1.1823431123048067e-11,26,13.024604620067748,13.044848412732449,26,26,15,15.000000000000021,17.65919351846327,19.281634565917727,16.03675247100881,0.15024100876493324,0.18780126095616653,0.000192,0.011999946165367458,1563.0502480686134,26.050837467810222,0.4341806244635037,1.5000000000011922,True,3.7444024611526356,1.5479766709743643,2400.0,2606.402701592469,-2607.9506782634435,235.47637263447513,206.40270159246901,29.07367104200611,0.6440352375222422,0.9579197915985874,0.8765325339577209,800,1600,240.76875176660215,10.192105361353889,9.968070949366911,constant,0.48,0.48,0.000192,False,False,0.096,0.20392973997759223,414.41490652496225,4837.427096794888,237.0243493054495,2606.402701592457,2606.402701592469,-1.1823431123048067e-11,0.9999999999999954,True,True,True,False,0,False,0.0,none,1.0,,,
1.2,flow_scan,0.3,0.52,24,24,12.48,1070082.3760885599,1605123.5641337,1605123.5641337,1070082.3760885599,1070082.3760885599,1605123.5641337,1605123.5641337,14.538104619449769,40.25096739935384,18.804273047566312,9.437670283977639,9.538104619449769,23.804273047566312,23.804273047566312,429886.3681379669,447094.73683565605,426237.46262868197,229495.01637612627,229495.01637612627,423944.2760818268,237826.877755814,1813.1548064686056,1832.8677881019753,1764.462098744966,1101.8645846069055,1104.3893177499644,1792.316798641217,1130.159898532505,39.760096834024964,cooling,True,True,True,,False,False,-1.318767317570746e-11,26,12.791637734353742,12.811776334648172,26,26,15,14.999999999999957,17.570386460308924,19.068062965652473,16.072709954965376,0.14759108296762863,0.18448885370953577,0.00020800000000000001,0.01197656475141867,1571.795283391637,26.196588056527283,0.4366098009421214,1.5000000000008038,True,3.659245539651055,1.9207801949689616,2400.0000000000005,2606.0971419741604,-2608.017922169129,235.0550415519021,206.09714197416025,28.95789957774184,0.6439351088948517,0.9582059350893517,0.876803750361816,800,1600,240.63506728652212,10.210374489968387,9.97360869744866,constant,0.52,0.52,0.00020800000000000001,False,False,0.10400000000000001,0.19711417152924604,426.4529061831979,5540.712100872003,236.97582174687105,2606.0971419741736,2606.0971419741604,1.318767317570746e-11,1.000000000000005,True,True,True,False,0,False,0.0,none,1.0,,,
1.2,flow_scan,0.3,0.56,24,24,13.440000000000001,1063173.1429246485,1594759.7143875659,1594759.7143875659,1063173.1429246485,1063173.1429246485,1594759.7143875659,1594759.7143875659,14.319888807125722,40.02021052731459,18.563063050768562,9.21952857355916,9.319888807125722,23.563063050768562,23.563063050768562,429824.9066327285,447040.04746161023,426218.17876090755,229102.7328694436,229102.7328694436,423893.85551364906,237423.18291027064,1813.547361615935,1833.2878810759528,1764.9456607054972,1100.5529281844074,1103.0629870808746,1792.7321510900395,1128.832665103041,39.496317627375724,cooling,True,True,True,,False,False,2.773958840407431e-11,26,12.593502389686876,12.613554920877753,26,26,15,15.00000000000005,17.498251679275057,18.889040167678218,16.107463190871897,0.14540982646467457,0.1817622830808432,0.00022400000000000002,0.011956825471760588,1579.285007488446,26.3214167914741,0.43869027985790165,1.500000000000558,True,3.5897574636566305,2.3461600173661568,2400.0,2605.8384343627185,-2608.1845943800845,234.69841118459425,205.83843436271843,28.85997682187582,0.6438501868242703,0.9584484846820873,0.8770337784725054,800,1600,240.63432866561703,10.22588942075266,9.97363931118496,constant,0.56,0.56,0.00022400000000000002,False,False,0.11200000000000002,0.19157015838971275,437.5230392676151,6284.357189373633,237.0445712019604,2605.838434362691,2605.8384343627185,-2.773958840407431e-11,0.9999999999999893,True,True,True,False,0,False,0.0,none,1.0,,,
1.2,flow_scan,0.3,0.6,24,24,14.4,1057260.4927938478,1585890.7391911917,1585890.7391911917,1057260.4927938478,1057260.4927938478,1585890.7391911917,1585890.7391911917,14.132299615610918,39.82187374849286,18.355707235133593,9.032003386007318,9.132299615610918,23.355707235133593,23.355707235133593,429771.7923736565,446992.69648126827,426201.0013382233,228765.83880789342,228765.83880789342,423850.18626713677,237076.55213922972,1813.8849547347238,1833.6491086593533,1765.360665596652,1099.4254825961038,1101.9229830274664,1793.0892070752939,1127.692056617238,39.27075893414831,cooling,True,True,True,,False,False,-3.410605131648481e-11,26,12.42299587121272,12.442976724264676,26,26,15,14.999999999999972,17.438901563905773,18.73709978728334,16.140703340528205,0.14358370024194297,0.1794796253024287,0.00024,0.011939944849518064,1585.7691185778594,26.42948530963099,0.4404914218271832,1.5000000000003972,True,3.532005063101418,2.827080964383448,2400.0000000000005,2605.6166453037235,-2608.443726268107,234.39274676569048,205.61664530372332,28.77610146196716,0.6437772796096599,0.9586566178056807,0.8772312630871081,800,1600,240.75183279317534,10.239224690681867,9.968771461282241,constant,0.6,0.6,0.00024,False,False,0.12000000000000001,0.18700051217092048,447.74734297690236,7067.702410958618,237.21982773007392,2605.6166453037577,2605.6166453037235,3.410605131648481e-11,1.000000000000013,True,True,True,False,0,False,0.0,none,1.0,,,
1.2,flow_scan,0.3,0.64,24,24,15.360000000000003,1052142.6853111358,1578214.0279670053,1578214.0279670053,1052142.6853111358,1052142.6853111358,1578214.0279670053,1578214.0279670053,13.969289940392002,39.649549721671406,18.175521245847165,8.869049552786635,8.969289940392002,23.175521245847165,23.175521245847165,429725.42909463757,446951.2975401204,426185.62719343253,228473.33590896416,228473.33590896416,423811.9959627742,236775.64256249683,1814.1784171597237,1833.9630798158507,1765.7207850667705,1098.4458511782425,1100.9324807065002,1793.399481833056,1126.7011564322593,39.07565067116476,cooling,True,True,True,,False,False,0.025513003117339395,26,12.27469801789266,12.294618258950432,26,26,15,15.000000000000009,17.389516151875085,18.60673894065502,16.17229336309515,0.14203232056817797,0.17754040071022245,0.00025600000000000004,0.011925341803952227,1591.4380894639721,26.52396815773287,0.4420661359622145,1.5000000000002867,True,3.4832442011883753,3.36646296009554,2400.0,2605.4243690822977,-2608.7908320423935,234.12781267593107,205.42436908229763,28.703443593633438,0.6437139982980309,0.9588371961829893,0.8774026747801918,800,1600,240.97751983721497,10.250811181164407,9.959435227075318,constant,0.6400000000000001,0.6400000000000001,0.00025600000000000004,False,False,0.12800000000000003,0.18318955452663493,457.2270046911845,7890.14756272392,237.4942756360266,2605.3988560791804,2605.4243690822977,-0.025513003117339395,0.9999902077360525,True,True,True,False,0,False,0.0,none,1.0,,,
1.2,flow_scan,0.3,0.6799999999999999,24,24,16.320000000000004,1047675.3810738734,1571513.0716110326,1571513.0716110326,1047675.3810738734,1047675.3810738734,1571513.0716110326,1571513.0716110326,13.826511423677914,39.498631934917,18.017698466377226,8.72632011725102,8.826511423677914,23.017698466377226,23.017698466377226,429684.66126798844,446914.84450446226,426171.82130191714,228217.32469187953,228217.32469187953,423778.3606281368,236512.30907487273,1814.4355394667305,1834.2381433332464,1766.0358281219028,1097.587866218065,1100.065006033097,1793.6712538106258,1125.8334296142498,38.90543880835504,cooling,True,True,True,,False,False,4.4565240386873484e-11,26,12.144705625309768,12.164574017403618,26,26,15,14.999999999999995,17.348012319367882,18.493823761661133,16.20220087707463,0.1406997526210762,0.17587469077634524,0.00027200000000000005,0.01191260102400443,1596.4299780399933,26.607166300666556,0.4434527716777759,1.5000000000002125,True,3.441582671261493,3.9671849405553625,2400.0000000000005,2605.2562984666024,-2609.223483407158,233.89627503469967,205.25629846660203,28.639976568097637,0.6436586271819371,0.9589951450387416,0.8775526606233949,800,1600,241.30504264651654,10.260958622124052,9.945917307313456,constant,0.68,0.68,0.00027200000000000005,False,False,0.13600000000000004,0.17997786194242144,466.0471713842417,8751.143251225063,237.86345997525504,2605.256298466558,2605.2562984666024,-4.4565240386873484e-11,0.9999999999999829,True,True,True,False,0,False,0.0,none,1.0,,,
1.2,flow_scan,0.3,0.72,24,24,17.280000000000005,1043738.0040987403,1565607.0061482803,1565607.0061482803,1043738.0040987403,1043738.0040987403,1565607.0061482803,1565607.0061482803,13.700289537495792,39.36522943127392,17.878177118695135,8.600141751666342,8.700289537495792,22.878177118695135,22.878177118695135,429648.49785938545,446882.46957058186,426159.3534061758,227991.14717025333,227991.14717025333,423748.4824387016,236279.6900407539,1814.6629108702589,1834.4813581874087,1766.3140458456985,1096.829421970977,1099.2981973067328,1793.9115173278622,1125.0664722582676,38.75549277983313,cooling,True,True,True,,False,False,-2.000888343900442e-11,26,12.0297105186919,12.04953401363969,26,26,15,15.000000000000007,17.312825160652608,18.395194661778135,16.23045565952708,0.13954159601540597,0.17442699501925746,0.00028800000000000006,0.011901376229521905,1600.863725274852,26.6810620879142,0.4446843681319033,1.5000000000001628,True,3.4055405894391515,4.632088201868808,2399.9999999999995,2605.1079812638854,-2609.7400694657545,233.69198487337644,205.10798126388593,28.58400360949051,0.6436097211244983,0.9591346076896989,0.8776851348796646,800,1600,241.7296136646844,10.269928604100027,9.92844841645742,constant,0.7200000000000001,0.7200000000000001,0.00028800000000000006,False,False,0.14400000000000002,0.17724563359492462,474.27944462644126,9650.183753893347,238.32407307524525,2605.1079812639055,2605.1079812638854,2.000888343900442e-11,1.0000000000000078,True,True,True,False,0,False,0.0,none,1.0,,,
1.2,flow_scan,0.3,0.76,24,24,18.240000000000006,1040243.2473015594,1560364.8709524677,1560364.8709524677,1040243.2473015594,1040243.2473015594,1560364.8709524677,1560364.8709524677,13.587956427118627,39.24651750697234,17.75400818111774,8.48784747573552,8.587956427118627,22.75400818111774,22.75400818111774,429616.21684975724,446853.5396879356,426148.05081947386,227789.97235020399,227789.97235020399,423721.7792180308,236072.8073099984,1814.8653160369615,1834.6978497978146,1766.561421727965,1096.1544702179165,1098.6158209767973,1794.1253499090387,1124.3840218303371,38.622461390202034,cooling,True,True,True,,False,False,2.8194335754960775e-11,26,11.92730900441245,11.947093266817681,26,26,15,14.999999999999998,17.282761975630677,18.308400448699388,16.257123502561967,0.1385262059410889,0.1731577574263611,0.00030400000000000007,0.011891416827137721,1604.826039794882,26.747100663248034,0.4457850110541339,1.5000000000001235,True,3.374068952917066,5.363979292783581,2399.9999999999995,2604.9761908527194,-2610.3401701455027,233.51048632500815,204.9761908527196,28.534295472288534,0.6435662315925437,0.9592585894628929,0.8778029375838244,800,1600,242.24853457070878,10.277911017064968,9.90718067398453,constant,0.7600000000000001,0.7600000000000001,0.00030400000000000007,False,False,0.15200000000000002,0.1749014938159141,481.9851914552076,10586.801235757064,238.8744656177917,2604.976190852691,2604.9761908527194,-2.8194335754960775e-11,0.9999999999999892,True,True,True,False,0,False,0.0,none,1.0,,,
1.2,flow_scan,0.3,0.7999999999999999,24,24,19.2,1037120.767254122,1555681.1508812825,1555681.1508812825,1037120.767254122,1037120.767254122,1555681.1508812825,1555681.1508812825,13.487349088522421,39.140206535983225,17.64280068908073,8.387274999233398,8.487349088522421,22.64280068908073,22.64280068908073,429587.2282424468,446827.53603732825,426137.76353931346,227609.88892521735,227609.88892521735,423697.7735724059,235887.6314985226,1815.0466361252338,1834.8917749737536,1766.7827950923072,1095.5500017858242,1098.0047185397732,1794.3168678921902,1123.7728992272555,38.503647462972275,cooling,True,True,True,,False,False,3.410605131648481e-11,26,11.835549175446147,11.855298867874126,26,26,15,14.999999999999975,17.25690123247196,18.231513016546387,16.282289448397535,0.13762880856789705,0.17203601070987132,0.00031999999999999997,0.011882521119017785,1608.3879472324195,26.806465787206992,0.4467744297867832,1.500000000000096,True,3.3463536577557345,6.1656325357801425,2400.0,2604.8583214710457,-2611.023954006826,233.34818200498648,204.8583214710459,28.489860533940572,0.6435273099763487,0.9593695210127451,0.8779083672769658,800,1600,242.86016819852236,10.285059773676375,9.882229835393,constant,0.7999999999999999,0.7999999999999999,0.00031999999999999997,False,False,0.15999999999999998,0.1728748010150262,489.2170789239386,11560.561004587767,239.51381454076662,2604.8583214710115,2604.8583214710457,-3.410605131648481e-11,0.9999999999999869,True,True,True,False,0,False,0.0,none,1.0,,,
1.2,flow_scan,0.3,0.84,24,24,20.16,1034314.3947370034,1551471.5921055833,1551471.5921055833,1034314.3947370034,1034314.3947370034,1551471.5921055833,1551471.5921055833,13.396732185166684,39.04445992385223,17.54263641784803,8.296689561598669,8.396732185166684,22.54263641784803,22.54263641784803,429561.055923152,446804.03903398186,426128.36521587486,227447.7622338355,227447.7622338355,423676.0792602567,235720.93395276635,1815.2099860784601,1835.0664694347377,1766.9820413128793,1095.0055809594678,1097.4543350346416,1794.4893735438707,1123.2225347009892,38.39689904364031,cooling,True,True,True,,False,False,1.000444171950221e-10,26,11.75286321148053,11.772582217337273,26,26,15,14.999999999999996,17.234522218812742,18.16299698197355,16.306047455651935,0.13683005364197012,0.17103756705246265,0.000336,0.011874528172744637,1611.6068672868028,26.860114454780046,0.4476685742463341,1.5000000000000757,True,3.3217631555554785,7.039792241537186,2400.0,2604.7522887317086,-2611.792080973246,233.20219497799832,204.7522887317089,28.44990624628943,0.6434922763611757,0.9594693488115751,0.8780032655825836,800,1600,243.563750375091,10.291498329277863,9.853683055479202,constant,0.8399999999999999,0.8399999999999999,0.000336,False,False,0.16799999999999998,0.1711102683166176,496.0206680545927,12571.057574173548,240.2419872195355,2604.7522887316086,2604.7522887317086,-1.000444171950221e-10,0.9999999999999616,True,True,True,False,0,False,0.0,none,1.0,,,
1.2,flow_scan,0.3,0.8799999999999999,24,24,21.12,1031778.6181381345,1547667.927207265,1547667.927207265,1031778.6181381345,1031778.6181381345,1547667.927207265,1547667.927207265,13.314693498269946,38.95778329415259,17.451954314944544,8.214679414958141,8.314693498269946,22.451954314944544,22.451954314944544,429537.31035935687,446782.70471837244,426119.74855107785,227301.04375320152,227301.04375320152,423656.3795408219,235570.0902074818,1815.3579017520315,1835.2246484229138,1767.1623089262418,1094.5127160815937,1096.9560821794291,1794.6455541543216,1122.7243292257854,38.30047378102522,cooling,True,True,True,,False,False,0.002155933981157432,26,11.677973859185556,11.697665445731042,26,26,15,14.999999999999972,17.215054976092773,18.10161596116751,16.328493991018036,0.13611457428203727,0.17014321785254657,0.000352,0.011867307680644023,1614.529858713672,26.9088309785612,0.4484805163093533,1.5000000000000613,True,3.2997990119889424,7.989174667622058,2399.9999999999995,2604.65640093248,-2612.6455756001023,233.07019081706656,204.65640093248055,28.41378988458601,0.6434605781224444,0.9595596541812802,0.8780891293520775,800,1600,244.35916449667755,10.297327133883565,9.821608307359519,constant,0.8799999999999999,0.8799999999999999,0.000352,False,False,0.176,0.16956413811192309,502.4356041745154,13617.911365264872,241.0593654846886,2604.654244998499,2604.65640093248,-0.002155933981157432,0.9999991722770112,True,True,True,False,0,False,0.0,none,1.0,,,
1.2,flow_scan,0.3,0.9199999999999999,24,24,22.08,1029476.821964169,1544215.232946304,1544215.232946304,1029476.821964169,1029476.821964169,1544215.232946304,1544215.232946304,13.240093194746578,38.87897064842406,17.369494420731314,8.140105107673776,8.240093194746578,22.369494420731314,22.369494420731314,429515.6759231831,446763.2539903673,426111.8242875006,227167.67797755994,227167.67797755994,423638.4173322149,235432.98378781317,1815.4924304245912,1835.3685038376336,1767.3261360637653,1094.064553908665,1096.5030289902957,1794.787578629706,1122.2713439122576,38.212970670156835,cooling,True,True,True,,False,False,3.292370820418e-10,26,11.609849411279413,11.629516359142956,26,26,15,15.00000000000001,17.198044185250694,18.046364208108173,16.349724162393215,0.1354701939362713,0.1693377424203391,0.000368,0.0118607548597785,1617.1950989749184,26.953251649581972,0.4492208608263662,1.5000000000000488,True,3.2800681675830754,9.016469761792312,2399.9999999999995,2604.569295379764,-2613.5857651415563,232.95028940609907,204.569295379764,28.380994026335088,0.6434317696323879,0.9596417118343005,0.8781671656270884,800,1600,245.24682733547445,10.302627252014751,9.786059318586114,constant,0.9199999999999999,0.9199999999999999,0.000368,False,False,0.184,0.1682014200235463,508.49660969259963,14700.765915965725,241.96675916789138,2604.5692953794346,2604.569295379764,-3.292370820418e-10,0.9999999999998735,True,True,True,False,0,False,0.0,none,1.0,,,
1.2,flow_scan,0.3,0.96,24,24,23.04,1027378.0673977835,1541067.101096715,1541067.101096715,1027378.0673977835,1027378.0673977835,1541067.101096715,1541067.101096715,13.17196391702879,38.806998644700684,17.294187430054592,8.071999607425084,8.17196391702879,22.294187430054592,22.294187430054592,429495.88333430747,446745.4482741348,426104.5136391457,227045.9221159874,227045.9221159874,423621.9728070546,235307.82052799573,1815.6153102719873,1835.4998963968371,1767.4756733265665,1093.6552788046754,1096.089294139112,1794.9172876878354,1121.8576915886915,38.13320677096751,cooling,True,True,True,,False,False,4.611138137988746e-10,26,11.547613372218564,11.567258060485857,26,26,15,15.000000000000004,17.183122669063266,17.996415913836927,16.369829424289605,0.13488682120259912,0.1686085265032489,0.000384,0.0118547812286902,1619.6352202404719,26.993920337341198,0.44989867228902,1.5000000000000389,True,3.2622467870341874,10.124342722363187,2400.0,2604.489818651737,-2614.6141613741,232.84089973476554,204.48981865173738,28.351081083028163,0.6434054731835704,0.959716601691913,0.8782383974837602,800,1600,246.22748924416294,10.307467471281443,9.74708391563918,constant,0.96,0.96,0.000384,False,False,0.192,0.16699386864147725,514.2341856644973,15819.285503692478,242.96524245712874,2604.489818651276,2604.489818651737,-4.611138137988746e-10,0.9999999999998229,True,True,True,False,0,False,0.0,none,1.0,,,
1.2,flow_scan,0.3,0.9999999999999999,24,24,23.999999999999996,1025457.1253071139,1538185.6879607046,1538185.6879607046,1025457.1253071139,1025457.1253071139,1538185.6879607046,1538185.6879607046,13.109514889261618,38.74103081909794,17.225159229500434,8.009572404937273,8.109514889261618,22.225159229500434,22.225159229500434,429477.7118214925,446729.09176345245,426097.7508097598,226934.3522764436,226934.3522764436,423606.8655122162,235193.13470911095,1815.7279624771506,1835.6203473684768,1767.612677127159,1093.2801370073532,1095.7100702931236,1795.0361860222442,1121.4785605449472,38.060217854426256,cooling,True,True,True,,False,False,6.530171958729625e-10,26,11.490548823269705,11.51017330820595,26,26,15,15.000000000000005,17.169991826023846,17.95108728251347,16.388896369534223,0.13435632177126539,0.16794540221408172,0.00039999999999999996,0.011849314662257297,1621.8770019867602,27.031283366446004,0.45052138944076675,1.5000000000000329,True,3.2460748014222975,11.315435402000844,2400.0,2604.417029290437,-2615.7324646924376,232.7407233367057,204.41702929043717,28.323694046268542,0.6433813802338119,0.9597852056897483,0.8783036606563576,800,1600,247.30223354012887,10.311904017450024,9.704724319081253,constant,0.9999999999999999,0.9999999999999999,0.00039999999999999996,False,False,0.19999999999999998,0.165918484043359,519.6753118018535,16973.153103001267,244.05615873870656,2604.417029289784,2604.417029290437,-6.530171958729625e-10,0.9999999999997493,True,True,True,False,0,False,0.0,none,1.0,,,
1.2,flow_scan,0.3,1.04,24,24,24.96,1023692.7388123455,1535539.108218546,1535539.108218546,1023692.7388123455,1023692.7388123455,1535539.108218546,1535539.108218546,13.052077809804473,38.68036033858289,17.161671088069,7.952155424585101,8.052077809804473,22.161671088069,22.161671088069,429460.9741345853,446714.01816563326,426091.4787520217,226831.76589760024,226831.76589760024,423592.94216018013,235087.6885957695,1815.8315884440428,1835.7311426473736,1767.7386302088519,1092.9351112907982,1095.361295088307,1795.145545290182,1121.1298851277927,37.993191915839034,cooling,True,True,True,,False,False,8.776623872108757e-10,26,11.438049454467546,11.457655524870766,26,26,15,14.999999999999998,17.158406871600647,17.90980763188537,16.407006111315923,0.1338719345961727,0.16733991824521585,0.00041600000000000003,0.011844294417777514,1623.9431868754414,27.065719781257357,0.4510953296876226,1.500000000000027,True,3.2313369572872164,12.59236757655814,2399.9999999999995,2604.3501331066104,-2616.9425006831684,232.64866503975168,204.35013310661103,28.29853193314065,0.6433592302622108,0.9598482682585885,0.8783636608088622,800,1600,248.47236957359704,10.315984403305825,9.659021661517677,constant,1.04,1.04,0.00041600000000000003,False,False,0.20800000000000002,0.16495638486800412,524.843927092669,18162.068620035778,245.2410326163098,2604.3501331057328,2604.3501331066104,-8.776623872108757e-10,0.999999999999663,True,True,True,False,0,False,0.0,none,1.0,,,
1.2,flow_scan,0.3,1.08,24,24,25.92,1022066.9664203683,1533100.4496305762,1533100.4496305762,1022066.9664203683,1022066.9664203683,1533100.4496305762,1533100.4496305762,12.999087129401914,38.62438910534087,17.103097856548118,7.899183308902423,7.999087129401914,22.103097856548118,22.103097856548118,429445.51132535655,446700.08616510005,426085.64814302773,226737.14589534022,226737.14589534022,423580.07246294693,234990.43546457245,1815.9272051028927,1835.8333705961495,1767.854786155261,1092.6168022856307,1095.039531055642,1795.246441639013,1120.8082253821353,37.93144389419337,cooling,True,True,True,,False,False,1.065018295776099e-09,26,11.389601868206853,11.409191090385962,26,26,15,14.999999999999975,17.14816570114982,17.87209726900062,16.424234133299024,0.13342801978629723,0.16678502473287152,0.00043200000000000004,0.011839669245562456,1625.8531016054837,27.09755169342473,0.45162586155707884,1.5000000000000233,True,3.217854353165123,13.957738096836144,2400.0,2604.288459075367,-2618.246197172203,232.56379964513417,204.2884590753668,28.275340569767366,0.6433388029747493,0.9599064187068191,0.8784189946461474,800,1600,249.73939209513543,10.319748833060546,9.610017786404104,constant,1.08,1.08,0.00043200000000000004,False,False,0.21600000000000003,0.16409195617050373,529.7613636276214,19385.747356716864,246.52153774197032,2604.288459074302,2604.288459075367,-1.065018295776099e-09,0.9999999999995911,True,True,True,False,0,False,0.0,none,1.0,,,
1.2,flow_scan,0.3,1.1199999999999999,24,24,26.88,1020564.5620450401,1530846.8430675797,1530846.8430675797,1020564.5620450401,1020564.5620450401,1530846.8430675797,1530846.8430675797,12.950061101585845,38.57260769322693,17.048907020684794,7.850174475201015,7.950061101585845,22.048907020684794,22.048907020684794,429431.1876169598,446687.17492457276,426080.21615141653,226649.62635107498,226649.62635107498,423568.1449941895,234900.48424831126,1816.0156788900945,1835.9279584455646,1767.96221187431,1092.3223144946605,1094.7418503207914,1795.3397917645188,1120.5106515476214,37.874391878745094,cooling,True,True,True,,False,False,1.342414179816842e-09,26,11.344768501978479,11.364342255691124,26,26,15,14.999999999999993,17.13910031134691,17.83755027912997,16.440650343563846,0.1330198360424401,0.16627479505305012,0.000448,0.011835395610023674,1627.6232725359682,27.127054542266137,0.4521175757044356,1.500000000000019,True,3.2054770964955024,15.414125938185688,2400.0,2604.2314364271465,-2619.6455623653324,232.4853402891571,204.23143642714666,28.253903862010446,0.643319910855494,0.9599601925694697,0.8784701700895668,800,1600,251.1049433238383,10.323231550922584,9.557756881372232,constant,1.1199999999999999,1.1199999999999999,0.000448,False,False,0.224,0.16331219322781032,534.446701689458,20643.918667212976,247.8994662273428,2604.231436425804,2604.2314364271465,-1.342414179816842e-09,0.9999999999994845,True,True,True,False,0,False,0.0,none,1.0,,,
1.2,flow_scan,0.3,1.16,24,24,27.84,1019172.4891180779,1528758.7336771335,1528758.7336771335,1019172.4891180779,1019172.4891180779,1528758.7336771335,1528758.7336771335,12.904586877350255,38.524579568412946,16.99864222488418,7.804716215151643,7.904586877350255,21.99864222488418,21.99864222488418,429417.8863498895,446675.18052408897,426075.1454275725,226568.46554497944,226568.46554497944,423557.0639129292,234817.07175284458,1816.0977524837285,1836.0157009313625,1768.0618209676477,1092.0491666440153,1094.4657439238629,1795.426381272218,1120.23465323023,37.821538473253675,cooling,True,True,True,,False,False,1.6475496522616595e-09,26,11.303174183404224,11.322733690847965,26,26,15,14.999999999999991,17.131070179818835,17.80582106017266,16.456319299465008,0.13264336907530372,0.16580421134412965,0.000464,0.0118314362963264,1629.2679128294872,27.154465213824786,0.4525744202304131,1.5000000000000162,True,3.1940786705288615,16.964091160478706,2400.0000000000005,2604.1785766690064,-2621.142667829485,232.41261361826363,204.1785766690056,28.23403694925804,0.643302393313586,0.9600100483769463,0.8785176221303019,800,1600,252.5707834492712,10.326461901684848,9.5022867143382,constant,1.16,1.16,0.000464,False,False,0.232,0.16260619507472587,538.9170671693167,21936.32477648108,249.37670477874235,2604.178576667359,2604.1785766690064,-1.6475496522616595e-09,0.9999999999993674,True,True,True,False,0,False,0.0,none,1.0,,,
1.2,flow_scan,0.3,1.2,24,24,28.799999999999994,1017869.2424289967,1526803.8636435098,1526803.8636435098,1017869.2424289967,1017869.2424289967,1526803.8636435098,1526803.8636435098,12.861971916161735,38.479661499654924,16.980589707484626,7.762140149512504,7.861971916161735,21.951537960469636,21.951537960469636,429405.4080926769,446664.026946311,426070.3653928843,226539.63002722288,226539.63002722288,423546.6641058072,234738.92313974854,1816.17467392179,1836.0982628898937,1768.1551374905823,1091.9559130455675,1094.375008770124,1795.50752844913,1119.9760236016666,37.772065324300456,cooling,True,True,True,,False,False,2.5920599000528455e-11,26,11.264187332632332,11.283733577567396,26,26,15,14.999999975994879,17.12399620368322,17.776664811578087,16.471327595788352,0.13229243171117563,0.16536553963896952,0.0004799999999999999,0.011830482316370027,1631.1724709360972,27.186207848934952,0.4531034641489159,1.5000000000000144,True,3.183467983944226,18.610175789048036,2400.0,2604.177785152889,-2622.787960941937,232.39720613196124,204.17778515288865,28.219420979072595,0.6432821491326964,0.960067657738628,0.8785724602771305,800,1600,254.1908499049535,10.32714652618163,9.441724597472344,constant,1.1999999999999997,1.1999999999999997,0.0004799999999999999,False,True,0.23999999999999996,0.16196476873605428,543.2449794253174,23262.71973631005,251.00738192100928,2604.177785152863,2604.177785152889,-2.5920599000528455e-11,0.99999999999999,True,True,True,False,0,False,2.4005146315175807e-08,none,1.0,,,
1.2,flow_scan,0.6,0.4,24,24,9.600000000000003,1339397.2280960237,2009095.8421440343,2009095.8421440343,1339397.2280960237,1339397.2280960237,2009095.8421440343,2009095.8421440343,22.32124425854977,48.725585611425004,27.406517421702176,17.218463070161647,17.32124425854977,32.406517421702176,32.406517421702176,431835.6475162017,449028.0469947052,426380.44687174173,243777.03736768855,243777.03736768855,425456.34999730095,252586.99318579212,1799.2035713972673,1818.756149267592,1746.488372993126,1148.7972301272303,1151.894492405836,1777.426418679659,1177.8664504246967,50.22330243423386,cooling,True,True,True,,False,False,3.128661774098873e-10,26,20.408914881564897,20.45321022751692,26,26,15,14.99999999999999,20.850310319032985,24.761984696496654,16.938635941569316,0.6973374397707086,0.8716717997133857,0.00016000000000000004,0.02552395764389281,2597.151952576615,43.285865876276915,0.7214310979379486,1.4999999999999991,True,38.027977765659195,0.9479860139159535,4800.000000000001,5238.818076086209,-5239.766062100125,489.5472254311194,438.81807608620824,50.72914934491115,0.6367147089827216,0.978397633150518,0.8963753715481962,800,1600,528.5231892106946,9.804978458968662,9.08190992937964,constant,0.4000000000000001,0.4000000000000001,0.00016000000000000004,True,False,0.08000000000000002,0.2233042563235414,471.96881083788793,3554.9475521848244,490.49521144503535,5238.818076085896,5238.818076086209,-3.128661774098873e-10,0.9999999999999403,True,True,True,False,0,False,0.0,none,1.0,,,
1.2,flow_scan,0.6,0.44,24,24,10.56,1311154.507761181,1966731.7616417704,1966731.7616417704,1311154.507761181,1311154.507761181,1966731.7616417704,1966731.7616417704,21.563559772786277,47.918616528628036,26.56928543462766,16.460977364721657,16.563559772786277,31.56928543462766,31.56928543462766,431667.8304726528,448889.7112142568,426417.6561556966,242360.3682967966,242360.3682967966,425335.27268292,251116.68786972694,1800.5620093488772,1820.208503119497,1748.3137506617222,1144.211424483103,1147.2484959510562,1778.8883894180249,1173.1837631314597,49.10855102615337,cooling,True,True,True,,False,False,2.546585164964199e-11,26,19.820113102138123,19.861507084001605,26,26,15,15.000000000000025,20.563558008112352,24.118356106978638,17.008759909246066,0.6308971420452145,0.7886214275565181,0.00017600000000000002,0.02535557734930208,2637.313871871117,43.95523119785195,0.7325871866308659,1.4999999999999991,True,32.151253935280415,1.2247350885304182,4800.0,5236.670729244196,-5237.895464332726,486.89779531664914,436.67072924419665,50.22706607245249,0.6365425095800386,0.9788689863984728,0.8968426915143705,800,1600,520.27378434046,9.858331761141715,9.22591171124422,constant,0.44000000000000006,0.44000000000000006,0.00017600000000000002,False,False,0.08800000000000001,0.2124348622838004,493.51085550089056,4175.2332563536975,488.12253040517953,5236.670729244171,5236.670729244196,-2.546585164964199e-11,0.9999999999999951,True,True,True,False,0,False,0.0,none,1.0,,,
1.2,flow_scan,0.6,0.48,24,24,11.52,1288269.0719469916,1932403.6079204862,1932403.6079204862,1288269.0719469916,1288269.0719469916,1932403.6079204862,1932403.6079204862,20.940549930447844,47.25540296089042,25.880820694997624,15.838136488174428,15.940549930447844,30.880820694997624,30.880820694997624,431526.1173419941,448771.5311491567,426439.26914589107,241199.9878815397,241199.9878815397,425231.24229980406,249913.520645614,1801.6782732609272,1821.4015173525995,1749.8003368237153,1140.4440877046366,1143.4324260117703,1780.0876158674403,1169.3407275643633,48.20839037307408,cooling,True,True,True,,False,False,4.8203219193965197e-11,26,19.330507008210304,19.3698654091958,26,26,15,15.000000000000007,20.339364975710907,23.597046240269776,17.08168371115204,0.5845831140138763,0.7307288925173453,0.000192,0.025219868725367717,2671.1265931929493,44.51877655321582,0.7419796092202637,1.4999999999999991,True,28.326039919857166,1.5479766709743643,4800.0,5234.927072331285,-5236.475049002259,484.74661499244326,434.9270723312849,49.81954266115838,0.636401424333612,0.9792548333370424,0.8972255996837956,800,1600,514.6206315832748,9.902080492248157,9.32725916027188,constant,0.48,0.48,0.000192,False,False,0.096,0.20392973997759223,513.4251055009557,4837.427096794888,486.29459166341763,5234.927072331237,5234.927072331285,-4.8203219193965197e-11,0.9999999999999908,True,True,True,False,0,False,0.0,none,1.0,,,
1.2,flow_scan,0.6,0.52,24,24,12.48,1269326.8394282316,1903990.2591423453,1903990.2591423453,1269326.8394282316,1269326.8394282316,1903990.2591423453,1903990.2591423453,20.41856341557593,46.699957079524836,25.303964036522018,15.316295206074187,15.418563415575932,30.303964036522018,30.303964036522018,431404.8342395383,448669.4754803356,426451.29912046087,240230.83182202675,240230.83182202675,425141.02773274033,248909.390007106,1802.613173828429,1822.40039266914,1751.036377991107,1137.2898396825517,1140.2378658912432,1781.0905678387853,1166.125694697342,47.4654249449107,cooling,True,True,True,,False,False,0.04084429862086836,26,18.916787709649157,18.954638984878894,26,26,15,14.99999999999999,20.159859320624776,23.166333325490484,17.153385315759067,0.550438532999615,0.6880481662495187,0.00020800000000000001,0.025108016463018405,2700.0171343106003,45.000285571843335,0.7500047595307222,1.4999999999999984,True,25.65024365429582,1.9207801949689616,4800.0,5233.480896502045,-5235.4016766970135,482.96263006490733,433.480896502045,49.4817335628623,0.6362835912723798,0.9795768556082606,0.897545419702116,800,1600,510.53365391417213,9.93865715729374,9.401926715700798,constant,0.52,0.52,0.00020800000000000001,False,False,0.10400000000000001,0.19711417152924604,531.9124757753256,5540.712100872003,484.8834102598763,5233.440052203424,5233.480896502045,-0.04084429862086836,0.999992195577011,True,True,True,False,0,False,0.0,none,1.0,,,
1.2,flow_scan,0.6,0.56,24,24,13.440000000000001,1253407.0344812723,1880110.5517219063,1880110.5517219063,1253407.0344812723,1253407.0344812723,1880110.5517219063,1880110.5517219063,19.975318334647397,46.22846235476618,24.81410716148872,14.873175977896437,14.975318334647397,29.81410716148872,29.81410716148872,431300.04446421977,448580.66354889504,426457.25686531374,239410.03684487086,239410.03684487086,425062.268804521,248059.49954704198,1803.4068734833675,1823.248178996308,1752.079443329117,1134.6129045306266,1137.5270660813555,1781.9410368371682,1163.3989689849075,46.84245909999794,cooling,True,True,True,,False,False,-3.637978807091713e-12,26,18.563122175600427,18.599814615578847,26,26,15,15.000000000000007,20.0139746355012,22.805277954558335,17.222671316444064,0.5242620726179303,0.6553275907724129,0.00022400000000000002,0.025014330133967852,2724.958416620467,45.41597361034111,0.7569328935056852,1.4999999999999982,True,23.68248020943223,2.3461600173661568,4800.0,5232.263110703413,-5234.609270720779,481.4605584800501,432.2631107034126,49.19744777663749,0.6361838146036541,0.9798493663353959,0.8978162449444422,800,1600,507.4891987068485,9.969664005611154,9.458329383622454,constant,0.56,0.56,0.00022400000000000002,False,False,0.11200000000000002,0.19157015838971275,549.1405602666728,6284.357189373633,483.8067184974163,5232.263110703417,5232.263110703413,3.637978807091713e-12,1.0000000000000007,True,True,True,False,0,False,0.0,none,1.0,,,
1.2,flow_scan,0.6,0.6,24,24,14.4,1239837.2848846205,1859755.9273269307,1859755.9273269307,1239837.2848846205,1239837.2848846205,1859755.9273269307,1859755.9273269307,19.594151686834948,45.82312248992207,24.392844316402773,14.492119356636579,14.594151686834948,29.392844316402773,29.392844316402773,431208.6211742008,448502.7247506328,426459.30956390064,238705.76963779525,238705.76963779525,424992.9786215531,247330.64145992577,1804.0893378286992,1823.976979796252,1752.9717996304287,1132.3119359527084,1135.1972417960803,1782.6715896651938,1161.0564855584214,46.3124913425436,cooling,True,True,True,,False,False,-2.546585164964199e-11,26,18.257345357003658,18.29311926450438,26,26,15,15.00000000000005,19.893850423717623,22.498788654751195,17.28891219268405,0.5035576506761572,0.6294470633451965,0.00024,0.024934695573027597,2746.711669288804,45.77852782148007,0.7629754636913345,1.5,True,22.177762527299354,2.827080964383448,4800.0,5231.223207886741,-5234.050288851125,480.1780476975458,431.22320788674074,48.95483981080508,0.6360982266536851,0.980083003795475,0.898048567514605,800,1600,505.18289118922866,9.996292048368318,9.501509421074282,constant,0.6,0.6,0.00024,False,False,0.12000000000000001,0.18700051217092048,565.248953053324,7067.702410958618,483.0051286619293,5231.223207886766,5231.223207886741,2.546585164964199e-11,1.0000000000000049,True,True,True,False,0,False,0.0,none,1.0,,,
1.2,flow_scan,0.6,0.64,24,24,15.360000000000003,1228137.5098877447,1842206.2648316163,1842206.2648316163,1228137.5098877447,1228137.5098877447,1842206.2648316163,1842206.2648316163,19.262986329147736,45.47104537080776,24.026833880937772,14.161050908204288,14.262986329147736,29.026833880937772,29.026833880937772,431128.216315093,448433.84417414,426458.8232571403,238095.05657928885,238095.05657928885,424931.61791938293,246698.8776067459,1804.682254264188,1824.6100223732738,1753.7437304303066,1130.313564783779,1133.1739980032135,1783.3057486851644,1159.0229995934612,45.85631542456302,cooling,True,True,True,,False,False,2.9103830456733704e-11,26,17.99049770711821,18.025526166538196,26,26,15,15.000000000000025,19.793788129537376,22.23575034489079,17.351825914183962,0.4867809308807045,0.6084761636008806,0.00025600000000000004,0.02486619400816702,2765.84354449525,46.097392408254166,0.7682898734709027,1.4999999999999993,True,20.992141467390972,3.36646296009554,4800.0,5230.325099776203,-5233.691562736299,479.07054129516314,430.32509977620356,48.74544151895958,0.6360240321431394,0.980285449273697,0.8982499708974451,800,1600,503.42914572264965,10.019401291140216,9.534608873528406,constant,0.6400000000000001,0.6400000000000001,0.00025600000000000004,False,False,0.12800000000000003,0.18318955452663493,580.3560042007402,7890.14756272392,482.43700425525867,5230.325099776174,5230.325099776203,-2.9103830456733704e-11,0.9999999999999944,True,True,True,False,0,False,0.0,none,1.0,,,
1.2,flow_scan,0.6,0.6799999999999999,24,24,16.320000000000004,1217947.223727434,1826920.8355911528,1826920.8355911528,1217947.223727434,1217947.223727434,1826920.8355911528,1826920.8355911528,18.972609919912998,45.162402268531594,23.70589805034308,13.870760456183177,13.972609919912998,28.70589805034308,28.70589805034308,431056.9750194862,448372.56172992516,426456.68330217444,237560.4504956134,237560.4504956134,424876.9355638531,246146.0486408055,1805.2021470795,1825.1649978653047,1754.4180761238208,1128.5618879122926,1131.4006620930802,1783.861399703739,1157.241247884831,45.4595638942512,cooling,True,True,True,,False,False,-2.546585164964199e-11,26,17.75564435092781,17.790055937645114,26,26,15,15.0,19.70957865190212,22.007815787720176,17.411341516084065,0.4729142152507121,0.59114276906339,0.00027200000000000005,0.02480664710547706,2782.798778873986,46.379979647899766,0.7729996607983295,1.5000000000000016,True,20.03499403396837,3.9671849405553625,4800.000000000001,5229.541648950148,-5233.508833890703,478.1045336773302,429.54164895014736,48.56288472718285,0.6359591062881758,0.9804625358361241,0.8984262199865319,800,1600,502.1067126518539,10.039645437120015,9.559720830356992,constant,0.68,0.68,0.00027200000000000005,False,False,0.13600000000000004,0.17997786194242144,594.5625982146328,8751.143251225063,482.07171861788555,5229.541648950173,5229.541648950148,2.546585164964199e-11,1.0000000000000049,True,True,True,False,0,False,0.0,none,1.0,,,
1.2,flow_scan,0.6,0.72,24,24,17.280000000000005,1208992.442696619,1813488.6640449304,1813488.6640449304,1208992.442696619,1208992.442696619,1813488.6640449304,1813488.6640449304,18.71592850329364,44.889627953761476,23.42219886137252,13.614155772965887,13.71592850329364,28.42219886137252,28.42219886137252,430993.4288576594,448317.70545241673,426453.4738240446,237088.564495935,237088.564495935,424827.91983370704,245658.23375477796,1805.6617305071393,1825.6555140721978,1755.0122654272107,1127.0138952077223,1129.833639560892,1784.3522816853506,1155.6672164983338,45.11135059969459,cooling,True,True,True,,False,False,-6.366462912410498e-12,26,17.547384668406778,17.581277442277656,26,26,15,15.000000000000027,19.638061192777656,21.808608307545228,17.467514078010083,0.4612623228514713,0.576577903564339,0.00028800000000000006,0.024754407352286567,2797.9279087534137,46.63213181255689,0.7772021968759482,1.5000000000000016,True,19.246742954433092,4.632088201868808,4800.0,5228.852199910308,-5233.484288112177,477.2545228122237,428.8521999103071,48.40232290191659,0.6359018178836451,0.9806187379297717,0.8985817407937682,800,1600,501.13335396852557,10.05752647814836,9.578288816715782,constant,0.7200000000000001,0.7200000000000001,0.00028800000000000006,False,False,0.14400000000000002,0.17724563359492462,607.9555138871365,9650.183753893347,481.88661101409247,5228.852199910314,5228.852199910308,6.366462912410498e-12,1.000000000000001,True,True,True,False,0,False,0.0,none,1.0,,,
1.2,flow_scan,0.6,0.76,24,24,18.240000000000006,1201061.404363601,1801592.1065454015,1801592.1065454015,1201061.404363601,1201061.404363601,1801592.1065454015,1801592.1065454015,18.48739580880539,44.64681002254656,23.169608004974577,13.385691979461967,13.487395808805388,28.169608004974577,28.169608004974577,430936.4027071737,448268.32687875873,426449.58615069714,236668.96486675568,236668.96486675568,424783.747213969,245224.59137694206,1806.07093903529,1826.0922006965636,1755.539819529032,1125.6359849014732,1128.4388772701996,1784.7891144852094,1154.2665476724023,44.803284000532486,cooling,True,True,True,,False,False,-4.3655745685100555e-11,26,17.36145725885177,17.394907678306538,26,26,15,15.000000000000007,19.57682643832112,21.63318155979772,17.52047131684452,0.45133457098745566,0.5641682137343196,0.00030400000000000007,0.02470820665243438,2811.510597465838,46.85850995776397,0.7809751659627329,1.5,True,18.586701275233498,5.363979292783581,4800.0,5228.240764115844,-5233.604743408628,476.50076959989076,428.2407641158449,48.26000548404585,0.6358508951873992,0.9807575415285797,0.8987199841784749,800,1600,500.45145016790786,10.073435986326896,9.591339975914824,constant,0.7600000000000001,0.7600000000000001,0.00030400000000000007,False,False,0.15200000000000002,0.1749014938159141,620.6099425160853,10586.801235757064,481.86474889267436,5228.240764115888,5228.240764115844,4.3655745685100555e-11,1.0000000000000084,True,True,True,False,0,False,0.0,none,1.0,,,
1.2,flow_scan,0.6,0.7999999999999999,24,24,19.2,1193987.9763871592,1790981.9645807382,1790981.9645807382,1193987.9763871592,1193987.9763871592,1790981.9645807382,1790981.9645807382,18.282616209870582,44.429264305331856,22.94326833857076,13.180974579093572,13.282616209870582,27.94326833857076,27.94326833857076,430884.9465396589,448223.6520507278,426445.28558132454,236293.40498819307,236293.40498819307,424743.74260658305,244836.55813883498,1806.4376426996976,1826.483476372457,1756.0113833751504,1124.4015430295294,1127.1894073382937,1785.180379772098,1153.0120478646222,44.52879599872444,cooling,True,True,True,,False,False,-3.001332515850663e-11,26,17.194458820250247,17.227527634166204,26,26,15,14.999999999999963,19.5240128863409,21.47764568466374,17.570380088018055,0.4427749416470033,0.5534686770587541,0.00031999999999999997,0.024667053674224018,2823.7724599913117,47.06287433318853,0.7843812388864755,1.4999999999999996,True,18.02618414434925,6.1656325357801425,4800.0,5227.694779483101,-5233.860412018881,475.8277661519361,427.69477948310094,48.132986668835144,0.6358053329066434,0.9808817005392682,0.8988436781272956,800,1600,500.0195828320655,10.087683698700586,9.599624024349678,constant,0.7999999999999999,0.7999999999999999,0.00031999999999999997,False,False,0.15999999999999998,0.1728748010150262,632.5914619058569,11560.561004587767,481.99339868771625,5227.694779483131,5227.694779483101,3.001332515850663e-11,1.0000000000000058,True,True,True,False,0,False,0.0,none,1.0,,,
1.2,flow_scan,0.6,0.84,24,24,20.16,1187640.0722616164,1781460.1083924246,1781460.1083924246,1187640.0722616164,1187640.0722616164,1781460.1083924246,1781460.1083924246,18.098063080541124,44.23323384481648,22.73928280769769,12.996477871442949,13.098063080541124,27.73928280769769,27.73928280769769,430838.28494661656,448183.04428957,426440.75351753307,235955.284430252,235955.284430252,424707.34857294406,244487.28399123636,1806.768153656355,1826.8360916941367,1756.4354482178494,1123.2892285944242,1126.063607502584,1785.5328728686677,1151.8819246904095,44.282675138888436,cooling,True,True,True,,False,False,-3.9108272176235914e-11,26,17.04364111708395,17.07637738282115,26,26,15,14.999999999999979,19.478164507125655,21.33890354795642,17.61742546629489,0.43531897649452733,0.5441487206181591,0.000336,0.024630162647752016,2834.8973743109414,47.24828957184902,0.7874714928641503,1.5,True,17.54441482222111,7.039792241537186,4799.999999999999,5227.204243703059,-5234.244035944595,475.2231655250404,427.2042437030598,48.0189218219806,0.6357643264174951,0.9809934179492866,0.8989550061834046,800,1600,499.80737258879867,10.100517710867102,9.603699871688473,constant,0.8399999999999999,0.8399999999999999,0.000336,False,False,0.16799999999999998,0.1711102683166176,643.9576033431534,12571.057574173548,482.2629577665776,5227.204243703098,5227.204243703059,3.9108272176235914e-11,1.0000000000000075,True,True,True,False,0,False,0.0,none,1.0,,,
1.2,flow_scan,0.6,0.8799999999999999,24,24,21.12,1181909.0985815558,1772863.6478723336,1772863.6478723336,1181909.0985815558,1181909.0985815558,1772863.6478723336,1772863.6478723336,17.930808039826275,44.05560007540697,22.554415318771362,12.829274260551983,12.930808039826275,27.554415318771362,27.554415318771362,430795.76220343274,448145.96076733636,426436.1126551722,235649.13666847994,235649.13666847994,424674.08808210626,244171.09907137355,1807.0677122016357,1827.155649455549,1756.8190222359838,1122.281330603863,1125.0435356273788,1785.8522286121492,1150.8581042560754,44.06064611743462,cooling,True,True,True,,False,False,0.03986832559075992,26,16.90670699350852,16.93915077539985,26,26,15,15.0,19.438129438684655,21.214461154834623,17.661797722534686,0.4287635930394027,0.5359544912992533,0.000352,0.024596889579011804,2845.0407144691735,47.417345241152894,0.7902890873525482,1.5,True,17.12582592103661,7.989174667622058,4799.999999999999,5226.760918250266,-5234.750092917888,474.6767991546282,426.76091825026674,47.91588090436147,0.635727209458036,0.9810945168390152,0.8990557764995111,800,1600,499.7917997432869,10.112143691346448,9.603999110160414,constant,0.8799999999999999,0.8799999999999999,0.000352,False,False,0.176,0.16956413811192309,654.7590003073487,13617.911365264872,482.6659738222503,5226.721049924675,5226.760918250266,-0.03986832559075992,0.999992372269133,True,True,True,False,0,False,0.0,none,1.0,,,
1.2,flow_scan,0.6,0.9199999999999999,24,24,22.08,1176713.013009978,1765069.5195149684,1765069.5195149684,1176713.013009978,1176713.013009978,1765069.5195149684,1765069.5195149684,17.77863562756636,43.894003745595285,22.38621758126817,12.677148882554604,12.77863562756636,27.38621758126817,27.38621758126817,430756.8808985986,448111.989256571,426431.45235413354,235370.82762170033,235370.82762170033,424643.59860958124,243883.71602475617,1807.3402819035007,1827.4463873374339,1757.1674009025323,1121.3644515442122,1124.1156196000377,1786.1427081849865,1149.9269161579828,43.859480435717764,cooling,True,True,True,,False,False,0.04431995101458597,26,16.78191603122383,16.814100760708442,26,26,15,14.999999999999982,19.402987588161096,21.102290339440458,17.703684836881735,0.42295915238246384,0.5286989404780797,0.000368,0.024566748340003115,2854.320188367771,47.57200313946285,0.7928667189910475,1.500000000000001,True,16.759090289179575,9.016469761792312,4800.0,5226.358579443793,-5235.375049205585,474.18098509695466,426.35857944379285,47.82240565316181,0.6356934780187813,0.9811863761964738,0.8991473569034328,800,1600,499.9565451479266,10.122717170994436,9.60083440567776,constant,0.9199999999999999,0.9199999999999999,0.000368,False,False,0.184,0.1682014200235463,665.0408320059867,14700.765915965725,483.197454858747,5226.314259492779,5226.358579443793,-0.04431995101458597,0.9999915199176749,True,True,True,False,0,False,0.0,none,1.0,,,
1.2,flow_scan,0.6,0.96,24,24,23.04,1171980.0047291452,1757970.0070937183,1757970.0070937183,1171980.0047291452,1171980.0047291452,1757970.0070937183,1757970.0070937183,17.63958465284753,43.74635719918075,22.232522218495603,12.538141086246299,12.639584652847532,27.232522218495603,27.232522218495603,430721.19187799335,448080.75427433883,426426.8311922548,235116.70826700455,235116.70826700455,424615.54873113445,243621.35297675375,1807.5893712781753,1827.7120553102395,1757.4852415887133,1120.5267383568694,1123.267853593801,1786.4080787029525,1149.0762743643406,43.6763588211245,cooling,True,True,True,,False,False,0.024757643844168342,26,16.667717016989002,16.699670699543024,26,26,15,15.000000000000057,19.371996428648146,21.000725410295217,17.743267447001074,0.4177834072472615,0.5222292590590768,0.000384,0.024539314801935056,2862.8421041718093,47.714035069530155,0.7952339178255026,1.5000000000000004,True,16.435172030132605,10.124342722363187,4800.000000000001,5225.991766467757,-5236.11610919012,473.7289841796833,425.99176646775595,47.73721771192737,0.6356626874544703,0.9812702117773605,0.8992309541824005,800,1600,500.2884989321791,10.132375599335045,9.594464014753827,constant,0.96,0.96,0.000384,False,False,0.192,0.16699386864147725,674.8431089122575,15819.285503692478,483.8533269020465,5225.967008823913,5225.991766467757,-0.024757643844168342,0.9999952625941734,True,True,True,False,0,False,0.0,none,1.0,,,
1.2,flow_scan,0.6,0.9999999999999999,24,24,23.999999999999996,1167650.092213964,1751475.1383209445,1751475.1383209445,1167650.092213964,1167650.092213964,1751475.1383209445,1751475.1383209445,17.512005995535276,43.61090537874588,22.091506693380666,12.410602211232117,12.512005995535276,27.091506693380666,27.091506693380666,430688.3130913155,448051.9348630504,426422.28824325954,234883.71546274397,234883.71546274397,424589.65455952456,243380.83648458365,1807.817930393295,1827.9558058863336,1757.7764453915693,1119.758227511333,1122.4901465053924,1786.6515052694654,1148.2960237242658,43.508929760380326,cooling,True,True,True,,False,False,6.002665031701326e-11,26,16.562800289466338,16.594546594575817,26,26,15,15.000000000000037,19.34455173438775,20.90838694312788,17.78071652564762,0.4131387595502747,0.5164234494378434,0.00039999999999999996,0.024514235406797164,2870.6968820936136,47.84494803489356,0.7974158005815594,1.4999999999999987,True,16.146978892031864,11.315435402000844,4800.0,5225.655911626898,-5236.971347028899,473.3151599703542,425.65591162689793,47.659248343456284,0.6356344646084218,0.9813470434700258,0.8993075811338023,800,1600,500.77757426438694,10.141234437326379,9.5850937555479,constant,0.9999999999999999,0.9999999999999999,0.00039999999999999996,False,False,0.19999999999999998,0.165918484043359,684.2015741289396,16973.153103001267,484.63059537235506,5225.655911626838,5225.655911626898,-6.002665031701326e-11,0.9999999999999886,True,True,True,False,0,False,0.0,none,1.0,,,
1.2,flow_scan,0.6,1.04,24,24,24.96,1163672.469051023,1745508.7035765362,1745508.7035765362,1163672.469051023,1163672.469051023,1745508.7035765362,1745508.7035765362,17.394493565349933,43.48615220857761,21.96161702401389,12.293126564063698,12.394493565349933,26.96161702401389,26.96161702401389,430657.91516010556,448025.2530185065,426417.84840209695,234669.24183290472,234669.24183290472,424565.6697264466,243159.46628281084,1808.0284745419633,1828.180326474729,1758.0443261210198,1119.050426571396,1121.7738978627578,1786.8756845334117,1147.5775119355526,43.355204180886005,cooling,True,True,True,,False,False,-1.546140993013978e-11,26,16.46604491034526,16.497603986445004,26,26,15,14.999999999999977,19.320157826838454,20.824123514841062,17.816192138835845,0.4089460192929983,0.5111825241162479,0.00041600000000000003,0.024491211244572562,2877.962490166411,47.966041502773514,0.7994340250462252,1.5000000000000013,True,15.88884821193298,12.59236757655814,4800.0,5225.34714024596,-5237.939507822518,472.9347317102316,425.3471402459601,47.5875914642715,0.635608491948049,0.981417738799698,0.8993780996117905,800,1600,501.41594749872274,10.149392036914247,9.572890579058072,constant,1.04,1.04,0.00041600000000000003,False,False,0.20800000000000002,0.16495638486800412,693.1482646656827,18162.068620035778,485.52709928678973,5225.347140245975,5225.34714024596,1.546140993013978e-11,1.0000000000000029,True,True,True,False,0,False,0.0,none,1.0,,,
1.2,flow_scan,0.6,1.08,24,24,25.92,1160005.4667979495,1740008.2001969253,1740008.2001969253,1160005.4667979495,1160005.4667979495,1740008.2001969253,1740008.2001969253,17.28589011166474,43.370866523997506,21.841574225303077,12.184557222900878,12.285890111664742,26.841574225303077,26.841574225303077,430629.72540198616,448000.4780298288,426413.5284221695,234471.143349456,234471.143349456,424543.38956249994,242955.02241373743,1808.2230737704826,1828.3878285651654,1758.2916054947068,1118.3963473181545,1121.1120308544143,1787.0828349134874,1146.913620783784,43.213552023014884,cooling,True,True,True,,False,False,0.03068283238917502,26,16.376526356461113,16.407915539097974,26,26,15,15.000000000000007,19.29840520959229,20.74696721808749,17.849843201097087,0.4051419608397555,0.5064274510496943,0.00043200000000000004,0.02446999743663822,2884.7034649776965,48.07839108296161,0.8013065180493602,1.5000000000000009,True,15.656308962644045,13.957738096836144,4800.000000000001,5225.062272275787,-5239.020010372623,472.5837758848874,425.0622722757863,47.5215036091011,0.6355845083953258,0.981483010905292,0.8994432182524259,800,1600,502.1978229443676,10.156929300021487,9.557986476042002,constant,1.08,1.08,0.00043200000000000004,False,False,0.21600000000000003,0.16409195617050373,701.7120894589856,19385.747356716864,486.54151398172354,5225.031589443398,5225.062272275787,-0.03068283238917502,0.9999941277575672,True,True,True,False,0,False,0.0,none,1.0,,,
1.2,flow_scan,0.6,1.1199999999999999,24,24,26.88,1156618.7116119252,1734928.067417889,1734928.067417889,1156618.7116119252,1156618.7116119252,1734928.067417889,1734928.067417889,17.185357068885082,43.26415600673994,21.73045152678617,12.084055858147792,12.185357068885082,26.73045152678617,26.73045152678617,430603.54812797596,447977.4450127149,426409.3446645847,234287.86413786173,234287.86413786173,424522.66799622076,242765.89344293135,1808.403227594656,1828.5799144486791,1758.5202611996567,1117.7909248508256,1120.4994159993853,1787.2745644093081,1146.29918950785,43.08278387213441,cooling,True,True,True,,False,False,1.8917489796876907e-10,26,16.29357652035486,16.32481105746096,26,26,15,14.999999999999947,19.278953487913526,20.67609924584042,17.881807729986633,0.4016796701901331,0.5020995877376664,0.000448,0.02445041528236588,2890.966030116643,48.18276716861072,0.8030461194768452,1.500000000000001,True,15.446037196266072,15.414125938185688,4800.0,5224.798993904869,-5240.213119843055,472.2594372635416,424.79899390486975,47.46044335867185,0.6355623243465757,0.9815433778665824,0.8995034516754679,800,1600,503.11960039799334,10.16390488205615,9.540475060409005,constant,1.1199999999999999,1.1199999999999999,0.000448,False,False,0.224,0.16331219322781032,709.9194459405388,20643.918667212976,487.6735632017273,5224.79899390468,5224.798993904869,-1.8917489796876907e-10,0.9999999999999638,True,True,True,False,0,False,0.0,none,1.0,,,
1.2,flow_scan,0.6,1.16,24,24,27.84,1153477.43610437,1730216.1541565552,1730216.1541565552,1153477.43610437,1153477.43610437,1730216.1541565552,1730216.1541565552,17.0919128684518,43.16497698875935,21.627164063017744,11.990641188062398,12.0919128684518,26.627164063017744,26.627164063017744,430579.14587453555,447955.95086998405,426405.2972049687,234117.59305080658,234117.59305080658,424503.32410958025,242590.20572077273,1808.5706922474403,1828.7584594642794,1758.7325817042386,1117.2282362086557,1119.9300564452121,1787.452751788338,1145.7281906844012,42.96154409293972,cooling,True,True,True,,False,False,3.610693966038525e-10,26,16.21640439031745,16.247497396320956,26,26,15,15.000000000000016,19.2615170870356,20.610821503826116,17.912212670245083,0.39851125675784715,0.4981390709473089,0.000464,0.024432261330575456,2896.806491035897,48.28010818393162,0.8046684697321936,1.5,True,15.254762642580513,16.964091160478706,4800.000000000001,5224.554640739248,-5241.518731899726,471.9584296113627,424.5546407392469,47.4037888721158,0.6355417195235585,0.9815994408070546,0.8995593978241881,800,1600,504.1772834144219,10.17038726048943,9.520460675048927,constant,1.16,1.16,0.000464,False,False,0.232,0.16260619507472587,717.7937610180438,21936.32477648108,488.9225207718414,5224.5546407388865,5224.554640739248,-3.610693966038525e-10,0.9999999999999309,True,True,True,False,0,False,0.0,none,1.0,,,
1.2,flow_scan,0.6,1.2,24,24,28.799999999999994,1150555.5743579136,1725833.3615368707,1725833.3615368707,1150555.5743579136,1150555.5743579136,1725833.3615368707,1725833.3615368707,17.004823723109155,43.07254917801282,21.530900827158007,11.903579638898009,12.004823723109155,26.530900827158007,26.530900827158007,430556.3419099508,447935.84472469956,426401.3878322905,233958.97519577874,233958.97519577874,424485.22357850324,242426.5574121352,1808.7267803848363,1828.924865426879,1758.9302799690474,1116.7038531614483,1119.3994685636633,1787.6188017049067,1145.196117316624,42.848815851206645,cooling,True,True,True,,False,False,0.038648436737275915,26,16.14441935263045,16.175382329663282,26,26,15,15.00000000000001,19.245855711700017,20.550536341803422,17.94117508159661,0.3956005355277012,0.49450066940962645,0.0004799999999999999,0.024415382973967288,2902.2667077387505,48.371111795645845,0.8061851965940974,1.5000000000000002,True,15.080013555317977,18.610175789048036,4799.999999999999,5224.327217119233,-5242.937392908281,471.6782912876535,424.32721711923415,47.35107416841936,0.6355225290709011,0.9816516496775953,0.8996115041903799,800,1600,505.3684806320195,10.176427638626926,9.498020125823963,constant,1.1999999999999997,1.1999999999999997,0.0004799999999999999,False,True,0.23999999999999996,0.16196476873605428,725.3565407172939,23262.71973631005,490.2884670767015,5224.288568682496,5224.327217119233,-0.038648436737275915,0.9999926022174471,True,True,True,False,0,False,0.0,none,1.0,,,
1.2,flow_scan,1.0,0.4,24,24,0.0,1652137.7972935715,2478206.69593925,2478206.69593925,1652137.7972935715,1652137.7972935715,2478206.69593925,2478206.69593925,25.5,52.10137996621637,35.886061766390355,24.895727743156897,25.0,40.886061766390355,40.886061766390355,427034.2447756643,443276.4457518619,425226.7568422348,258500.96112658273,258500.96112658273,426314.4282378984,267980.71876012464,1764.698737219962,1783.1267078916344,1726.6217002517258,1195.603558148262,1199.3729696944135,1762.2864794922095,1226.030646166097,65.61154447429644,cooling,False,False,True,,False,True,508.74202007950225,26,,26.0,26,26,15,15.0,24.794056313255624,31.342625028894417,18.24548759761683,,,0.0,0.0,0.0,61.082505746470275,1.0180417624411713,1.4999999999993296,True,0.0,0.0,0.0,0.0,0.0,0.0,0.0,0.0,0.6332585595483606,0.9870200000000174,0.9054016320633628,800,1600,0.0,,,constant,,,0.0,False,False,0.0,0.2233042563235414,527.2642246280915,3554.9475521848244,0.0,8262.248759879047,8770.990779958549,-508.74202007950225,0.9419972004483276,False,False,False,False,0,False,0.0,ground_hx_capacity_insufficient,,,0.4000000000000001,0.0
1.2,flow_scan,1.0,0.44,24,24,0.0,1652137.7972935715,2478206.69593925,2478206.69593925,1652137.7972935715,1652137.7972935715,2478206.69593925,2478206.69593925,25.5,52.10137996621637,35.886061766390355,24.895727743156897,25.0,40.886061766390355,40.886061766390355,427034.2447756643,443276.4457518619,425226.7568422348,258500.96112658273,258500.96112658273,426314.4282378984,267980.71876012464,1764.698737219962,1783.1267078916344,1726.6217002517258,1195.603558148262,1199.3729696944135,1762.2864794922095,1226.030646166097,65.61154447429644,cooling,False,False,True,,False,True,-11.56548014931468,26,,26.0,26,26,15,14.999999999999977,24.317621974314193,30.271054082319665,18.36418986630872,,,0.0,0.0,0.0,61.082505746470275,1.0180417624411713,1.4999999999993296,True,0.0,0.0,0.0,0.0,0.0,0.0,0.0,0.0,0.6332585595483606,0.9870200000000174,0.9054016320633628,800,1600,0.0,,,constant,,,0.0,False,False,0.0,0.2124348622838004,555.222120991685,4175.2332563536975,0.0,8782.556260107864,8770.990779958549,11.56548014931468,1.0013186058952133,False,False,False,False,0,False,0.0,ground_hx_capacity_insufficient,,,0.44000000000000006,0.0
1.2,flow_scan,1.0,0.48,24,24,0.0,1652137.7972935715,2478206.69593925,2478206.69593925,1652137.7972935715,1652137.7972935715,2478206.69593925,2478206.69593925,25.5,52.10137996621637,35.886061766390355,24.895727743156897,25.0,40.886061766390355,40.886061766390355,427034.2447756643,443276.4457518619,425226.7568422348,258500.96112658273,258500.96112658273,426314.4282378984,267980.71876012464,1764.698737219962,1783.1267078916344,1726.6217002517258,1195.603558148262,1199.3729696944135,1762.2864794922095,1226.030646166097,65.61154447429644,cooling,False,False,True,,False,True,-497.2609589736785,26,,26.0,26,26,15,14.999999999999993,23.944907737914036,29.402421596503643,18.48739387932443,,,0.0,0.0,0.0,61.082505746470275,1.0180417624411713,1.4999999999993296,True,0.0,0.0,0.0,0.0,0.0,0.0,0.0,0.0,0.6332585595483606,0.9870200000000174,0.9054016320633628,800,1600,0.0,,,constant,,,0.0,False,False,0.0,0.20392973997759223,581.3850762257102,4837.427096794888,0.0,9268.251738932227,8770.990779958549,497.2609589736785,1.0566938184577626,False,False,False,False,0,False,0.0,ground_hx_capacity_insufficient,,,0.48,0.0
1.2,flow_scan,1.0,0.52,24,24,0.0,1652137.7972935715,2478206.69593925,2478206.69593925,1652137.7972935715,1652137.7972935715,2478206.69593925,2478206.69593925,25.5,52.10137996621637,35.886061766390355,24.895727743156897,25.0,40.886061766390355,40.886061766390355,427034.2447756643,443276.4457518619,425226.7568422348,258500.96112658273,258500.96112658273,426314.4282378984,267980.71876012464,1764.698737219962,1783.1267078916344,1726.6217002517258,1195.603558148262,1199.3729696944135,1762.2864794922095,1226.030646166097,65.61154447429644,cooling,False,False,True,,False,True,-953.6104421846412,26,,26.0,26,26,15,15.000000000000025,23.646325970395054,28.68424515623059,18.60840678455952,,,0.0,0.0,0.0,61.082505746470275,1.0180417624411713,1.4999999999993296,True,0.0,0.0,0.0,0.0,0.0,0.0,0.0,0.0,0.6332585595483606,0.9870200000000174,0.9054016320633628,800,1600,0.0,,,constant,,,0.0,False,False,0.0,0.19711417152924604,605.9531475848004,5540.712100872003,0.0,9724.60122214319,8770.990779958549,953.6104421846412,1.1087232293486857,False,False,False,False,0,False,0.0,ground_hx_capacity_insufficient,,,0.52,0.0
1.2,flow_scan,1.0,0.56,24,24,13.440000000000001,1391852.4115610085,2337016.5783413793,2337016.5783413793,1391852.4115610085,1391852.4115610085,2337016.5783413793,2337016.5783413793,23.697203816950037,57.220462455857955,33.472409714277944,18.598608383201395,18.697203816950037,38.472409714277944,38.472409714277944,432127.40813647833,453319.06734683167,425713.8157340888,254235.68558845844,254235.68558845844,425660.54789065634,263497.0963730597,1796.7331603791079,1818.709974005552,1732.5744454603414,1182.2012755870255,1187.3169381109135,1774.760233686937,1212.1599267175823,52.30529651046867,cooling,True,True,True,,False,False,-7.275957614183426e-12,26,21.938534776606616,22.019686106087736,26,26,15,14.999999956746308,23.577898625341163,28.35325525651632,18.802541994166006,1.5999451624706131,1.9999314530882664,0.00022400000000000002,0.04497117620433682,4376.056179831939,72.93426966386565,1.2155711610644275,1.6790692453665672,False,159.84641013525268,2.3461600173661568,8000.0,8953.013840411057,-8955.360000428424,1034.2584784521573,953.013840411057,81.2446380411003,0.6602131589431813,0.9823713623902839,0.9214464858313864,800,1600,1196.4510486047761,7.73501031576998,6.686441546713577,constant,0.56,0.56,0.00022400000000000002,False,False,0.11200000000000002,0.19157015838971275,623.1064056759644,6284.357189373633,1036.6046384695235,8953.013840411064,8953.013840411057,7.275957614183426e-12,1.0000000000000009,True,True,False,False,0,False,4.325369218349806e-08,none,19.667365587133204,,,
1.2,flow_scan,1.0,0.6,24,24,14.4,1391841.6466060574,2291076.456162202,2291076.456162202,1391841.6466060574,1391841.6466060574,2291076.456162202,2291076.456162202,23.69692547016615,56.00577607601298,32.6631635820745,18.597515875042973,18.69692547016615,37.6631635820745,37.6631635820745,432127.3508398049,452644.60790423816,425846.6364365714,252819.5090122933,252819.5090122933,425660.5086705717,262013.31484098788,1796.733660684563,1818.3841806430482,1734.510898595592,1177.7236425807014,1182.4640570091792,1774.7607746458712,1207.5417502262685,52.30486767414964,cooling,True,True,True,,False,False,-2.5745212042238563e-06,26,21.9383441333747,22.01949260463793,26,26,15,14.999999805462648,23.33856318164041,27.777081045862587,18.900045317418233,1.5998700653360722,1.9998375816700902,0.00024,0.04461600741196664,4337.748973621694,72.29581622702824,1.2049302704504707,1.6460755156658,False,159.83327771311966,2.827080964383448,8000.0,8915.398093259979,-8918.225174224362,995.5535651024094,915.3980932599785,80.15547184243087,0.6554946472992634,0.9832278796133158,0.9194865302559732,800,1600,1158.2139237799124,8.035730351864157,6.907186863970206,constant,0.6,0.6,0.00024,False,False,0.12000000000000001,0.18700051217092048,643.587652099847,7067.702410958618,998.3806460667928,8915.3980958345,8915.398093259979,2.5745212042238563e-06,1.0000000002887723,True,True,False,False,0,False,1.9453733557384112e-07,none,18.76030424076274,,,
1.2,flow_scan,1.0,0.64,24,24,15.360000000000003,1391844.8099083041,2252025.8299773526,2252025.8299773526,1391844.8099083041,1391844.8099083041,2252025.8299773526,2252025.8299773526,23.697007263059675,54.953995216802184,31.965531902140356,18.59689848595815,18.697007263059675,36.965531902140356,36.965531902140356,432127.36767664796,452056.9388152559,425949.57348895766,251604.0417605145,251604.0417605145,425660.5201955798,260741.59953793735,1796.7335136685892,1818.0878245322588,1736.1583859615346,1173.8694196665913,1178.2988260689322,1774.7606156838162,1203.5723769558392,52.304993688440746,cooling,True,True,True,,False,False,2.546585164964199e-11,26,21.93840015450843,22.019549465644157,26,26,15,14.999999146701109,23.13962162256098,27.285956420050127,18.993286825071834,1.5998921321433592,1.999865165179199,0.00025600000000000004,0.04431560275881797,4305.342310809247,71.75570518015411,1.1959284196692352,1.6180150358327074,False,159.83713654279933,3.36646296009554,8000.0,8883.190957732151,-8886.557420692247,962.4230699627907,883.1909577321521,79.23211223063856,0.6512759813551955,0.9839563296697829,0.9176743422892992,800,1600,1125.6266694656856,8.312352695690572,7.107152146454964,constant,0.6400000000000001,0.6400000000000001,0.00025600000000000004,False,False,0.12800000000000003,0.18318955452663493,662.9399903084363,7890.14756272392,965.7895329228862,8883.190957732126,8883.190957732151,-2.546585164964199e-11,0.9999999999999971,True,True,False,False,0,False,8.532988999832014e-07,none,17.96910359452246,,,
1.2,flow_scan,1.0,0.6799999999999999,24,24,16.320000000000004,1391849.8019172125,2218423.5000655022,2218423.5000655022,1391849.8019172125,1391849.8019172125,2218423.5000655022,2218423.5000655022,23.697136340182908,54.034053059115934,31.357847882283238,18.59642074299751,18.697136340182908,36.35784788228324,36.35784788228324,432127.3942466959,451540.00964401243,426030.7819086635,250549.27039316972,250549.27039316972,425660.5383830105,259639.2850907073,1796.733281663071,1817.8168998792564,1737.577715645357,1170.5163213146288,1174.6842570982806,1774.7603648261477,1200.12327682116,52.30519255177255,cooling,True,True,True,,False,False,-4.884446752839722e-06,26,21.93848856104455,22.019639197617632,26,26,15,14.99999875244746,22.972344478708635,26.862786142799678,19.081902814617592,1.5999269568427557,1.9999086960534445,0.00027200000000000005,0.04405817083148942,4277.59078209792,71.293179701632,1.1882196616938667,1.5938670228710887,False,159.84322642980945,3.9671849405553625,8000.000000000001,8855.284325460974,-8859.25151040153,933.7232098322434,855.2843254609732,78.4388843712702,0.6474904714945573,0.9845832120862665,0.9159934298030753,800,1600,1097.5336212026082,8.567849568007755,7.289070553696665,constant,0.68,0.68,0.00027200000000000005,False,False,0.13600000000000004,0.17997786194242144,681.2668730223064,8751.143251225063,937.6903947727988,8855.284330345421,8855.284325460974,4.884446752839722e-06,1.0000000005515854,True,True,False,False,0,False,1.247552518179873e-06,none,17.272460777471657,,,
1.2,flow_scan,1.0,0.72,24,24,17.280000000000005,1391851.0959548452,2189202.7018439183,2189202.7018439183,1391851.0959548452,1391851.0959548452,2189202.7018439183,2189202.7018439183,23.697169799732876,53.22233648063167,30.82370249768468,18.5959226500442,18.697169799732876,35.82370249768468,35.82370249768468,432127.40113419556,451081.53212919045,426095.83234543947,249625.15128841763,249625.15128841763,425660.5430975515,258674.44288731006,1796.733221522272,1817.5681433146767,1738.8136730186866,1167.572077027088,1171.5174483011585,1774.760299798452,1197.0978115527241,52.30524410151004,cooling,True,True,True,,False,False,3.2741809263825417e-11,26,21.93851147786097,22.019662458023312,26,26,15,14.999998576579214,22.83025679741172,26.494707024066543,19.1658065707569,1.5999359843804999,1.9999199804756247,0.00028800000000000006,0.04383507604295474,4253.571698719121,70.89286164531867,1.1815476940886447,1.5728713424923302,False,159.8448051152514,4.632088201868808,8000.0,8830.855773493726,-8835.487861695594,908.6054405959906,830.8557734937265,77.74966710226408,0.6440805532238489,0.9851282599488991,0.9144296703184333,800,1600,1073.0823339131107,8.804701845888664,7.455159541045779,constant,0.7200000000000001,0.7200000000000001,0.00028800000000000006,False,False,0.14400000000000002,0.17724563359492462,698.658372518069,9650.183753893347,913.2375287978593,8830.855773493693,8830.855773493726,-3.2741809263825417e-11,0.9999999999999963,True,True,False,False,0,False,1.423420769697259e-06,none,16.654053681445248,,,
1.2,flow_scan,1.0,0.76,24,24,18.240000000000006,1391848.564053336,2163557.0604497795,2163557.0604497795,1391848.564053336,1391848.564053336,2163557.0604497795,2163557.0604497795,23.697104333079324,52.50053416491744,30.350439660734253,18.59538767483724,18.697104333079324,35.35043966073425,35.35043966073425,432127.38765816623,450671.8865565527,426148.6326669842,248808.68202435278,248808.68202435278,425660.5338731117,257822.69336725492,1796.7333391932148,1817.338721362912,1739.9000012276576,1164.9657352187417,1168.7195722309964,1774.7604270310444,1194.4218858280417,52.305143239801296,cooling,True,True,True,,False,False,-7.275957614183426e-12,26,21.93846663900797,22.019616946909714,26,26,15,14.999998584202256,22.70846976606674,26.171863977579903,19.24507555455358,1.599918321274236,1.999897901592795,0.00030400000000000007,0.04363984554844241,4232.580708932001,70.54301181553335,1.1757168635922224,1.5544486062112082,False,159.84171629596707,5.363979292783581,7999.999999999999,8809.279067698846,-8814.64304699163,886.4239377470404,809.2790676988469,77.14487004819352,0.6409966445870805,0.985606514182757,0.9129706828041365,800,1600,1051.6296333357911,9.025027032023774,7.607240939591852,constant,0.7600000000000001,0.7600000000000001,0.00030400000000000007,False,False,0.15200000000000002,0.1749014938159141,715.1933899042276,10586.801235757064,891.787917039824,8809.279067698853,8809.279067698846,7.275957614183426e-12,1.0000000000000009,True,True,False,False,0,False,1.4157977261675114e-06,none,16.101148944038712,,,
1.2,flow_scan,1.0,0.7999999999999999,24,24,19.2,1391859.2277180161,2140863.91871446,2140863.91871446,1391859.2277180161,1391859.2277180161,2140863.91871446,2140863.91871446,23.69738005980321,51.85392897924174,29.928105504057385,18.59524502356203,18.69738005980321,34.928105504057385,34.928105504057385,432127.44441506395,450303.09234662575,426191.99142563785,248081.8891716478,248081.8891716478,425660.5727234792,257065.0307291493,1796.7328435969382,1817.1252129068466,1740.862703824058,1162.641637737925,1166.2288839992557,1774.759891163685,1192.037518032604,52.3055680414974,cooling,True,True,True,,False,False,-4.951563823851757e-06,26,21.938655486838627,22.01980862618793,26,26,15,14.999999999886658,22.603220100614493,25.88656622159857,19.319873979630415,1.5999927156273772,1.9999908945342215,0.00031999999999999997,0.04346749906249737,4214.01979122292,70.23366318704866,1.1705610531174777,1.5381325036903721,False,159.85472611107534,6.1656325357801425,7999.999999999998,8790.049959425443,-8796.215591961223,866.6592332748048,790.049959425445,76.60927384935985,0.6381933502644774,0.9860300802041979,0.9116039258476715,800,1600,1032.6795919216602,9.230848403669308,7.746836543088075,constant,0.7999999999999999,0.7999999999999999,0.00031999999999999997,False,False,0.15999999999999998,0.1728748010150262,730.941315963652,11560.561004587767,872.8248658105849,8790.049964377007,8790.049959425443,4.951563823851757e-06,1.0000000005633147,True,True,False,False,0,False,1.1328893378959037e-10,none,15.603628657328505,,,
1.2,flow_scan,1.0,0.84,24,24,20.16,1391851.394072257,2120643.2952795844,2120643.2952795844,1391851.394072257,1391851.394072257,2120643.2952795844,2120643.2952795844,23.697177508063703,51.27173834519408,29.548921384952735,18.594668258878926,18.697177508063703,34.548921384952735,34.548921384952735,432127.40272091987,449969.82999849843,426227.9525158135,247430.79427806317,247430.79427806317,425660.5441836743,256386.69845411184,1796.7332076671776,1816.9278133228756,1741.7217974324965,1160.5563718491114,1163.997763652051,1774.7602848175272,1189.8995640497956,52.30525597742125,cooling,True,True,True,,False,False,1.783491825335659e-06,26,21.938516757377784,22.019667816695712,26,26,15,14.999999999921293,22.511630946753257,25.632817080233224,19.39044481327329,1.5999380641332395,1.9999225801665492,0.000336,0.04331427668026249,4197.585914512002,69.9597652418667,1.165996087364445,1.523613299746778,False,159.84516881174915,7.039792241537186,8000.0,8772.831831748501,-8779.871623990039,848.9636591095494,772.8318317485006,76.13182736104886,0.6356415769386453,0.9864069987385736,0.9103238088649153,800,1600,1015.8486201628357,9.423253768472188,7.87518911894337,constant,0.8399999999999999,0.8399999999999999,0.000336,False,False,0.16799999999999998,0.1711102683166176,745.9640219684079,12571.057574173548,856.0034513510866,8772.83182996501,8772.831831748501,-1.783491825335659e-06,0.9999999997967028,True,True,False,False,0,False,7.87281351222191e-11,none,15.153471372772685,,,
1.2,flow_scan,1.0,0.8799999999999999,24,24,21.12,1391849.9989379342,2102507.439207855,2102507.439207855,1391849.9989379342,1391849.9989379342,2102507.439207855,2102507.439207855,23.697141434491186,50.74423493621185,29.206496701430922,18.594294724518534,18.697141434491186,34.20649670143092,34.20649670143092,432127.3952953373,449666.6084118718,426258.0523923341,246843.9785151219,246843.9785151219,425660.53910081316,255775.66436802194,1796.7332725064691,1816.7432836063617,1742.4934487856176,1158.6743464204121,1161.9868593488532,1774.7603549255027,1187.9710866147138,52.30520040035858,cooling,True,True,True,,False,False,3.292370820418e-10,26,21.938492050195123,22.0196427390805,26,26,15,14.9999999999823,22.431386993182173,25.405750087674903,19.457023898689442,1.5999283313063648,1.999910414132956,0.000352,0.04317709668259011,4182.862025591795,69.71436709319659,1.161906118219943,1.5105847906111978,False,159.84346678791007,7.989174667622058,7999.999999999998,8757.292300469162,-8765.281475136784,832.995291573443,757.2923004691635,75.70299110427948,0.6333061401581846,0.9867452188357333,0.9091195450081305,800,1600,1000.827933028975,9.603895821414328,7.993382015016551,constant,0.8799999999999999,0.8799999999999999,0.000352,False,False,0.176,0.16956413811192309,760.3161274588399,13617.911365264872,840.984466241065,8757.292300468833,8757.292300469162,-3.292370820418e-10,0.9999999999999624,True,True,False,False,0,False,1.7678303265711293e-11,none,14.74405079630525,,,
1.2,flow_scan,1.0,0.9199999999999999,24,24,22.08,1390857.9018068553,2086286.8527102831,2086286.8527102831,1390857.9018068553,1390857.9018068553,2086286.8527102831,2086286.8527102831,23.671482190569236,50.284645409912,28.8983359896788,18.56836625725805,18.671482190569236,33.8983359896788,33.8983359896788,432122.11045369226,449413.05943469616,426283.2403186082,246316.81345225213,246316.81345225213,425656.92000366654,255227.00416769256,1796.779391817278,1816.6375692136285,1743.1845902197228,1156.9815005922428,1160.1885988448114,1774.810220017872,1186.2373314395877,52.265681627574104,cooling,True,True,True,,False,False,1.2732925824820995e-11,26,21.92091178058581,22.00179987881134,26,26,15,15.000000000000007,22.36174935210454,25.202965839268188,19.52053286494089,1.5930328757745886,1.9912910947182356,0.000368,0.04305582310679762,4173.1051610333925,69.55175268388987,1.1591958780648313,1.5,True,158.63956624524516,9.016469761792312,8000.000000000001,8744.476040674766,-8753.49251043656,819.8082541894061,744.4760406747662,75.33221351463988,0.6313699428226723,0.98702,0.9081099597013385,800,1600,987.4642901964436,9.758379424845002,8.101558789947232,constant,0.9199999999999999,0.9199999999999999,0.000368,False,False,0.184,0.1682014200235463,774.0561282266996,14700.765915965725,828.8247239511984,8744.476040674754,8744.476040674766,-1.2732925824820995e-11,0.9999999999999986,True,True,True,False,0,False,0.0,none,1.0,,,
1.2,flow_scan,1.0,0.96,24,24,23.04,1381793.9408926317,2072690.9113389472,2072690.9113389472,1381793.9408926317,1381793.9408926317,2072690.9113389472,2072690.9113389472,23.43641586364214,50.03461877390015,28.63863941332852,18.333356329130083,18.43641586364214,33.63863941332852,33.63863941332852,432073.41716987104,449374.55614856275,426303.08646539383,245873.23531756952,245873.23531756952,425623.42746740446,254765.5273491545,1797.2017962671175,1817.0911733747791,1743.764661488656,1155.5555036693258,1158.7432394117686,1775.2667686372538,1184.777503763385,51.904886300249835,cooling,True,True,True,,False,False,1.6370904631912708e-11,26,21.759309340744267,21.83787281001845,26,26,15,15.000000000000004,22.308870196626515,25.031692345871306,19.586048047381723,1.5323262550477377,1.915407818809672,0.000384,0.0429645122814423,4193.201124738595,69.88668541230992,1.1647780902051652,1.4999999999999998,True,148.20881896244072,10.124342722363187,7999.999999999999,8743.33499813294,-8753.459340855303,818.4671182736099,743.3349981329403,75.1321201406696,0.6313046629912289,0.98702,0.908203862484854,800,1600,976.8002799584137,9.774369454052563,8.190005842689347,constant,0.96,0.96,0.000384,False,False,0.192,0.16699386864147725,787.2983252048876,15819.285503692478,828.5914609959731,8743.334998132923,8743.33499813294,-1.6370904631912708e-11,0.9999999999999981,True,True,True,False,0,False,0.0,none,1.0,,,
1.2,flow_scan,1.0,0.9999999999999999,24,24,23.999999999999996,1373513.5731461898,2060270.3597192846,2060270.3597192846,1373513.5731461898,1373513.5731461898,2060270.3597192846,2060270.3597192846,23.220656255277333,49.80516217385201,28.400265604362062,18.117649199338075,18.220656255277333,33.40026560436206,33.40026560436206,432028.2830087135,449338.6923189496,426320.20368082664,245466.62151374278,245466.62151374278,425592.15229811653,254342.65510734127,1797.5893576341061,1817.507316777342,1744.2952278435714,1154.2470761718648,1157.417129811152,1775.6854003094677,1183.4385332432994,51.57568215375809,cooling,True,True,True,,False,False,-1.8189894035458565e-11,26,21.610129436003376,21.68668057303966,26,26,15,15.000000000000005,22.261926580945584,24.875880140453376,19.647973021437792,1.4802535842423827,1.8503169803029784,0.00039999999999999996,0.04288126475661593,4211.7894927193565,70.19649154532262,1.169941525755377,1.5,True,139.5050463020687,11.315435402000844,8000.0,8742.292244677623,-8753.607680079624,817.2415128729892,742.2922446776239,74.94926819536533,0.6312448350414909,0.98702,0.9082899399812874,800,1600,968.0619945770588,9.789027936033532,8.263933554684334,constant,0.9999999999999999,0.9999999999999999,0.00039999999999999996,False,False,0.19999999999999998,0.165918484043359,800.0000000000002,16973.153103001267,828.5569482749901,8742.292244677641,8742.292244677623,1.8189894035458565e-11,1.000000000000002,True,True,True,False,0,False,0.0,none,1.0,,,
1.2,flow_scan,1.0,1.04,24,24,24.96,1365919.0523868266,2048878.5785802396,2048878.5785802396,1365919.0523868266,1365919.0523868266,2048878.5785802396,2048878.5785802396,23.021906405213088,49.59382458906612,28.18067869786563,17.91894828426848,18.021906405213088,33.18067869786563,33.18067869786563,431986.33619281073,449305.2150245124,426335.0495045511,245092.51166977716,245092.51166977716,425562.89378413645,253953.71038635587,1797.9462451335412,1817.8904861626925,1744.7824145257846,1153.0421730752598,1156.196014479448,1776.0706829556038,1182.2059195715576,51.27407954521322,cooling,True,True,True,,False,False,-5.820766091346741e-11,26,21.472011948254362,21.54680451694244,26,26,15,14.99999999999998,22.220081488940593,24.733590314125365,19.70657266375582,1.4351013214811248,1.793876651851406,0.00041600000000000003,0.042805052657125364,4229.034365709045,70.48390609515076,1.1747317682525127,1.4999999999999998,True,132.142696196741,12.59236757655814,8000.0,8741.335520353363,-8753.927887929922,816.1170307110651,741.3355203533627,74.78151035770247,0.6311898015155843,0.98702,0.9083691339065098,800,1600,960.8520944843642,9.802515691934248,8.325943239259061,constant,1.04,1.04,0.00041600000000000003,False,False,0.20800000000000002,0.16495638486800412,812.1971594401512,18162.068620035778,828.7093982876232,8741.335520353421,8741.335520353363,5.820766091346741e-11,1.0000000000000067,True,True,True,False,0,False,0.0,none,1.0,,,
1.2,flow_scan,1.0,1.08,24,24,25.92,1358926.379601525,2038389.5694022877,2038389.5694022877,1358926.379601525,1358926.379601525,2038389.5694022877,2038389.5694022877,22.838171263544893,49.39847787787909,27.97767593494001,17.735258879743355,17.838171263544893,32.97767593494001,32.97767593494001,431947.24343495787,449273.8923455407,426347.9941677399,244747.04429477325,244747.04429477325,425535.4648639316,253594.64801810842,1798.2760745126172,1818.2445718861181,1745.2314923682477,1151.9286075357468,1155.06752584526,1776.4265718292418,1181.0670939075794,50.99665982181582,cooling,True,True,True,,False,False,0.03776279314843123,26,21.343749128898708,21.41699162093612,26,26,15,15.000000000000007,22.182642977319034,24.603192746407956,19.762093208230112,1.395569486395762,1.7444618579947024,0.00043200000000000004,0.04273499727427753,4245.081186174663,70.75135310291105,1.1791892183818509,1.5000000000000002,True,125.83942586421446,13.957738096836144,8000.0,8740.45429396612,-8754.412032062957,815.0812949802953,740.4542939661206,74.62700101417465,0.6311389929436818,0.98702,0.908442260331862,800,1600,954.8784589413459,9.814971892090103,8.37802960689828,constant,1.08,1.08,0.00043200000000000004,False,False,0.21600000000000003,0.16409195617050373,823.9223645006368,19385.747356716864,829.0390330771314,8740.416531172972,8740.45429396612,-0.03776279314843123,0.999995679538857,True,True,True,False,0,False,0.0,none,1.0,,,
1.2,flow_scan,1.0,1.1199999999999999,24,24,26.88,1352469.4674098804,2028704.20111482,2028704.20111482,1352469.4674098804,1352469.4674098804,2028704.20111482,2028704.20111482,22.667881373527223,49.217447836238875,27.789524435204328,17.565011802384788,17.667881373527223,32.78952443520433,32.78952443520433,431910.74248948554,449244.5418142428,426359.3280971924,244427.18175817825,244427.18175817825,425509.7182273467,253262.2861771989,1798.5816891220782,1818.572633382019,1745.6466046386042,1150.896793361876,1154.0219355625288,1776.7561770895402,1180.0121703951388,50.74073410633795,cooling,True,True,True,,False,False,0.050003436035694904,26,21.224387384521037,21.296254109314546,26,26,15,15.000000000000023,22.14903568972815,24.483308524285633,19.81476285517067,1.360688598495399,1.7008607481192486,0.000448,0.04267040784159859,4260.0441406890095,71.00073567815016,1.183345594635836,1.4999999999999996,True,120.38953839858296,15.414125938185688,8000.0,8739.640286631819,-8755.054412570003,814.1245752393361,739.6402866318178,74.48428860751824,0.6310919610499991,0.98702,0.9085099616534468,800,1600,949.9282395761047,9.826505971335115,8.421688783112621,constant,1.1199999999999999,1.1199999999999999,0.000448,False,False,0.224,0.16331219322781032,835.2054727113343,20643.918667212976,829.5387011775217,8739.590283195783,8739.640286631819,-0.050003436035694904,0.9999942785475837,True,True,True,False,0,False,0.0,none,1.0,,,
1.2,flow_scan,1.0,1.16,24,24,27.84,1346490.665796406,2019735.9986946096,2019735.9986946096,1346490.665796406,1346490.665796406,2019735.9986946096,2019735.9986946096,22.509655141753683,49.04926109140723,27.614698627513974,17.4068257100933,17.509655141753683,32.614698627513974,32.614698627513974,431876.596452863,449216.99565938325,426369.29125860444,244130.2573761618,244130.2573761618,425485.5167925237,252953.83382375175,1798.8655889559384,1818.8773601621817,1746.0313704803812,1149.938298735594,1153.0506879191926,1777.062229689291,1179.0324610887483,50.50396249577057,cooling,True,True,True,,False,False,0.006008635493344627,26,21.113072810963274,21.18371075370022,26,26,15,15.0,22.118777565706694,24.37276313361133,19.864791997802058,1.3296947929342426,1.6621184911678033,0.000464,0.042610684391197154,4274.025483947357,71.23375806578929,1.187229301096488,1.5000000000000004,True,115.63576047602982,16.964091160478706,8000.0,8738.8862778064,-8755.850368966878,813.2383844349705,738.8862778063992,74.35210662857128,0.6310483121904406,0.98702,0.9085728022045708,800,1600,945.8382360714791,9.837213974544888,8.458105937044634,constant,1.16,1.16,0.000464,False,False,0.232,0.16260619507472587,846.0736571635605,21936.32477648108,830.2024755954492,8738.880269170906,8738.8862778064,-0.006008635493344627,0.9999993124254851,True,True,True,False,0,False,0.0,none,1.0,,,
1.2,flow_scan,1.0,1.2,24,24,28.799999999999994,1340934.668842761,2011402.0032641422,2011402.0032641422,1340934.668842761,1340934.668842761,2011402.0032641422,2011402.0032641422,22.36214421465337,48.89248054048977,27.451709459907192,17.2593525127495,17.36214421465337,32.45170945990719,32.45170945990719,431844.56327299174,449191.0772867758,426378.09036492615,243853.68175367964,243853.68175367964,425462.71357888053,252666.58455095353,1799.1302095147435,1819.1613713652805,1746.3892743301035,1149.0449062553228,1152.145446825297,1777.3473837490303,1178.1195116107203,50.284109778808386,cooling,True,True,True,,False,False,2.4683686206117272e-09,26,21.008949362689236,21.078482476268398,26,26,15,15.000000000000018,22.09146179998504,24.270549710123703,19.91237388984638,1.3019546602358607,1.6274433252948257,0.0004799999999999999,0.04255525552806224,4287.128373937495,71.45213956562492,1.1908689927604152,1.5000000000000004,True,111.45246743749283,18.610175789048036,8000.0,8738.185336377694,-8756.795512166742,812.4145754451024,738.1853363776934,74.22923906740903,0.6310076642347537,0.98702,0.9086313302210998,800,1600,942.4772186716433,9.84718915907804,8.488268831872084,constant,1.1999999999999997,1.1999999999999997,0.0004799999999999999,False,True,0.23999999999999996,0.16196476873605428,856.5514672142676,23262.71973631005,831.0247512341505,8738.185336375225,8738.185336377694,-2.4683686206117272e-09,0.9999999999997176,True,True,True,False,0,False,0.0,none,1.0,,,
1.2,optimal,0.3,,24,24,12.960320971062878,1066485.9184090272,1599728.8776142509,1599728.8776142509,1066485.9184090272,1066485.9184090272,1599728.8776142509,1599728.8776142509,14.42464961258952,40.130986823487035,18.67886283671345,9.324253756791393,9.42464961258952,23.67886283671345,23.67886283671345,429854.45664155204,447066.35543341376,426227.5305533989,229291.00788564997,229291.00788564997,423918.1122680354,237616.92480028325,1813.3588837774025,1833.0861888967665,1764.7136214077348,1101.1826077317169,1103.699702622227,1792.53274989454,1129.4697870843218,39.622764772824006,cooling,True,True,True,,False,False,-9.549694368615746e-12,26,12.688651253652495,12.708744737264706,26,26,15,15.000000000000037,17.532483883363142,18.97469469275393,16.090273073972355,0.14644920872837247,0.18306151091046557,0.00021600534951771462,0.011966288049428918,1575.6822604617996,26.26137100769666,0.43768951679494433,1.500000000000666,True,3.6228004831164173,2.126853849790954,2400.0,2605.9625388210347,-2608.089392670826,234.86947875927964,205.96253882103494,28.906939938244705,0.6438909412197281,0.9583320999974531,0.876923387019257,800,1600,240.619133092187,10.218441377220353,9.97426916620343,optimal_power,0.5400133737942865,0.5400133737942865,0.00021600534951771462,False,False,0.1080026747588573,0.19420223022108168,432.1044803482082,5907.781046737077,236.9963326090706,2605.9625388210443,2605.9625388210347,9.549694368615746e-12,1.0000000000000038,True,True,True,True,16,False,0.0,none,1.0,bounded,,
1.2,optimal,0.4,,24,24,15.44655667485744,1108636.5378066353,1662954.806709838,1662954.806709838,1108636.5378066353,1108636.5378066353,1662954.806709838,1662954.806709838,15.736687693292026,41.619721628587286,20.129155739399152,10.635853307941659,10.736687693292026,25.129155739399152,25.129155739399152,430217.65891882876,447507.1378781941,426329.73569805943,231657.19979196112,231657.19979196112,424213.86292550096,240053.4208590999,1811.0013015331353,1830.9422418747788,1761.7898912094506,1109.071985804907,1111.6785898229377,1790.0349926790523,1137.4580869476447,41.236064090876305,cooling,True,True,True,,False,False,1.5916157281026244e-11,26,14.360894995762294,14.384211063042116,26,26,15,15.000000000000004,18.18394654264378,19.799517397868897,16.568375687418666,0.22332032005280783,0.2791504000660098,0.000257442611247624,0.016115998190533,2015.656119880768,33.59426866467947,0.5599044777446578,1.4999999999998965,True,6.410408297540378,3.4180673936458805,3200.0000000000005,3478.6372116243906,-3482.0552790180363,313.91729391649335,278.6372116243902,35.280082292103145,0.6399454654129789,0.9694681971432956,0.887613447950121,800,1600,323.74576960767956,10.193767791752332,9.8842990408116,optimal_power,0.6436065281190599,0.6436065281190599,0.000257442611247624,False,False,0.128721305623812,0.1828774265491656,510.3097982399448,7966.204297915953,317.3353613101392,3478.6372116243747,3478.6372116243906,-1.5916157281026244e-11,0.9999999999999954,True,True,True,True,16,False,0.0,none,1.0,bounded,,
1.2,optimal,0.5,,24,24,17.993371793766997,1147702.0116137764,1721553.0174206642,1721553.0174206642,1147702.0116137764,1147702.0116137764,1721553.0174206642,1721553.0174206642,16.919609665025405,42.93771837248306,21.436709971483253,11.818392651691056,11.919609665025405,26.436709971483253,26.436709971483253,430533.9718121463,447862.77711448475,426397.4349542114,233803.84074971298,233803.84074971298,424467.44549369224,242266.51735391875,1808.879520064779,1828.9189992785568,1759.1235524979518,1116.1907951888602,1118.880350901645,1787.7812591979464,1144.6755854192083,42.73876267281516,cooling,True,True,True,,False,False,0.043182160577089235,26,15.762799038323578,15.790268951737083,26,26,15,15.000000000000009,18.823077263327065,20.558668581399104,17.087485945255025,0.3173778487431264,0.396722310928908,0.00029988952989611664,0.020332421771886988,2436.294933264173,40.60491555440288,0.6767485925733813,1.4999999999999996,True,10.733368824713512,5.1694047194092665,4000.0,4352.336578210057,-4357.505982929467,393.95613697526517,352.3365782100568,41.61955876520835,0.6374593864097567,0.9763539949176863,0.8943548409100643,800,1600,409.85891051938796,10.153414617960738,9.75945599165102,optimal_power,0.7497238247402915,0.7497238247402915,0.00029988952989611664,False,False,0.1499447649480583,0.17547088992207766,582.0037873159815,10342.617939079053,399.12554169467444,4352.29339604948,4352.336578210057,-0.043182160577089235,0.9999900783958683,True,True,True,True,20,False,0.0,none,1.0,bounded,,
1.2,optimal,0.6,,24,24,20.71776828143395,1184242.2336180238,1776363.350427035,1776363.350427035,1184242.2336180238,1184242.2336180238,1776363.350427035,1776363.350427035,17.998972605240056,44.12799185466935,22.629757973514643,12.89741783198508,12.998972605240056,27.629757973514643,27.629757973514643,430813.11917518417,448161.1064048217,426438.065059614,235773.87460417548,235773.87460417548,424687.675140817,244299.91953526175,1806.945624282931,1827.025414710605,1756.6627818347959,1122.6920799414402,1125.4592409711743,1785.7220866055281,1151.2753179836805,44.151016606020896,cooling,True,True,True,,False,False,9.669747669249773e-09,26,16.96254302808228,16.99510501355428,26,26,15,14.999999999999961,19.45425985729858,21.26500035410203,17.643519360495134,0.43141261907534506,0.5392657738441813,0.0003452961380238992,0.024610431662395234,2840.8997651255486,47.34832941875914,0.7891388236459858,1.4999999999999993,True,17.29441487263086,7.582062472204371,4800.0,5226.941454195099,-5234.523516667304,474.8992911853012,426.9414541950992,47.957836990202,0.6357423311117681,0.9810533311112096,0.8990147218992388,800,1600,499.7757685301364,10.107406115557005,9.604307175830115,optimal_power,0.863240345059748,0.863240345059748,0.0003452961380238992,False,False,0.1726480690119496,0.17018778664823117,650.2990927038204,13174.886662091058,482.48135365750557,5226.941454185429,5226.941454195099,-9.669747669249773e-09,0.99999999999815,True,True,True,True,16,False,0.0,none,1.0,bounded,,
1.2,optimal,0.7,,24,24,23.736593278488407,1218500.769481063,1827751.1542215948,1827751.1542215948,1218500.769481063,1218500.769481063,1827751.1542215948,1827751.1542215948,18.98843024225323,45.21228438825841,23.723383455216606,13.886576072032199,13.98843024225323,28.723383455216606,28.723383455216606,431060.8741158211,448416.38035218924,426456.84080185334,237589.55573445148,237589.55573445148,424879.9358196176,246176.1411174391,1805.1738217877228,1825.2618537458466,1754.3813957294237,1128.6573098188899,1131.4972604363013,1783.8311358705582,1157.3382913396756,45.48110225088092,cooling,True,True,True,,False,False,0.022672821061860304,26,18.000977918655792,18.03963391792338,26,26,15,15.000000000000052,20.08022668784676,21.926014124771996,18.234439250921525,0.5686551555233745,0.7108189444042181,0.0003956098879748068,0.028944858839289607,3232.2418847081103,53.87069807846851,0.8978449679744751,1.5000000000000004,True,27.062507603701587,10.980186229090203,5600.0,6102.3526780960865,-6113.332864325177,556.6588177733568,502.35267809608655,54.30613967727021,0.6344801048006756,0.9844793365820426,0.9024426849205487,800,1600,594.7015116061485,10.060022083904249,9.416488592530596,optimal_power,0.9890247199370169,0.9890247199370169,0.0003956098879748068,False,False,0.1978049439874034,0.16620154016126823,717.3092463058643,16653.051244951857,567.639004002447,6102.330005275025,6102.3526780960865,-0.022672821061860304,0.9999962845770709,True,True,True,True,18,False,0.0,none,1.0,bounded,,
1.2,optimal,0.8,,24,24,27.084050988636385,1251090.0638659964,1876635.095798994,1876635.095798994,1251090.0638659964,1251090.0638659964,1876635.095798994,1876635.095798994,19.91045623037604,46.21879928373744,24.742422787586975,14.808332480397326,14.910456230376042,29.742422787586975,29.742422787586975,431284.57238356065,448640.69784085185,426457.8052773195,239290.09140086628,239290.09140086628,425050.5793674968,247935.34180923295,1803.5230101773946,1823.601420099608,1752.231591025347,1134.221287529924,1137.13052148623,1782.0654038824111,1163.0002034005445,46.75190229582697,cooling,True,True,True,,False,False,0.05382530952920206,26,18.91618978279945,18.962069913966214,26,26,15,15.000000000000014,20.705811964851705,22.556580174380258,18.855043755323152,0.7338560957992015,0.9173201197490018,0.0004514008498106064,0.03333429152360307,3611.902297071968,60.19837161786613,1.003306193631102,1.4999999999999993,True,41.451257228014875,15.735658396697794,6400.0,6978.554145713574,-6994.289804110272,639.2326236862318,578.5541457135736,60.67847797265824,0.6334863526280226,0.98702,0.905076061946359,800,1600,696.4195393109445,10.01200464878252,9.189862774861725,optimal_power,1.1285021245265159,1.1285021245265159,0.0004514008498106064,False,False,0.2257004249053032,0.1631562924801488,783.6443033410205,20915.76708812132,654.9682820829296,6978.500320404045,6978.554145713574,-0.05382530952920206,0.9999922870399218,True,True,True,True,18,False,0.0,none,1.0,bounded,,
1.2,optimal,0.9,,24,24,28.799999999999994,1291573.5074187065,1937360.261128059,1937360.261128059,1291573.5074187065,1291573.5074187065,1937360.261128059,1937360.261128059,21.03101764929852,47.44677826333532,25.980795591509548,15.92857937166724,16.03101764929852,30.980795591509548,30.980795591509548,431546.90209894255,448907.49847149546,426436.6248163751,241368.23927071108,241368.23927071108,425246.5961550608,250087.91366448562,1801.5162122032425,1821.5982039827932,1749.585245557296,1140.990964512527,1143.986337358149,1779.913626536847,1169.89838104778,48.33819297192372,cooling,True,True,True,,False,False,2.3283064365386963e-10,26,19.919555495776706,19.97515837177981,26,26,15,15.000000000000021,21.37806518398648,23.337938215034967,19.41819215293799,0.9618226873012463,1.2022783591265578,0.0004799999999999999,0.037859136734508476,3967.5677115311846,66.12612852551975,1.1021021420919959,1.4999999999999993,True,65.84069749241894,18.610175789048036,7199.999999999999,7857.257191861092,-7875.86736765014,724.5727856021568,657.2571918610927,67.31559374106416,0.6320755816931632,0.98702,0.9070961605532541,800,1600,809.0236588836239,9.936889906810995,8.899616124867496,optimal_power,1.1999999999999997,1.1999999999999997,0.0004799999999999999,False,True,0.23999999999999996,0.16196476873605428,830.2408294264845,23262.71973631005,743.1829613912049,7857.257191860859,7857.257191861092,-2.3283064365386963e-10,0.9999999999999704,True,True,True,True,21,True,0.0,none,1.0,bounded,,
1.2,optimal,1.0,,24,24,28.799999999999994,1340934.668842761,2011402.0032641422,2011402.0032641422,1340934.668842761,1340934.668842761,2011402.0032641422,2011402.0032641422,22.36214421465337,48.89248054048977,27.451709459907192,17.2593525127495,17.36214421465337,32.45170945990719,32.45170945990719,431844.56327299174,449191.0772867758,426378.09036492615,243853.68175367964,243853.68175367964,425462.71357888053,252666.58455095353,1799.1302095147435,1819.1613713652805,1746.3892743301035,1149.0449062553228,1152.145446825297,1777.3473837490303,1178.1195116107203,50.284109778808386,cooling,True,True,True,,False,False,2.4683686206117272e-09,26,21.008949362689236,21.078482476268398,26,26,15,15.000000000000018,22.09146179998504,24.270549710123703,19.91237388984638,1.3019546602358607,1.6274433252948257,0.0004799999999999999,0.04255525552806224,4287.128373937495,71.45213956562492,1.1908689927604152,1.5000000000000004,True,111.45246743749283,18.610175789048036,8000.0,8738.185336377694,-8756.795512166742,812.4145754451024,738.1853363776934,74.22923906740903,0.6310076642347537,0.98702,0.9086313302210998,800,1600,942.4772186716433,9.84718915907804,8.488268831872084,optimal_power,1.1999999999999997,1.1999999999999997,0.0004799999999999999,False,True,0.23999999999999996,0.16196476873605428,856.5514672142676,23262.71973631005,831.0247512341505,8738.185336375225,8738.185336377694,-2.4683686206117272e-09,0.9999999999997176,True,True,True,True,21,True,0.0,none,1.0,bounded,,
1.2,prescribed,0.3,1.0,24,24,24.0,1025457.1253071139,1538185.6879607046,1538185.6879607046,1025457.1253071139,1025457.1253071139,1538185.6879607046,1538185.6879607046,13.109514889261618,38.74103081909794,17.225159229500434,8.009572404937273,8.109514889261618,22.225159229500434,22.225159229500434,429477.7118214925,446729.09176345245,426097.7508097598,226934.3522764436,226934.3522764436,423606.8655122162,235193.13470911095,1815.7279624771506,1835.6203473684768,1767.612677127159,1093.2801370073532,1095.7100702931236,1795.0361860222442,1121.4785605449472,38.060217854426256,cooling,True,True,True,,False,False,6.530171958729625e-10,26,11.490548823269705,11.51017330820595,26,26,15,15.000000000000005,17.169991826023846,17.95108728251347,16.388896369534223,0.13435632177126539,0.16794540221408172,0.0004,0.011849314662257297,1621.8770019867602,27.031283366446004,0.45052138944076675,1.5000000000000329,True,3.2460748014222975,11.315435402000851,2400.0,2604.417029290437,-2615.7324646924376,232.7407233367057,204.41702929043717,28.323694046268542,0.6433813802338119,0.9597852056897483,0.8783036606563576,800,1600,247.30223354012887,10.311904017450024,9.704724319081253,optimal_power,1.0,1.0,0.0004,False,False,0.2,0.165918484043359,519.6753118018535,16973.153103001274,244.05615873870656,2604.417029289784,2604.417029290437,-6.530171958729625e-10,0.9999999999997493,True,True,True,False,0,False,0.0,none,1.0,,,
1.2,prescribed,0.4,1.0,24,24,24.0,1072033.809515749,1608050.7142745743,1608050.7142745743,1072033.809515749,1072033.809515749,1608050.7142745743,1608050.7142745743,14.599545169246994,40.41563403994627,18.872187862600583,9.499090038608927,9.599545169246994,23.872187862600583,23.872187862600583,429903.6099911805,447227.483232242,426242.7559737476,229605.54248704447,229605.54248704447,423958.39873032493,237940.63346400775,1813.0443083213806,1833.1240686960641,1764.3257898337622,1102.2339205963026,1104.7627981419555,1792.1998510643784,1130.533672212971,39.8346378808184,cooling,True,True,True,,False,False,0.030510582858369162,26,13.360602672549703,13.383154853485904,26,26,15,15.000000000000004,17.893688816761056,18.935281305802107,16.852096327720005,0.20564656584167093,0.25705820730208867,0.0004,0.015976190084479584,2066.381170249315,34.439686170821915,0.5739947695136985,1.5000000000008868,True,5.709685131858428,11.315435402000851,3200.0,3476.7694918986285,-3488.0849273006293,311.4789205522135,276.76949189862825,34.709428653585235,0.6395941649178932,0.9704472064798924,0.8885657219048733,800,1600,328.50404108607273,10.273568414603456,9.741128265638457,optimal_power,1.0,1.0,0.0004,False,False,0.2,0.165918484043359,587.8324764163234,16973.153103001274,322.7943559542143,3476.73898131577,3476.7694918986285,-0.030510582858369162,0.9999912244447239,True,True,True,False,0,False,0.0,none,1.0,,,
1.2,prescribed,0.5,1.0,24,24,24.0,1119344.4374265654,1679016.6561398483,1679016.6561398483,1119344.4374265654,1119344.4374265654,1679016.6561398483,1679016.6561398483,16.064006528415973,42.030366999892635,20.49096354422562,10.963065017473184,11.064006528415973,25.49096354422562,25.49096354422562,430306.254616145,447661.60488984623,426350.83501119853,232249.90461726597,232249.90461726597,424285.2875452598,240664.213266556,1810.4138893331974,1830.5562308678873,1761.0551254318814,1111.0411889058907,1113.6705296122968,1789.411611186995,1139.4536690375407,41.64723091824002,cooling,True,True,True,,False,False,0.013653531785166706,26,15.035718534796217,15.062251482380235,26,26,15,15.000000000000004,18.618540125326064,19.921045147290386,17.31603510336174,0.2963313946905692,0.37041424336321144,0.0004,0.020196272424603607,2481.8662544925573,41.36443757487596,0.6894072929145992,1.5,True,9.679776159806648,11.315435402000851,4000.000000000001,4350.51338215209,-4361.828817554091,391.65567368522284,350.51338215208915,41.14229153313369,0.6372389432435157,0.9769598581644013,0.8949529030282857,800,1600,412.6508852470303,10.213052609100812,9.693424012904835,optimal_power,1.0,1.0,0.0004,False,False,0.2,0.165918484043359,641.0659610356713,16973.153103001274,402.9711090872237,4350.499728620305,4350.51338215209,-0.013653531785166706,0.9999968616274482,True,True,True,False,0,False,0.0,none,1.0,,,
1.2,prescribed,0.6,1.0,24,24,24.0,1167650.092213964,1751475.1383209445,1751475.1383209445,1167650.092213964,1167650.092213964,1751475.1383209445,1751475.1383209445,17.512005995535276,43.61090537874588,22.091506693380666,12.410602211232117,12.512005995535276,27.091506693380666,27.091506693380666,430688.3130913155,448051.9348630504,426422.28824325954,234883.71546274397,234883.71546274397,424589.65455952456,243380.83648458365,1807.817930393295,1827.9558058863336,1757.7764453915693,1119.758227511333,1122.4901465053924,1786.6515052694654,1148.2960237242658,43.508929760380326,cooling,True,True,True,,False,False,6.093614501878619e-11,26,16.562800289466338,16.594546594575817,26,26,15,15.000000000000037,19.34455173438775,20.90838694312788,17.78071652564762,0.4131387595502747,0.5164234494378434,0.0004,0.024514235406797164,2870.6968820936136,47.84494803489356,0.7974158005815594,1.4999999999999987,True,16.146978892031864,11.315435402000851,4800.0,5225.655911626898,-5236.971347028899,473.3151599703542,425.65591162689793,47.659248343456284,0.6356344646084218,0.9813470434700258,0.8993075811338023,800,1600,500.77757426438694,10.141234437326379,9.5850937555479,optimal_power,1.0,1.0,0.0004,False,False,0.2,0.165918484043359,684.2015741289396,16973.153103001274,484.63059537235506,5225.655911626837,5225.655911626898,-6.093614501878619e-11,0.9999999999999883,True,True,True,False,0,False,0.0,none,1.0,,,
1.2,prescribed,0.7,1.0,24,24,24.0,1217110.1477142833,1825665.2215714257,1825665.2215714257,1217110.1477142833,1217110.1477142833,1825665.2215714257,1825665.2215714257,18.948676042250952,45.170023562863605,23.679445111780467,13.846833703847949,13.948676042250952,28.679445111780467,28.679445111780467,431051.07237411704,448407.90491445287,426456.43610320566,237516.42308487202,237516.42308487202,424872.39201061655,246100.52889558356,1805.244999311506,1825.337757988729,1754.4735553973878,1128.4175311098745,1131.254526296028,1783.907182569623,1157.094441610987,45.4269963816818,cooling,True,True,True,,False,False,7.275957614183426e-11,26,17.969472186375583,18.008029710741678,26,26,15,15.000000000000021,20.07174819039068,21.897340075329907,18.24615630545145,0.5664241817300355,0.7080302271625444,0.0004,0.028935387128692307,3234.9639275958198,53.91606545993033,0.8986010909988388,1.5000000000000007,True,26.887664355440837,11.315435402000851,5600.0,6102.226668882501,-6113.542104284502,556.5062244401654,502.22666888250126,54.27955555766414,0.634472367653065,0.9845002638671637,0.9024637044944676,800,1600,594.7093241976071,10.062780529783819,9.416364889781448,optimal_power,1.0,1.0,0.0004,False,False,0.2,0.165918484043359,720.1026357740168,16973.153103001274,567.8216598421662,6102.226668882428,6102.226668882501,-7.275957614183426e-11,0.9999999999999881,True,True,True,False,0,False,0.0,none,1.0,,,
1.2,prescribed,0.8,1.0,24,24,24.0,1267836.739824902,1901755.1097373534,1901755.1097373534,1267836.739824902,1267836.739824902,1901755.1097373534,1901755.1097373534,20.377253325553056,46.71497072814941,25.258310466510295,15.274996748587796,15.377253325553056,30.258310466510295,30.258310466510295,431395.1375478136,448734.3555887613,426452.0183453368,240154.2507832628,240154.2507832628,425133.77058786503,248830.07418442055,1802.6871515152916,1822.7078945927071,1751.1338401756661,1137.040294478551,1139.9851503769478,1781.1698754636502,1165.8714390865355,47.407059089839855,cooling,True,True,True,,False,False,1.0568328434601426e-09,26,19.272926908998784,19.320487839105102,26,26,15,15.00000000000002,20.8001647473055,22.887952487645975,18.712377006965028,0.7727725325775828,0.9659656657219785,0.0004,0.03346564695592245,3576.5531139241957,59.60921856540326,0.9934869760900543,1.5000000000000002,True,45.24849790726732,11.315435402000851,6399.999999999998,6980.268149450115,-6991.583584852116,641.2838114484285,580.2681494501165,61.015661998312,0.6335927760517713,0.9868736107393361,0.9048538869857019,800,1600,697.8477447576967,9.979980604133308,9.171054930072426,optimal_power,1.0,1.0,0.0004,False,False,0.2,0.165918484043359,750.6026083869313,16973.153103001274,652.5992468504294,6980.268149449058,6980.268149450115,-1.0568328434601426e-09,0.9999999999998486,True,True,True,False,0,False,0.0,none,1.0,,,
1.2,prescribed,0.9,1.0,24,24,24.0,1319960.1569015528,1979940.2353523278,1979940.2353523278,1319960.1569015528,1319960.1569015528,1979940.2353523278,1979940.2353523278,21.801099223070935,48.26446464790547,26.83177059615184,16.698453687197116,16.801099223070935,31.83177059615184,31.83177059615184,431720.9809798875,449050.4184293251,426407.2965867049,242803.85540939867,242803.85540939867,425373.87917440385,251576.7974365814,1800.136246007324,1820.1164910848402,1747.7435868015052,1145.6486107701512,1148.7044426421458,1778.4304837635711,1174.6507422564046,49.45565196087044,cooling,True,True,True,,False,False,1.3642420526593924e-11,26,20.484736924364313,20.54444887805663,26,26,15,14.999999999999975,21.53036411455622,23.880989438546123,19.17973879056632,1.0603863121009636,1.3254828901262043,0.0004,0.038111949767696066,3903.81553001517,65.0635921669195,1.0843932027819918,1.499999999999999,True,77.95205064355042,11.315435402000851,7199.999999999999,7860.4586495753965,-7871.774084977397,728.3716463873931,660.4586495753978,67.9129968119953,0.632309549780565,0.98702,0.9067605155296298,800,1600,817.6391324329443,9.885063532759474,8.805840760796121,optimal_power,1.0,1.0,0.0004,False,False,0.2,0.165918484043359,776.9439667123902,16973.153103001274,739.6870817893939,7860.458649575383,7860.4586495753965,-1.3642420526593924e-11,0.9999999999999982,True,True,True,False,0,False,0.0,none,1.0,,,
1.2,prescribed,1.0,1.0,24,24,24.0,1373513.5731461898,2060270.3597192846,2060270.3597192846,1373513.5731461898,1373513.5731461898,2060270.3597192846,2060270.3597192846,23.220656255277333,49.80516217385201,28.400265604362062,18.117649199338075,18.220656255277333,33.40026560436206,33.40026560436206,432028.2830087135,449338.6923189496,426320.20368082664,245466.62151374278,245466.62151374278,425592.15229811653,254342.65510734127,1797.5893576341061,1817.507316777342,1744.2952278435714,1154.2470761718648,1157.417129811152,1775.6854003094677,1183.4385332432994,51.57568215375809,cooling,True,True,True,,False,False,-1.6370904631912708e-11,26,21.610129436003376,21.68668057303966,26,26,15,15.000000000000005,22.261926580945584,24.875880140453376,19.647973021437792,1.4802535842423827,1.8503169803029784,0.0004,0.04288126475661593,4211.7894927193565,70.19649154532262,1.169941525755377,1.5,True,139.5050463020687,11.315435402000851,8000.0,8742.292244677623,-8753.607680079624,817.2415128729892,742.2922446776239,74.94926819536533,0.6312448350414909,0.98702,0.9082899399812874,800,1600,968.0619945770588,9.789027936033532,8.263933554684334,optimal_power,1.0,1.0,0.0004,False,False,0.2,0.165918484043359,800.0000000000002,16973.153103001274,828.5569482749901,8742.29224467764,8742.292244677623,1.6370904631912708e-11,1.0000000000000018,True,True,True,False,0,False,0.0,none,1.0,,,
1.5,prescribed,0.3,1.0,24,24,24.0,1025457.1253071139,1538185.6879607046,1538185.6879607046,1025457.1253071139,1025457.1253071139,1538185.6879607046,1538185.6879607046,13.109514889261618,38.74103081909794,17.225159229500434,8.009572404937273,8.109514889261618,22.225159229500434,22.225159229500434,429477.7118214925,446729.09176345245,426097.7508097598,226934.3522764436,226934.3522764436,423606.8655122162,235193.13470911095,1815.7279624771506,1835.6203473684768,1767.612677127159,1093.2801370073532,1095.7100702931236,1795.0361860222442,1121.4785605449472,38.060217854426256,cooling,True,True,True,,False,False,6.530171958729625e-10,26,11.490548823269705,11.51017330820595,26,26,15,15.000000000000005,17.169991826023846,17.95108728251347,16.388896369534223,0.13435632177126539,0.16794540221408172,0.0004,0.011849314662257297,1621.8770019867602,27.031283366446004,0.45052138944076675,1.5000000000000329,True,3.2460748014222975,11.315435402000851,2400.0,2604.417029290437,-2615.7324646924376,232.7407233367057,204.41702929043717,28.323694046268542,0.6433813802338119,0.9597852056897483,0.8783036606563576,800,1600,247.30223354012887,10.311904017450024,9.704724319081253,optimal_power,1.0,1.0,0.0004,False,False,0.2,0.165918484043359,519.6753118018535,16973.153103001274,244.05615873870656,2604.417029289784,2604.417029290437,-6.530171958729625e-10,0.9999999999997493,True,True,True,False,0,False,0.0,none,1.0,,,
1.5,prescribed,0.4,1.0,24,24,24.0,1072033.809515749,1608050.7142745743,1608050.7142745743,1072033.809515749,1072033.809515749,1608050.7142745743,1608050.7142745743,14.599545169246994,40.41563403994627,18.872187862600583,9.499090038608927,9.599545169246994,23.872187862600583,23.872187862600583,429903.6099911805,447227.483232242,426242.7559737476,229605.54248704447,229605.54248704447,423958.39873032493,237940.63346400775,1813.0443083213806,1833.1240686960641,1764.3257898337622,1102.2339205963026,1104.7627981419555,1792.1998510643784,1130.533672212971,39.8346378808184,cooling,True,True,True,,False,False,0.030510582858369162,26,13.360602672549703,13.383154853485904,26,26,15,15.000000000000004,17.893688816761056,18.935281305802107,16.852096327720005,0.20564656584167093,0.25705820730208867,0.0004,0.015976190084479584,2066.381170249315,34.439686170821915,0.5739947695136985,1.5000000000008868,True,5.709685131858428,11.315435402000851,3200.0,3476.7694918986285,-3488.0849273006293,311.4789205522135,276.76949189862825,34.709428653585235,0.6395941649178932,0.9704472064798924,0.8885657219048733,800,1600,328.50404108607273,10.273568414603456,9.741128265638457,optimal_power,1.0,1.0,0.0004,False,False,0.2,0.165918484043359,587.8324764163234,16973.153103001274,322.7943559542143,3476.73898131577,3476.7694918986285,-0.030510582858369162,0.9999912244447239,True,True,True,False,0,False,0.0,none,1.0,,,
1.5,prescribed,0.5,1.0,24,24,24.0,1119344.4374265654,1679016.6561398483,1679016.6561398483,1119344.4374265654,1119344.4374265654,1679016.6561398483,1679016.6561398483,16.064006528415973,42.030366999892635,20.49096354422562,10.963065017473184,11.064006528415973,25.49096354422562,25.49096354422562,430306.254616145,447661.60488984623,426350.83501119853,232249.90461726597,232249.90461726597,424285.2875452598,240664.213266556,1810.4138893331974,1830.5562308678873,1761.0551254318814,1111.0411889058907,1113.6705296122968,1789.411611186995,1139.4536690375407,41.64723091824002,cooling,True,True,True,,False,False,0.013653531785166706,26,15.035718534796217,15.062251482380235,26,26,15,15.000000000000004,18.618540125326064,19.921045147290386,17.31603510336174,0.2963313946905692,0.37041424336321144,0.0004,0.020196272424603607,2481.8662544925573,41.36443757487596,0.6894072929145992,1.5,True,9.679776159806648,11.315435402000851,4000.000000000001,4350.51338215209,-4361.828817554091,391.65567368522284,350.51338215208915,41.14229153313369,0.6372389432435157,0.9769598581644013,0.8949529030282857,800,1600,412.6508852470303,10.213052609100812,9.693424012904835,optimal_power,1.0,1.0,0.0004,False,False,0.2,0.165918484043359,641.0659610356713,16973.153103001274,402.9711090872237,4350.499728620305,4350.51338215209,-0.013653531785166706,0.9999968616274482,True,True,True,False,0,False,0.0,none,1.0,,,
1.5,prescribed,0.6,1.0,24,24,24.0,1167650.092213964,1751475.1383209445,1751475.1383209445,1167650.092213964,1167650.092213964,1751475.1383209445,1751475.1383209445,17.512005995535276,43.61090537874588,22.091506693380666,12.410602211232117,12.512005995535276,27.091506693380666,27.091506693380666,430688.3130913155,448051.9348630504,426422.28824325954,234883.71546274397,234883.71546274397,424589.65455952456,243380.83648458365,1807.817930393295,1827.9558058863336,1757.7764453915693,1119.758227511333,1122.4901465053924,1786.6515052694654,1148.2960237242658,43.508929760380326,cooling,True,True,True,,False,False,6.093614501878619e-11,26,16.562800289466338,16.594546594575817,26,26,15,15.000000000000037,19.34455173438775,20.90838694312788,17.78071652564762,0.4131387595502747,0.5164234494378434,0.0004,0.024514235406797164,2870.6968820936136,47.84494803489356,0.7974158005815594,1.4999999999999987,True,16.146978892031864,11.315435402000851,4800.0,5225.655911626898,-5236.971347028899,473.3151599703542,425.65591162689793,47.659248343456284,0.6356344646084218,0.9813470434700258,0.8993075811338023,800,1600,500.77757426438694,10.141234437326379,9.5850937555479,optimal_power,1.0,1.0,0.0004,False,False,0.2,0.165918484043359,684.2015741289396,16973.153103001274,484.63059537235506,5225.655911626837,5225.655911626898,-6.093614501878619e-11,0.9999999999999883,True,True,True,False,0,False,0.0,none,1.0,,,
1.5,prescribed,0.7,1.0,24,24,24.0,1217110.1477142833,1825665.2215714257,1825665.2215714257,1217110.1477142833,1217110.1477142833,1825665.2215714257,1825665.2215714257,18.948676042250952,45.170023562863605,23.679445111780467,13.846833703847949,13.948676042250952,28.679445111780467,28.679445111780467,431051.07237411704,448407.90491445287,426456.43610320566,237516.42308487202,237516.42308487202,424872.39201061655,246100.52889558356,1805.244999311506,1825.337757988729,1754.4735553973878,1128.4175311098745,1131.254526296028,1783.907182569623,1157.094441610987,45.4269963816818,cooling,True,True,True,,False,False,7.275957614183426e-11,26,17.969472186375583,18.008029710741678,26,26,15,15.000000000000021,20.07174819039068,21.897340075329907,18.24615630545145,0.5664241817300355,0.7080302271625444,0.0004,0.028935387128692307,3234.9639275958198,53.91606545993033,0.8986010909988388,1.5000000000000007,True,26.887664355440837,11.315435402000851,5600.0,6102.226668882501,-6113.542104284502,556.5062244401654,502.22666888250126,54.27955555766414,0.634472367653065,0.9845002638671637,0.9024637044944676,800,1600,594.7093241976071,10.062780529783819,9.416364889781448,optimal_power,1.0,1.0,0.0004,False,False,0.2,0.165918484043359,720.1026357740168,16973.153103001274,567.8216598421662,6102.226668882428,6102.226668882501,-7.275957614183426e-11,0.9999999999999881,True,True,True,False,0,False,0.0,none,1.0,,,
1.5,prescribed,0.8,1.0,24,24,24.0,1267836.739824902,1901755.1097373534,1901755.1097373534,1267836.739824902,1267836.739824902,1901755.1097373534,1901755.1097373534,20.377253325553056,46.71497072814941,25.258310466510295,15.274996748587796,15.377253325553056,30.258310466510295,30.258310466510295,431395.1375478136,448734.3555887613,426452.0183453368,240154.2507832628,240154.2507832628,425133.77058786503,248830.07418442055,1802.6871515152916,1822.7078945927071,1751.1338401756661,1137.040294478551,1139.9851503769478,1781.1698754636502,1165.8714390865355,47.407059089839855,cooling,True,True,True,,False,False,1.0568328434601426e-09,26,19.272926908998784,19.320487839105102,26,26,15,15.00000000000002,20.8001647473055,22.887952487645975,18.712377006965028,0.7727725325775828,0.9659656657219785,0.0004,0.03346564695592245,3576.5531139241957,59.60921856540326,0.9934869760900543,1.5000000000000002,True,45.24849790726732,11.315435402000851,6399.999999999998,6980.268149450115,-6991.583584852116,641.2838114484285,580.2681494501165,61.015661998312,0.6335927760517713,0.9868736107393361,0.9048538869857019,800,1600,697.8477447576967,9.979980604133308,9.171054930072426,optimal_power,1.0,1.0,0.0004,False,False,0.2,0.165918484043359,750.6026083869313,16973.153103001274,652.5992468504294,6980.268149449058,6980.268149450115,-1.0568328434601426e-09,0.9999999999998486,True,True,True,False,0,False,0.0,none,1.0,,,
1.5,prescribed,0.9,1.0,24,24,24.0,1319960.1569015528,1979940.2353523278,1979940.2353523278,1319960.1569015528,1319960.1569015528,1979940.2353523278,1979940.2353523278,21.801099223070935,48.26446464790547,26.83177059615184,16.698453687197116,16.801099223070935,31.83177059615184,31.83177059615184,431720.9809798875,449050.4184293251,426407.2965867049,242803.85540939867,242803.85540939867,425373.87917440385,251576.7974365814,1800.136246007324,1820.1164910848402,1747.7435868015052,1145.6486107701512,1148.7044426421458,1778.4304837635711,1174.6507422564046,49.45565196087044,cooling,True,True,True,,False,False,1.3642420526593924e-11,26,20.484736924364313,20.54444887805663,26,26,15,14.999999999999975,21.53036411455622,23.880989438546123,19.17973879056632,1.0603863121009636,1.3254828901262043,0.0004,0.038111949767696066,3903.81553001517,65.0635921669195,1.0843932027819918,1.499999999999999,True,77.95205064355042,11.315435402000851,7199.999999999999,7860.4586495753965,-7871.774084977397,728.3716463873931,660.4586495753978,67.9129968119953,0.632309549780565,0.98702,0.9067605155296298,800,1600,817.6391324329443,9.885063532759474,8.805840760796121,optimal_power,1.0,1.0,0.0004,False,False,0.2,0.165918484043359,776.9439667123902,16973.153103001274,739.6870817893939,7860.458649575383,7860.4586495753965,-1.3642420526593924e-11,0.9999999999999982,True,True,True,False,0,False,0.0,none,1.0,,,
1.5,prescribed,1.0,1.0,24,24,24.0,1373513.5731461898,2060270.3597192846,2060270.3597192846,1373513.5731461898,1373513.5731461898,2060270.3597192846,2060270.3597192846,23.220656255277333,49.80516217385201,28.400265604362062,18.117649199338075,18.220656255277333,33.40026560436206,33.40026560436206,432028.2830087135,449338.6923189496,426320.20368082664,245466.62151374278,245466.62151374278,425592.15229811653,254342.65510734127,1797.5893576341061,1817.507316777342,1744.2952278435714,1154.2470761718648,1157.417129811152,1775.6854003094677,1183.4385332432994,51.57568215375809,cooling,True,True,True,,False,False,-1.6370904631912708e-11,26,21.610129436003376,21.68668057303966,26,26,15,15.000000000000005,22.261926580945584,24.875880140453376,19.647973021437792,1.4802535842423827,1.8503169803029784,0.0004,0.04288126475661593,4211.7894927193565,70.19649154532262,1.169941525755377,1.5,True,139.5050463020687,11.315435402000851,8000.0,8742.292244677623,-8753.607680079624,817.2415128729892,742.2922446776239,74.94926819536533,0.6312448350414909,0.98702,0.9082899399812874,800,1600,968.0619945770588,9.789027936033532,8.263933554684334,optimal_power,1.0,1.0,0.0004,False,False,0.2,0.165918484043359,800.0000000000002,16973.153103001274,828.5569482749901,8742.29224467764,8742.292244677623,1.6370904631912708e-11,1.0000000000000018,True,True,True,False,0,False,0.0,none,1.0,,,
