kind,plr,prescribed_ratio,cooling_load_W,indoor_fan_flow_ratio_to_ref,indoor_fan_flow_L_s,indoor_fan_flow_min_m3_s,indoor_fan_flow_max_m3_s,indoor_fan_reference_power_W,ground_flow_L_min,P_ref_cmp_in [Pa],P_ref_cmp_out [Pa],P_ref_exp_in [Pa],P_ref_exp_out [Pa],P_ref_evap_sat [Pa],P_ref_cond_sat_l [Pa],P_ref_cond_sat_v [Pa],T_ref_cmp_in [°C],T_ref_cmp_out [°C],T_ref_exp_in [°C],T_ref_exp_out [°C],T_ref_evap_sat [°C],T_ref_cond_sat_l [°C],T_ref_cond_sat_v [°C],h_ref_cmp_in [J/kg],h_ref_cmp_out [J/kg],h_ref_cond_sat_v [J/kg],h_ref_exp_in [J/kg],h_ref_exp_out [J/kg],h_ref_evap_sat [J/kg],h_ref_cond_sat_l [J/kg],s_ref_cmp_in [J/(kg·K)],s_ref_cmp_out [J/(kg·K)],s_ref_cond_sat_v [J/(kg·K)],s_ref_exp_in [J/(kg·K)],s_ref_exp_out [J/(kg·K)],s_ref_evap_sat [J/(kg·K)],s_ref_cond_sat_l [J/(kg·K)],rho_ref_cmp_in [kg/m3],mode,hp_is_on,converged,Q_iu_HX_available [W],Q_iu_ref_required [W],iu_hx_capacity_margin [W],iu_hx_min_flow_margin [W],iu_hx_max_flow_margin [W],converged_rps,capacity_clamped,iu_fan_flow_min_limit,iu_fan_flow_max_limit,err_Q_evap [W],T_iu_a_in [°C],T_iu_a_mid [°C],T_iu_a_out [°C],T_a_room [°C],T0 [°C],Ts [°C],T_bhe [°C],T_bhe_f [°C],T_bhe_f_in [°C],T_bhe_f_out [°C],dV_iu_a [m3/s],v_iu_a [m/s],dV_bhe_f [m3/s],m_dot_ref [kg/s],cmp_rpm [rpm],cmp_rps [rev/s],n_star [-],pressure_ratio,pr_floor_active,E_iu_fan [W],E_pmp [W],Q_ref_iu [W],Q_ref_ground [W],Q_bhe [W],E_cmp [W],E_cmp_ref [W],E_cmp_loss [W],eta_is [-],eta_v [-],eta_em [-],UA_ground_rated [W/K],UA_iu_rated [W/K],E_tot [W],cop_ref [-],cop_sys [-],ground_flow_control,ground_flow_ratio,ground_flow_ref_ratio,ground_flow [m3/s],ground_flow_at_min,ground_flow_at_max,m_dot_borehole [kg/s],R_b_eff [mK/W],UA_ground [W/K],ground_pressure_drop [Pa],ground_pressure_drop_bhe [Pa],ground_pressure_drop_aux [Pa],ground_pressure_drop_total [Pa],E_cmp_plus_pmp [W],Q_HX_available [W],Q_ref_required [W],hx_capacity_margin [W],hx_capacity_ratio,hx_feasible,approach_solver_success,approach_at_bound,flow_optimizer_success,flow_optimizer_nfev,flow_bound_active,ground_temperature_residual [K],candidate_ground_flow_ratio,failure_reason,Q_ref_tank [W],ground_approach [K],flow_optimizer_method
constant,0.3,,2400.0,0.15,240.0,0.24,1.6,160.0,0.0,933176.1684178826,1440715.7836632726,1440715.7836632726,933176.1684178826,933176.1684178826,1440715.7836632726,1440715.7836632726,10.0,37.14296937571112,16.994167049300188,4.903712659295422,5.0,19.83069306187531,19.83069306187531,428538.48883734277,446925.73333087453,425827.56718386884,226584.038272147,226584.038272147,422814.80246487225,231239.0897853616,1821.3618044484456,1842.339333797808,1772.329243834077,1092.3790693243554,1095.4115290343145,1800.965247799539,1108.344857542968,34.57268748692573,cooling,False,False,3136.0660440909332,2400.0,736.0660440909332,736.066044090936,11407.001478556322,True,,True,False,-3.1515673981630243e-07,26,15.386177804545525,15.410221761630847,26,26,15,14.999999998720773,17.24861986328824,18.058017732221344,16.439221994355137,0.24,0.3,0.0,0.0,0.0,29.740253449360438,0.49567089082267396,1.543884030071062,False,0.0,0.0,0.0,0.0,0.0,0.0,0.0,0.0,0.6491994616993401,0.9631607173818828,0.8862772617824825,1600,800,0.0,,,constant,,,0.0,False,False,0.0,0.165918484043359,1058.957969137304,0.0,0.0,0.0,0.0,0.0,2618.5115837983353,2618.5115834831786,3.1515673981630243e-07,1.0000000001203573,False,False,False,False,0,False,1.2792042980436236e-09,1.0,load_hx_capacity_insufficient,0.0,,
constant,0.4,,3200.0,0.17469561255197727,279.51298008316365,0.24,1.6,160.0,24.0,992592.1868179223,1488888.2802268828,1488888.2802268828,992592.1868179223,992592.1868179223,1488888.2802268828,1488888.2802268828,12.02719557159594,37.69920655263269,17.4493822155427,6.928793782946514,7.027195571595939,21.028833527208008,21.028833527208008,429158.39081594936,446556.6170977173,425971.29778691346,227312.68508199273,227312.68508199273,423339.94987625256,233211.79702346367,1817.6831768659877,1838.084382966742,1769.9775242893568,1094.7372329167047,1097.373955557453,1797.0976097516143,1114.9125852132388,36.81398336696191,cooling,True,True,3199.999999989323,3200.0000000000005,-1.0677467798814178e-08,-366.6682033763759,9274.168514063562,True,,False,False,1.3954831956652924e-08,26,16.700794453610968,16.726580739502104,26,26,15,14.999999998122423,17.95984152961526,19.025245898632875,16.894437160597647,0.27951298008316366,0.34939122510395454,0.0004,0.015853693732864303,2212.9135477523773,36.881892462539625,0.6146982077089937,1.4999999999999993,True,8.87345853790716,92.00000000000001,3200.0000000000005,3475.8261509662198,-3567.8261509662198,309.54098771609284,275.8261509662195,33.71483674987337,0.638666374204536,0.9730232306683879,0.8910811876687678,1600,800,410.414446254,10.337887798351929,7.796996497583234,constant,1.0,1.0,0.0004,False,False,0.2,0.165918484043359,1190.5370937920936,138000.0,16973.153103001274,121026.84689699873,138000.0,401.54098771609284,3475.826150952265,3475.8261509662198,-1.3954831956652924e-08,0.9999999999959852,True,True,True,False,0,False,1.8775381249724887e-09,,none,,1.0,
constant,0.5,,4000.0,0.24945803467721814,399.13285548354906,0.24,1.6,160.0,24.0,1025790.5535704796,1538685.8303557541,1538685.8303557541,1025790.5535704796,1025790.5535704796,1538685.8303557541,1538685.8303557541,13.12036081346082,38.91454311784071,17.911594221367864,8.020973334153211,8.12036081346082,22.23714779382891,22.23714779382891,429480.86978205724,446920.3815249055,426098.929582924,228053.22537523546,228053.22537523546,423609.49161249114,235213.05005285094,1815.708396241738,1836.2034544199144,1767.588887297813,1097.1272157343253,1099.6853660092502,1795.015535919925,1121.5444044023673,38.072885758713646,cooling,True,True,3999.9999999981646,4000.0000000000005,-1.8358150555286556e-09,-1329.9176507855623,7755.438318314285,True,,False,False,6.693881005048752e-10,26,17.859700914825794,17.89082168809331,26,26,15,14.999999916768429,18.681995003464664,20.007340840506515,17.356649166422812,0.39913285548354904,0.4989160693544363,0.0004,0.019858247420702756,2663.410284856478,44.39017141427463,0.7398361902379106,1.5000000000000338,True,15.292201400404327,92.00000000000001,4000.0000000000005,4346.318139085733,-4438.318139085733,386.0250438018678,346.31813908573196,39.70690471613585,0.636433315294334,0.9791676430206531,0.8971390448529657,1600,800,493.31724520227215,10.36202200925868,8.108372530864804,constant,1.0,1.0,0.0004,False,False,0.2,0.165918484043359,1292.6542883471159,138000.0,16973.153103001274,121026.84689699873,138000.0,478.0250438018678,4346.318139085063,4346.318139085733,-6.693881005048752e-10,0.999999999999846,True,True,True,False,0,False,8.323161182488548e-08,,none,,1.0,
constant,0.6,,4800.0,0.34067604302904325,545.0816688464693,0.24,1.6,160.0,24.0,1059591.993529344,1589387.9902944986,1589387.9902944986,1059591.993529344,1059591.993529344,1589387.9902944986,1589387.9902944986,14.206364575524276,40.10569736886214,18.437576516075353,9.106043042370516,9.206364575524276,23.437576516075353,23.437576516075353,429792.7939554482,447252.60744853376,426207.8494348944,228898.81648785493,228898.81648785493,423867.4638094381,237213.36610155526,1813.7516494095355,1834.2766379841873,1765.1968864700602,1099.8706136934175,1102.373066327513,1792.9482321345326,1128.1423597335513,39.359683150503116,cooling,True,True,4800.000000000019,4800.000000000001,1.8189894035458565e-11,-2292.097628021859,6241.416625527244,True,,False,False,1.169064489658922e-08,26,18.847176478563938,18.884790838100596,26,26,15,15.000000000000014,19.40444786765181,20.989842879978653,17.81905285532497,0.5450816688464692,0.6813520860580865,0.0004,0.023893200087465545,3086.764610417945,51.44607684029908,0.8574346140049847,1.5000000000004554,True,25.241630138765828,92.00000000000001,4800.000000000001,5217.1708172801245,-5309.1708172801245,462.87154175431215,417.17081728012397,45.70072447418818,0.6349129393377378,0.9833071978605935,0.9012669383367584,1600,800,580.113171893078,10.370047771370217,8.274247565067702,constant,1.0,1.0,0.0004,False,False,0.2,0.165918484043359,1374.8146531666914,138000.0,16973.153103001274,121026.84689699873,138000.0,554.8715417543121,5217.170817268434,5217.1708172801245,-1.169064489658922e-08,0.9999999999977592,True,True,True,False,0,False,0.0,,none,,1.0,
constant,0.7,,5600.0,0.45194531250422193,723.1125000067551,0.24,1.6,160.0,24.0,1094005.853740944,1641008.780609558,1641008.780609558,1094005.853740944,1094005.853740944,1641008.780609558,1641008.780609558,15.285591801976977,41.281138296466,19.63052669626194,10.18490656792568,10.285591801976977,24.63052669626194,24.63052669626194,430094.2341903579,447562.40677257575,426297.74937802,230841.94369847747,230841.94369847747,424113.8746282608,239213.6023474101,1811.8112976005575,1832.3317386277413,1762.7989046716293,1106.358811637218,1108.9343487924918,1790.893897272818,1134.7096884358314,40.67514251611897,cooling,True,True,5599.99999999453,5600.000000000001,-5.470610631164163e-09,-3253.2656212950374,4731.850344035306,True,,False,False,1.3041244528722018e-08,26,19.70957472640407,19.754989372572993,26,26,15,14.99999999999998,20.129323685022968,21.975640052295773,18.28300731775016,0.7231125000067551,0.9038906250084439,0.0004,0.028105072148358574,3502.4615791707374,58.37435965284563,0.9729059942140937,1.4999999999983016,True,40.43001982922103,92.00000000000001,5600.000000000001,6090.9442507232125,-6182.9442507232125,542.8553157308853,490.9442507232115,51.91106500767381,0.6337693284386121,0.9863981422329039,0.9043740320792802,1600,800,675.2853355601063,10.315824194261259,8.292790773185022,constant,1.0,1.0,0.0004,False,False,0.2,0.165918484043359,1444.9541230766301,138000.0,16973.153103001274,121026.84689699873,138000.0,634.8553157308853,6090.944250710171,6090.9442507232125,-1.3041244528722018e-08,0.9999999999978589,True,True,True,False,0,False,0.0,,none,,1.0,
constant,0.8,,6400.0,0.5883361437035547,941.3378299256875,0.24,1.6,160.0,24.0,1129185.0051771856,1693777.5077657779,1693777.5077657779,1129185.0051771856,1129185.0051771856,1693777.5077657779,1693777.5077657779,16.362743125888073,42.462083403549286,20.821175870650052,11.261704669434891,11.362743125888073,25.821175870650052,25.821175870650052,430386.4018550494,447869.99342098675,426368.52228376083,232791.70319411223,232791.70319411223,424349.63960255845,241222.71865552512,1809.8779886735658,1830.419863025764,1760.3825373182049,1112.838825144909,1115.4890609664576,1788.8425231741876,1141.2759945591993,42.02557423305486,cooling,True,True,6400.000000002904,6399.999999999998,2.9058355721645057e-09,-4214.123606593377,3223.648919184385,True,,False,False,4.747562343254685e-10,26,20.477543402474055,20.532284979930644,26,26,15,15.000000000000014,20.85550003839984,22.96320589268845,18.74779418411123,0.9413378299256875,1.1766722874071094,0.0004,0.03238953293469722,3904.227180221493,65.07045300369155,1.084507550061526,1.4999999999999996,True,63.4402624149721,92.00000000000001,6399.999999999998,6966.2853648417195,-7058.2853648417195,624.5132868050654,566.2853648417216,58.22792196334376,0.6323080145303082,0.98702,0.9067627171533358,1600,800,779.9535492200375,10.247980523747742,8.205616868337955,constant,1.0,1.0,0.0004,False,False,0.2,0.165918484043359,1504.3293774413978,138000.0,16973.153103001274,121026.84689699873,138000.0,716.5132868050654,6966.285364841245,6966.2853648417195,-4.747562343254685e-10,0.9999999999999318,True,True,True,False,0,False,0.0,,none,,1.0,
constant,0.9,,7200.0,0.7567061999335691,1210.7299198937108,0.24,1.6,160.0,24.0,1165150.1873947792,1747725.281092168,1747725.281092168,1165150.1873947792,1165150.1873947792,1747725.281092168,1747725.281092168,17.438185560211593,43.63782971067718,22.00991103037802,12.336804867158321,12.438185560211593,27.00991103037802,27.00991103037802,430669.2300111703,448162.1735631118,426419.5276896887,234748.96956740002,234748.96956740002,424574.6024187902,243241.7544804043,1807.9501904775714,1828.4977655639423,1757.944764656977,1119.3135841402009,1122.0401937857146,1786.7923374470647,1147.8446404266856,43.41230538545396,cooling,True,True,7200.0000000043065,7200.000000000001,4.305547918193042e-09,-5174.726392338926,1716.5710486697617,True,,False,False,-1.546140993013978e-11,26,21.169600274221466,21.235466614286484,26,26,15,14.999999999999979,21.582699266643544,23.952162795008178,19.21323573827891,1.2107299198937107,1.5134123998671383,0.0004,0.03674964489987712,4288.291992183372,71.4715332030562,1.1911922200509366,1.4999999999999993,True,98.17772345786288,92.00000000000001,7200.000000000001,7842.859463787446,-7934.859463787446,707.4990450459562,642.8594637874447,64.6395812585115,0.6310040664523409,0.98702,0.9086365109449543,1600,800,897.6767685038191,10.176692181305091,8.020704392295265,constant,1.0,1.0,0.0004,False,False,0.2,0.165918484043359,1555.427907728045,138000.0,16973.153103001274,121026.84689699873,138000.0,799.4990450459562,7842.859463787461,7842.859463787446,1.546140993013978e-11,1.000000000000002,True,True,True,False,0,False,0.0,,none,,1.0,
constant,1.0,,8000.0,0.9666484665671761,1546.6375465074818,0.24,1.6,160.0,24.0,1201924.3413805955,1802886.5120708945,1802886.5120708945,1201924.3413805955,1201924.3413805955,1802886.5120708945,1802886.5120708945,18.512316215262274,44.80642550573543,23.197151983056358,13.410604846213232,13.512316215262274,28.197151983056358,28.197151983056358,430942.6415986098,448435.85674525757,426450.05693979404,236714.69571571637,236714.69571571637,424788.58827773336,245271.84720981543,1806.0263153688898,1826.5545741155101,1755.48235886854,1125.7862249480038,1128.5909507993838,1784.7414895118975,1154.419250175736,44.83678787279596,cooling,True,True,7999.999999996941,8000.0,-3.0586306820623577e-09,-6135.133281587573,210.3556418865519,True,,False,False,-9.640643838793039e-11,26,21.798549148515406,21.877662710605797,26,26,15,14.99999999999995,22.310802364605507,24.942348917824745,19.67925581138627,1.5466375465074818,1.9332969331343521,0.0004,0.041188717533075646,4653.586911243082,77.55978185405137,1.292663030900856,1.500000000000001,True,150.64046185361502,92.00000000000001,8000.0,8720.523097420595,-8812.523097420595,791.6641726328211,720.5230974205953,71.14107521222581,0.6299635554842511,0.98702,0.9101373061059043,1600,800,1034.304634486436,10.105294993197136,7.734665139513994,constant,1.0,1.0,0.0004,False,False,0.2,0.165918484043359,1600.0000000000005,138000.0,16973.153103001274,121026.84689699873,138000.0,883.6641726328211,8720.523097420692,8720.523097420595,9.640643838793039e-11,1.000000000000011,True,True,True,False,0,False,0.0,,none,,1.0,
flow_scan,0.3,0.4,2400.0,0.15,240.0,0.24,1.6,160.0,0.0,933176.1684178826,1517226.104159673,1517226.104159673,933176.1684178826,933176.1684178826,1517226.104159673,1517226.104159673,10.0,40.13313872518626,16.72009625730584,4.90348448299676,5.0,21.72009625730584,21.72009625730584,428538.48883734277,448768.07429037435,426046.4849473746,226119.0216964216,226119.0216964216,422814.80246487225,234355.2160749631,1821.3618044484456,1843.4165276535225,1768.6132293836342,1090.5355787140668,1093.739547703353,1800.965247799539,1118.7054773457526,34.57268748692573,cooling,False,False,3136.0660440909332,2400.0000000000005,736.0660440909328,736.0660440909355,11407.001478556322,True,,True,False,6.82490281178616e-07,26,15.386177804545525,15.410221761630847,26,26,15,14.999997057631795,17.954273554076167,19.929582049676583,15.978965058475751,0.24,0.3,0.0,0.0,0.0,29.7377637830179,0.4956293963836317,1.6258731796933854,False,0.0,0.0,0.0,0.0,0.0,0.0,0.0,0.0,0.6616783750621585,0.9610285074357862,0.8917890751191051,1600,800,0.0,,,constant,,,0.0,False,False,0.0,0.2233042563235414,779.307742817085,0.0,0.0,0.0,0.0,0.0,2639.85343719597,2639.85343787846,-6.82490281178616e-07,0.9999999997414666,False,False,False,False,0,False,2.9423682121887396e-06,0.4000000000000001,load_hx_capacity_insufficient,0.0,,
flow_scan,0.3,0.455,2400.0,0.15,240.0,0.24,1.6,160.0,0.0,933176.1684178826,1499427.2214586164,1499427.2214586164,933176.1684178826,933176.1684178826,1499427.2214586164,1499427.2214586164,10.0,39.451255771458364,16.53946031937363,4.903342858227802,5.0,21.287062372763614,21.287062372763614,428538.48883734277,448349.64367783954,426000.0571755371,225830.39458892116,225830.39458892116,422814.80246487225,233638.47645023427,1821.3618044484456,1843.1797218752715,1769.4685490925988,1089.5953704875956,1092.7017801042148,1800.965247799539,1116.3291308785504,34.57268748692573,cooling,False,False,3136.0660440909332,2399.9999999999995,736.0660440909337,736.0660440909364,11407.001478556322,True,,True,False,4.443336365511641e-09,26,15.386177804545525,15.410221761630847,26,26,15,14.999997399155827,17.762641005887474,19.497556950312003,16.027725061462945,0.24,0.3,0.0,0.0,0.0,29.68270920413701,0.49471182006895015,1.606799736432149,False,0.0,0.0,0.0,0.0,0.0,0.0,0.0,0.0,0.658956612949159,0.9614400895700431,0.8905523675365018,1600,800,0.0,,,constant,,,0.0,False,False,0.0,0.20901420966719725,819.6247145082345,0.0,0.0,0.0,0.0,0.0,2634.5578344692153,2634.5578344736587,-4.443336365511641e-09,0.9999999999983135,False,False,False,False,0,False,2.6008441977865004e-06,0.455,load_hx_capacity_insufficient,0.0,,
flow_scan,0.3,0.51,2400.0,0.15,240.0,0.24,1.6,160.0,0.0,933176.1684178826,1486137.175572152,1486137.175572152,933176.1684178826,933176.1684178826,1486137.175572152,1486137.175572152,10.0,38.93712332954868,16.592943707710504,4.903387045271472,5.0,20.961198973816693,20.961198973816693,428538.48883734277,448033.6563055392,425963.6337175909,225920.44648236097,225920.44648236097,422814.80246487225,233100.13191458286,1821.3618044484456,1842.998820588141,1770.1107044165908,1089.9478756845185,1093.0255644433303,1800.965247799539,1114.5416311395247,34.57268748692573,cooling,False,False,3136.0660440909332,2400.0000000000005,736.0660440909328,736.0660440909355,11407.001478556322,True,,True,False,3.67435859516263e-10,26,15.386177804545525,15.410221761630847,26,26,15,14.999997694263715,17.626061554251578,19.17384740633787,16.078275702165286,0.24,0.3,0.0,0.0,0.0,29.68440679666756,0.49474011327779266,1.5925580033743958,False,0.0,0.0,0.0,0.0,0.0,0.0,0.0,0.0,0.6568449708291167,0.961812386278266,0.8896456056051046,1600,800,0.0,,,constant,,,0.0,False,False,0.0,0.19868497176017572,855.6524502008858,0.0,0.0,0.0,0.0,0.0,2630.919228020301,2630.9192280206685,-3.67435859516263e-10,0.9999999999998603,False,False,False,False,0,False,2.3057363023326616e-06,0.51,load_hx_capacity_insufficient,0.0,,
flow_scan,0.3,0.5650000000000001,2400.0,0.15,240.0,0.24,1.6,160.0,0.0,933176.1684178826,1475902.3340510486,1475902.3340510486,933176.1684178826,933176.1684178826,1475902.3340510486,1475902.3340510486,10.0,38.53791908664192,16.645332510312926,4.903430020207338,5.0,20.708751227808705,20.708751227808705,428538.48883734277,447787.85157494195,425934.54813198594,226008.02813577626,226008.02813577626,422814.80246487225,232683.66550873927,1821.3618044484456,1842.8559479367536,1770.607338275987,1090.2822224905167,1093.3404669588303,1800.965247799539,1113.157263066488,34.57268748692573,cooling,False,False,3136.0660440909332,2400.0000000000005,736.0660440909328,736.0660440909355,11407.001478556322,True,,True,False,3.319655661471188e-11,26,15.386177804545525,15.410221761630847,26,26,15,14.999998014244355,17.525380767444318,18.923351827683007,16.12740970720563,0.24,0.3,0.0,0.0,0.0,29.68827344117094,0.49480455735284895,1.5815902548747147,False,0.0,0.0,0.0,0.0,0.0,0.0,0.0,0.0,0.6551813814405737,0.9621029874532494,0.8889220486729964,1600,800,0.0,,,constant,,,0.0,False,False,0.0,0.19095074888847954,887.7884855288339,0.0,0.0,0.0,0.0,0.0,2628.1062829275143,2628.1062829275475,-3.319655661471188e-11,0.9999999999999873,False,False,False,False,0,False,1.9857556026181555e-06,0.5650000000000001,load_hx_capacity_insufficient,0.0,,
flow_scan,0.3,0.6200000000000001,2400.0,0.15,240.0,0.24,1.6,160.0,0.0,933176.1684178826,1467832.831041694,1467832.831041694,933176.1684178826,933176.1684178826,1467832.831041694,1467832.831041694,10.0,38.22112237318527,16.695763993626713,4.90347119585374,5.0,20.508783498795538,20.508783498795538,428538.48883734277,447592.49893820455,425910.975270613,226091.94289038354,226091.94289038354,422814.80246487225,232354.13997303677,1821.3618044484456,1842.7410082899553,1771.0002187263772,1090.5970749109554,1093.6421850274319,1800.965247799539,1112.0609339087814,34.57268748692573,cooling,False,False,3136.0660440909332,2399.9999999999995,736.0660440909337,736.0660440909364,11407.001478556322,True,,True,False,1.4641032521467423e-05,26,15.386177804545525,15.410221761630847,26,26,15,14.99999836294503,17.449735689553023,18.725206347447624,16.17426503165842,0.24,0.3,0.0,0.0,0.0,29.693410090352927,0.49489016817254877,1.5729429026571415,False,0.0,0.0,0.0,0.0,0.0,0.0,0.0,0.0,0.6538463715238442,0.9623352795493185,0.8883358317744882,1600,800,0.0,,,constant,,,0.0,False,False,0.0,0.1850112522164731,916.6849305505884,0.0,0.0,0.0,0.0,0.0,2625.884917246367,2625.8849318873995,-1.4641032521467423e-05,0.9999999944243434,False,False,False,False,0,False,1.6370549928979017e-06,0.6200000000000001,load_hx_capacity_insufficient,0.0,,
flow_scan,0.3,0.675,2400.0,0.15,240.0,0.24,1.6,160.0,0.0,933176.1684178826,1461352.6729541866,1461352.6729541866,933176.1684178826,933176.1684178826,1461352.6729541866,1461352.6729541866,10.0,37.965389474658366,16.743995015685755,4.903510442654806,5.0,20.347601850714057,20.347601850714057,428538.48883734277,447434.611705333,425891.63336488424,226171.926714805,226171.926714805,422814.80246487225,232088.7626189331,1821.3618044484456,1842.6471918979537,1771.3165736413048,1090.8933336773694,1093.9297693162348,1800.965247799539,1111.1774077361147,34.57268748692573,cooling,False,False,3136.0660440909332,2399.9999999999995,736.0660440909337,736.0660440909364,11407.001478556322,True,,True,False,9.415816748514771e-08,26,15.386177804545525,15.410221761630847,26,26,15,14.999998737338512,17.392178021111818,18.565756903805834,16.2185991384178,0.24,0.3,0.0,0.0,0.0,29.699306247893826,0.4949884374648971,1.56599870679486,False,0.0,0.0,0.0,0.0,0.0,0.0,0.0,0.0,0.6527590715959156,0.9625245087009188,0.8878551272619896,1600,800,0.0,,,constant,,,0.0,False,False,0.0,0.1803509567986379,942.8487244616784,0.0,0.0,0.0,0.0,0.0,2624.1017210968926,2624.1017211910507,-9.415816748514771e-08,0.9999999999641179,False,False,False,False,0,False,1.2626614989130758e-06,0.6750000000000002,load_hx_capacity_insufficient,0.0,,
flow_scan,0.3,0.7300000000000001,2400.0,0.15,240.0,0.24,1.6,160.0,0.0,933176.1684178826,1456074.621132526,1456074.621132526,933176.1684178826,933176.1684178826,1456074.621132526,1456074.621132526,10.0,37.75620969488739,16.790094054238125,4.903547858040497,5.0,20.215922948924117,20.215922948924117,428538.48883734277,447305.3394986681,425875.6068470198,226248.1781688342,226248.1781688342,422814.80246487225,231872.11360716264,1821.3618044484456,1842.5697613488592,1771.574813326081,1091.1729039959148,1094.2039337530541,1800.965247799539,1110.4557046144964,34.57268748692573,cooling,False,False,3136.0660440909332,2400.0,736.0660440909332,736.066044090936,11407.001478556322,True,,True,False,1.18006710181362e-06,26,15.386177804545525,15.410221761630847,26,26,15,14.99999913189227,17.34811203648431,18.435743030160552,16.260481042808067,0.24,0.3,0.0,0.0,0.0,29.705671301488373,0.4950945216914729,1.5603426988509268,False,0.0,0.0,0.0,0.0,0.0,0.0,0.0,0.0,0.6518632043319674,0.9626810048801789,0.8874573270588243,1600,800,0.0,,,constant,,,0.0,False,False,0.0,0.17662628110681425,966.6814264434736,0.0,0.0,0.0,0.0,0.0,2622.6524898776397,2622.652491057707,-1.18006710181362e-06,0.9999999995500483,False,False,False,False,0,False,8.681076906214003e-07,0.7300000000000001,load_hx_capacity_insufficient,0.0,,
flow_scan,0.3,0.7850000000000001,2400.0,0.15,240.0,0.24,1.6,160.0,0.0,933176.1684178826,1451729.965419707,1451729.965419707,933176.1684178826,933176.1684178826,1451729.965419707,1451729.965419707,10.0,37.58342104356427,16.834279533962217,4.903583645747631,5.0,20.107261364201293,20.107261364201293,428538.48883734277,447198.47173533466,425862.2300167419,226321.1124618198,226321.1124618198,422814.80246487225,231693.4382188536,1821.3618044484456,1842.5053340427685,1771.7877731386739,1091.4380660783058,1094.4661712358118,1800.965247799539,1109.8602224095935,34.57268748692573,cooling,False,False,3136.0660440909332,2400.0,736.0660440909332,736.066044090936,11407.001478556322,True,,True,False,2.722706540225772e-06,26,15.386177804545525,15.410221761630847,26,26,15,14.999999540596592,17.314411100506135,18.3286925490155,16.30012965199677,0.24,0.3,0.0,0.0,0.0,29.71234241767094,0.4952057069611823,1.5556869265971356,False,0.0,0.0,0.0,0.0,0.0,0.0,0.0,0.0,0.6511186353543259,0.9628119952942967,0.8871260330958977,1600,800,0.0,,,constant,,,0.0,False,False,0.0,0.1736014049447721,988.5062290181507,0.0,0.0,0.0,0.0,0.0,2621.464441915402,2621.4644446381085,-2.722706540225772e-06,0.9999999989613796,False,False,False,False,0,False,4.594033953253529e-07,0.7850000000000003,load_hx_capacity_insufficient,0.0,,
flow_scan,0.3,0.8400000000000001,2400.0,0.15,240.0,0.24,1.6,160.0,0.0,933176.1684178826,1448127.1864143005,1448127.1864143005,933176.1684178826,933176.1684178826,1448127.1864143005,1448127.1864143005,10.0,37.439725153186146,16.876834791763656,4.903618052775414,5.0,20.016968919183284,20.016968919183284,428538.48883734277,447109.5402801639,425851.0105067592,226391.2329710324,226391.2329710324,422814.80246487225,231545.03881218072,1821.3618044484456,1842.451440328537,1771.9646372071975,1091.6911611281594,1094.7182916728912,1800.965247799539,1109.365452120189,34.57268748692573,cooling,False,False,3136.0660440909332,2400.0,736.0660440909332,736.066044090936,11407.001478556322,True,,True,False,4.224126314511523e-06,26,15.386177804545525,15.410221761630847,26,26,15,14.999999999540716,17.288896954682684,18.23996516981731,16.33782873954806,0.24,0.3,0.0,0.0,0.0,29.719232615023802,0.49532054358373007,1.551826156115272,False,0.0,0.0,0.0,0.0,0.0,0.0,0.0,0.0,0.6504961182920982,0.9629226752488098,0.886849127807837,1600,800,0.0,,,constant,,,0.0,False,False,0.0,0.1711102683166176,1008.5868444810811,0.0,0.0,0.0,0.0,0.0,2620.485419986863,2620.485424210989,-4.224126314511523e-06,0.9999999983880367,False,False,False,False,0,False,4.5929482439532876e-10,0.8400000000000002,load_hx_capacity_insufficient,0.0,,
flow_scan,0.3,0.895,2400.0,0.15,240.0,0.24,1.6,160.0,0.0,933176.1684178826,1445126.6135411737,1445126.6135411737,933176.1684178826,933176.1684178826,1445126.6135411737,1445126.6135411737,10.0,37.31976502406883,16.918063000677137,4.903651336312237,5.0,19.941639969791765,19.941639969791765,428538.48883734277,447035.26068241906,425841.5782798416,226459.06383870056,226459.06383870056,422814.80246487225,231421.28177613067,1821.3618044484456,1842.4062418008025,1772.1121255205062,1091.934438236193,1094.9621796337174,1800.965247799539,1108.9527081690462,34.57268748692573,cooling,False,False,3136.0660440909332,2400.0,736.0660440909332,736.066044090936,11407.001478556322,True,,True,False,5.475363650475629e-06,26,15.386177804545525,15.410221761630847,26,26,15,14.999999999151115,17.270020959700787,18.1661600429004,16.373881876501173,0.24,0.3,0.0,0.0,0.0,29.72630051676958,0.49543834194615965,1.5486107151570936,False,0.0,0.0,0.0,0.0,0.0,0.0,0.0,0.0,0.6499739298136676,0.9630168670405725,0.886617505573496,1600,800,0.0,,,constant,,,0.0,False,False,0.0,0.16903327194960108,1027.1410392842765,0.0,0.0,0.0,0.0,0.0,2619.6772448359006,2619.6772503112643,-5.475363650475629e-06,0.9999999979099091,False,False,False,False,0,False,8.488996172673069e-10,0.895,load_hx_capacity_insufficient,0.0,,
flow_scan,0.3,0.9500000000000001,2400.0,0.15,240.0,0.24,1.6,160.0,0.0,933176.1684178826,1442624.4333318593,1442624.4333318593,933176.1684178826,933176.1684178826,1442624.4333318593,1442624.4333318593,10.0,37.219536966665544,16.958265952652596,4.903683748600315,5.0,19.878733174372144,19.878733174372144,428538.48883734277,446973.1751043635,425833.65137926664,226525.1191270715,226525.1191270715,422814.80246487225,231317.96720045924,1821.3618044484456,1842.3683477725144,1772.235247007702,1092.1699982034977,1095.1996834448348,1800.965247799539,1108.6080498602566,34.57268748692573,cooling,False,False,3136.0660440909332,2400.0000000000005,736.0660440909328,736.0660440909355,11407.001478556322,True,,True,False,6.417280019377358e-06,26,15.386177804545525,15.410221761630847,26,26,15,14.999999998883169,17.25666502593873,18.104738832053897,16.408591219823563,0.24,0.3,0.0,0.0,0.0,29.73353289553271,0.49555888159221184,1.5459293562733187,False,0.0,0.0,0.0,0.0,0.0,0.0,0.0,0.0,0.6495356730947215,0.9630974382268309,0.8864242279467405,1600,800,0.0,,,constant,,,0.0,False,False,0.0,0.1672825453957708,1044.3505499158623,0.0,0.0,0.0,0.0,0.0,2619.011473388753,2619.011479806033,-6.417280019377358e-06,0.999999997549732,False,False,False,False,0,False,1.1168594937771559e-09,0.95,load_hx_capacity_insufficient,0.0,,
flow_scan,0.3,1.0050000000000001,2400.0,0.15,240.0,0.24,1.6,160.0,0.0,933176.1684178826,1440542.1435380916,1440542.1435380916,933176.1684178826,933176.1684178826,1440542.1435380916,1440542.1435380916,10.0,37.13599889582815,16.997731603041643,4.90371552816498,5.0,19.82632022168343,19.82632022168343,428538.48883734277,446921.41394215287,425827.01205495175,226589.8849437969,226589.8849437969,422814.80246487225,231231.91088710795,1821.3618044484456,1842.3366902929647,1772.3377986953192,1092.3997650808421,1095.4325509211828,1800.965247799539,1108.3209010934095,34.57268748692573,cooling,False,False,3136.0660440909332,2399.9999999999995,736.0660440909337,736.0660440909364,11407.001478556322,True,,True,False,-3.138984538963996e-07,26,15.386177804545525,15.410221761630847,26,26,15,14.999999998708043,17.24801012519606,18.053775188948464,16.442245061443657,0.24,0.3,0.0,0.0,0.0,29.740933501598313,0.49568222502663856,1.5436979557465584,False,0.0,0.0,0.0,0.0,0.0,0.0,0.0,0.0,0.6491687840004781,0.9631665779798838,0.8862639356334601,1600,800,0.0,,,constant,,,0.0,False,False,0.0,0.16579237494322077,1060.3684700306756,0.0,0.0,0.0,0.0,0.0,2618.4665774574614,2618.466577143563,3.138984538963996e-07,1.0000000001198788,False,False,False,False,0,False,1.2919372238684446e-09,1.0050000000000001,load_hx_capacity_insufficient,0.0,,
flow_scan,0.3,1.06,2400.0,0.15,240.0,0.24,1.6,160.0,0.0,933176.1684178826,1438819.5336818458,1438819.5336818458,933176.1684178826,933176.1684178826,1438819.5336818458,1438819.5336818458,10.0,37.066807664208795,17.036729807816698,4.903746897180099,5.0,19.78291766393295,19.78291766393295,428538.48883734277,446878.53571343154,425821.4902326948,226653.81407265342,226653.81407265342,422814.80246487225,231160.66498189926,1821.3618044484456,1842.3104389931839,1772.4226992152644,1092.6254897833899,1095.6624100606898,1800.965247799539,1108.0831268656048,34.57268748692573,cooling,False,False,3136.0660440909332,2399.9999999999995,736.0660440909337,736.0660440909364,11407.001478556322,True,,True,False,-2.9320790417841636e-07,26,15.386177804545525,15.410221761630847,26,26,15,14.999999998600885,17.24345031654687,18.01178706392551,16.47511356916823,0.24,0.3,0.0,0.0,0.0,29.748516538850655,0.4958086089808443,1.5418519914854196,False,0.0,0.0,0.0,0.0,0.0,0.0,0.0,0.0,0.6488635138925144,0.9632259824206797,0.886132442609931,1600,800,0.0,,,constant,,,0.0,False,False,0.0,0.16451282913096893,1075.324855175161,0.0,0.0,0.0,0.0,0.0,2618.026022099553,2618.026021806345,2.9320790417841636e-07,1.0000000001119957,False,False,False,False,0,False,1.3990870684210677e-09,1.06,load_hx_capacity_insufficient,0.0,,
flow_scan,0.3,1.1150000000000002,2400.0,0.15,240.0,0.24,1.6,160.0,0.0,933176.1684178826,1437409.856941104,1437409.856941104,933176.1684178826,933176.1684178826,1437409.856941104,1437409.856941104,10.0,37.010137106810646,17.0755110065615,4.903778060939885,5.0,19.7473706505574,19.7473706505574,428538.48883734277,446843.41596319474,425816.9517293557,226717.32489706585,226717.32489706585,422814.80246487225,231102.3250692203,1821.3618044484456,1842.2889411521153,1772.4922190314128,1092.848761625989,1095.890765173765,1800.965247799539,1107.8883949633675,34.57268748692573,cooling,False,False,3136.0660440909332,2400.0,736.0660440909332,736.066044090936,11407.001478556322,True,,True,False,-2.643619154696353e-07,26,15.386177804545525,15.410221761630847,26,26,15,14.99999999853988,17.242534057753346,17.977620642789248,16.507447472717445,0.24,0.3,0.0,0.0,0.0,29.75630254221148,0.49593837570352467,1.5403413691737378,False,0.0,0.0,0.0,0.0,0.0,0.0,0.0,0.0,0.6486122152505838,0.9632769826520158,0.886026446648466,1600,800,0.0,,,constant,,,0.0,False,False,0.0,0.1634054238799082,1089.33103206533,0.0,0.0,0.0,0.0,0.0,2617.676998277539,2617.676998013177,2.643619154696353e-07,1.000000000100991,False,False,False,False,0,False,1.4601369002775755e-09,1.1150000000000002,load_hx_capacity_insufficient,0.0,,
flow_scan,0.3,1.1700000000000002,2400.0,0.15,240.0,0.24,1.6,160.0,0.0,933176.1684178826,1436276.440365289,1436276.440365289,933176.1684178826,933176.1684178826,1436276.440365289,1436276.440365289,10.0,36.96454948803432,17.114306596835206,4.903809208522091,5.0,19.71877092908926,19.71877092908926,428538.48883734277,446815.1686608791,425813.2897219172,226780.8027521475,226780.8027521475,422814.80246487225,231055.39427043792,1821.3618044484456,1842.2716787493332,1772.5481425941493,1093.0710237044611,1096.1190017446022,1800.965247799539,1107.731725888146,34.57268748692573,cooling,False,False,3136.0660440909332,2400.0,736.0660440909332,736.066044090936,11407.001478556322,True,,True,False,-2.3131178750190884e-07,26,15.386177804545525,15.410221761630847,26,26,15,14.999999998505846,17.244923488333797,17.95036853604364,16.539478440623952,0.24,0.3,0.0,0.0,0.0,29.764315777885802,0.49607192963143004,1.5391267897468581,False,0.0,0.0,0.0,0.0,0.0,0.0,0.0,0.0,0.6484088310013163,0.9633206350987817,0.885943319604549,1600,800,0.0,,,constant,,,0.0,False,False,0.0,0.1624401112001453,1102.4829553557424,0.0,0.0,0.0,0.0,0.0,2617.4094701137374,2617.4094698824256,2.3131178750190884e-07,1.0000000000883744,False,False,False,False,0,False,1.4941292647563387e-09,1.1700000000000002,load_hx_capacity_insufficient,0.0,,
flow_scan,0.3,1.225,2400.0,0.15,240.0,0.24,1.6,160.0,0.0,933176.1684178826,1435390.265447363,1435390.265447363,933176.1684178826,933176.1684178826,1435390.265447363,1435390.265447363,10.0,36.92890324464531,17.153330175153485,4.903840514037995,5.0,19.69639808900746,19.69639808900746,428538.48883734277,446793.08971823833,425810.4185002483,226844.6024715177,226844.6024715177,422814.80246487225,231018.6859562525,1821.3618044484456,1842.258237258926,1772.5918844026808,1093.2935893348238,1096.34839558834,1800.965247799539,1107.609170421667,34.57268748692573,cooling,False,False,3136.0660440909332,2399.9999999999995,736.0660440909337,736.0660440909364,11407.001478556322,True,,True,False,-1.9698290998348966e-07,26,15.386177804545525,15.410221761630847,26,26,15,14.999999998482062,17.250365712733355,17.929311102122995,16.571420323343716,0.24,0.3,0.0,0.0,0.0,29.77258260955271,0.49620971015921184,1.5381771567108704,False,0.0,0.0,0.0,0.0,0.0,0.0,0.0,0.0,0.6482485243558443,0.9633577863245277,0.8858809536582855,1600,800,0.0,,,constant,,,0.0,False,False,0.0,0.16159315300531016,1114.8638530651024,0.0,0.0,0.0,0.0,0.0,2617.215518741191,2617.215518544208,1.9698290998348966e-07,1.0000000000752642,False,False,False,False,0,False,1.5179466572590172e-09,1.225,load_hx_capacity_insufficient,0.0,,
flow_scan,0.3,1.2800000000000002,2400.0,0.15,240.0,0.24,1.6,160.0,0.0,933176.1684178826,1434728.2099630528,1434728.2099630528,933176.1684178826,933176.1684178826,1434728.2099630528,1434728.2099630528,10.0,36.902285607627505,17.19277912411951,4.903872138087422,5.0,19.679676712078162,19.679676712078162,428538.48883734277,446776.61568994605,425808.26882174733,226909.05135271436,226909.05135271436,422814.80246487225,230991.2528575061,1821.3618044484456,1842.248282596426,1772.6245735600937,1093.5176578447895,1096.5801235132944,1800.965247799539,1107.517574522943,34.57268748692573,cooling,False,False,3136.0660440909332,2400.0,736.0660440909332,736.066044090936,11407.001478556322,True,,True,False,-1.6332933228113689e-07,26,15.386177804545525,15.410221761630847,26,26,15,14.999999998453328,17.258672195098256,17.913873648003346,16.603470742193167,0.24,0.3,0.0,0.0,0.0,29.781130467874664,0.49635217446457774,1.5374676920816646,False,0.0,0.0,0.0,0.0,0.0,0.0,0.0,0.0,0.648127406063924,0.9633891203702281,0.885837646817749,1600,800,0.0,,,constant,,,0.0,False,False,0.0,0.16084559408691862,1126.546333293228,0.0,0.0,0.0,0.0,0.0,2617.0888587759755,2617.088858612646,1.6332933228113689e-07,1.0000000000624087,False,False,False,False,0,False,1.5466525837837253e-09,1.2800000000000002,load_hx_capacity_insufficient,0.0,,
flow_scan,0.3,1.3350000000000002,2400.0,0.15,240.0,0.24,1.6,160.0,0.0,933176.1684178826,1434271.7509814564,1434271.7509814564,933176.1684178826,933176.1684178826,1434271.7509814564,1434271.7509814564,10.0,36.8839626699268,17.232836285714768,4.90390422923349,5.0,19.66814465973806,19.66814465973806,428538.48883734277,446765.29313437524,425806.7844138502,226974.45216313793,226974.45216313793,422814.80246487225,230972.3346414006,1821.3618044484456,1842.2415438547594,1772.6471162950613,1093.7443290437943,1096.81527412892,1800.965247799539,1107.4544053586312,34.57268748692573,cooling,False,False,3136.0660440909332,2400.0,736.0660440909332,736.066044090936,11407.001478556322,True,,True,False,-1.3282578947837465e-07,26,15.386177804545525,15.410221761630847,26,26,15,14.999999998406242,17.26970375416414,17.90359474414504,16.635812764183243,0.24,0.3,0.0,0.0,0.0,29.789987205892224,0.4964997867648704,1.536978546519396,False,0.0,0.0,0.0,0.0,0.0,0.0,0.0,0.0,0.6480423306872902,0.9634151938503495,0.8858120165723475,1600,800,0.0,,,constant,,,0.0,False,False,0.0,0.16018214921639065,1137.594078022137,0.0,0.0,0.0,0.0,0.0,2617.0244804650165,2617.0244803321907,1.3282578947837465e-07,1.0000000000507545,False,False,False,False,0,False,1.5937757780193351e-09,1.3350000000000002,load_hx_capacity_insufficient,0.0,,
flow_scan,0.3,1.3900000000000001,2400.0,0.15,240.0,0.24,1.6,160.0,0.0,933176.1684178826,1434005.9946988353,1434005.9946988353,933176.1684178826,933176.1684178826,1434005.9946988353,1434005.9946988353,10.0,36.8733418777889,17.273671583057876,4.903936925402377,5.0,19.661429280470088,19.661429280470088,428538.48883734277,446758.7555743751,425805.9193088727,227041.08599231215,227041.08599231215,422814.80246487225,230961.318608231,1821.3618044484456,1842.2378002088822,1772.6602428301715,1093.9746161255932,1097.054858101203,1800.965247799539,1107.4176208001327,34.57268748692573,cooling,False,False,3136.0660440909332,2400.0,736.0660440909332,736.066044090936,11407.001478556322,True,,True,False,-1.0520125215407461e-07,26,15.386177804545525,15.410221761630847,26,26,15,14.999999998328313,17.283359485517224,17.898102445927975,16.668616525106472,0.24,0.3,0.0,0.0,0.0,29.799180702581964,0.4966530117096994,1.5366937596896255,False,0.0,0.0,0.0,0.0,0.0,0.0,0.0,0.0,0.6479907424614698,0.9634364623338694,0.8858029339846437,1600,800,0.0,,,constant,,,0.0,False,False,0.0,0.15959038096754102,1148.0632168673565,0.0,0.0,0.0,0.0,0.0,2617.0183812428913,2617.01838113769,1.0520125215407461e-07,1.000000000040199,False,False,False,False,0,False,1.671708105277503e-09,1.39,load_hx_capacity_insufficient,0.0,,
flow_scan,0.3,1.4450000000000003,2400.0,0.15,240.0,0.24,1.6,160.0,0.0,933176.1684178826,1433918.9414828746,1433918.9414828746,933176.1684178826,933176.1684178826,1433918.9414828746,1433918.9414828746,10.0,36.869943502153546,17.3154435243452,4.903970355164461,5.0,19.659229334741042,19.659229334741042,428538.48883734277,446756.7059571691,425805.6357900576,227109.21486269427,227109.21486269427,422814.80246487225,230957.70985297245,1821.3618044484456,1842.2368708641693,1772.6645429597856,1094.2094569903286,1097.2998175399084,1800.965247799539,1107.405570295082,34.57268748692573,cooling,False,False,3136.0660440909332,2400.0,736.0660440909332,736.066044090936,11407.001478556322,True,,True,False,-8.088909453363158e-08,26,15.386177804545525,15.410221761630847,26,26,15,14.999999998208413,17.299568479674974,17.897096224721963,16.702040734627985,0.24,0.3,0.0,0.0,0.0,29.808738626866457,0.4968123104477743,1.536600472678119,False,0.0,0.0,0.0,0.0,0.0,0.0,0.0,0.0,0.6479705572807362,0.9634533004252754,0.8858094728133175,1600,800,0.0,,,constant,,,0.0,False,False,0.0,0.15906008467620528,1158.0034502218316,0.0,0.0,0.0,0.0,0.0,2617.0673618640935,2617.0673617832044,8.088909453363158e-08,1.0000000000309084,False,False,False,False,0,False,1.791590875654947e-09,1.4450000000000003,load_hx_capacity_insufficient,0.0,,
flow_scan,0.3,1.5,2400.0,0.15,240.0,0.24,1.6,160.0,0.0,933176.1684178826,1434000.9226018537,1434000.9226018537,933176.1684178826,933176.1684178826,1434000.9226018537,1434000.9226018537,10.0,36.87337869055449,17.35830056234863,4.9040046388821,5.0,19.661301104867448,19.661301104867448,428538.48883734277,446758.9031477793,425805.9027917115,227179.08406949908,227179.08406949908,422814.80246487225,230961.1083500152,1821.3618044484456,1842.2386072560391,1772.6604933702833,1094.449724085325,1097.5510344114887,1800.965247799539,1107.4169187000089,34.57268748692573,cooling,False,False,3136.0660440909332,2400.0,736.0660440909332,736.066044090936,11407.001478556322,True,,True,False,-6.002164809615351e-08,26,15.386177804545525,15.410221761630847,26,26,15,14.999999998035912,17.318283558076104,17.90033307936585,16.736234036786357,0.24,0.3,0.0,0.0,0.0,29.818688305609243,0.4969781384268207,1.5366883243847462,False,0.0,0.0,0.0,0.0,0.0,0.0,0.0,0.0,0.6479800713346358,0.9634660172268331,0.8858308698235718,1600,800,0.0,,,constant,,,0.0,False,False,0.0,0.15858282301514878,1167.4589743247404,0.0,0.0,0.0,0.0,0.0,2617.1688698004978,2617.168869740476,6.002164809615351e-08,1.0000000000229339,False,False,False,False,0,False,1.9641106518974993e-09,1.4999999999999998,load_hx_capacity_insufficient,0.0,,
flow_scan,0.4,0.4,3200.0,0.2047615629045594,327.6185006472951,0.24,1.6,160.0,9.600000000000003,1061837.275396204,1592755.913094856,1592755.913094856,1061837.275396204,1061837.275396204,1592755.913094856,1592755.913094856,14.277574823120233,40.0749038114397,18.516290333151062,9.177229002471734,9.277574823120233,23.516290333151062,23.516290333151062,429812.94827074785,447146.1946272899,426214.3524008827,229026.71380375352,229026.71380375352,423884.031363248,237344.96169234774,1813.6235006469249,1833.7423111632197,1765.0393274127205,1100.2986038371212,1102.8058254216219,1792.8126911511263,1128.575353317976,39.44534235604146,cooling,True,True,3199.999999999415,3200.0000000000005,-5.852598405908793e-10,-702.7319156160006,7794.597578201257,True,,False,False,3.228706191293895e-11,26,18.066233593189054,18.094160151840793,26,26,15,15.000000000000014,18.8881265596674,21.48783225225378,16.288420867081015,0.3276185006472951,0.4095231258091188,0.00016000000000000004,0.015937347540256917,2081.1107798833036,34.68517966472173,0.5780863277453622,1.500000000000518,True,11.263879361110376,6.111798148187902,3200.0000000000005,3476.245971185103,-3482.357769333291,310.7959387253499,276.2459711851026,34.54996754024734,0.6394952329027196,0.9707225512466301,0.8888339156491388,1600,800,328.1716162346482,10.29614483742607,9.750995642816187,constant,0.4000000000000001,0.4000000000000001,0.00016000000000000004,True,False,0.08000000000000002,0.2233042563235414,850.1967286208528,22919.24305570463,3554.9475521848244,19364.295503519803,22919.24305570463,316.90773687353783,3476.2459711850706,3476.245971185103,-3.228706191293895e-11,0.9999999999999907,True,True,True,False,0,False,0.0,,none,,1.0,
flow_scan,0.4,0.455,3200.0,0.19720047281157344,315.5207564985175,0.24,1.6,160.0,10.92,1045930.7470884654,1568896.1206328953,1568896.1206328953,1045930.7470884654,1045930.7470884654,1568896.1206328953,1568896.1206328953,13.770627186527292,39.538592359291044,17.955925913118563,8.670455133578514,8.770627186527292,22.955925913118563,22.955925913118563,429668.6642849729,447016.34339639335,426166.3315594293,228117.1685524669,228117.1685524669,423765.1487307119,236409.29732933795,1814.5361996306958,1834.716264986528,1766.1590415946123,1097.2520624997992,1099.7254961077076,1793.777628690532,1125.4938453189711,38.83898977654668,cooling,True,True,3200.0000000005684,3199.9999999999995,5.688889359589666e-10,-627.0261408897486,8127.90361477218,True,,False,False,-1.1368683772161603e-11,26,17.762035932179856,17.789423079764035,26,26,15,15.000000000000043,18.641410845877175,20.928184905809815,16.354636785944535,0.3155207564985175,0.39440094562314687,0.000182,0.015876835785168065,2104.6396846521593,35.07732807753599,0.5846221346255998,1.5000000000001885,True,10.638413999853181,8.940529709775802,3199.9999999999995,3475.4262525058125,-3484.3667822155885,309.72701275193407,275.426252505813,34.30076024612106,0.6393399584640994,0.9711543883776257,0.8892548636899387,1600,800,329.3059564615631,10.33167876307559,9.71740698037907,constant,0.455,0.455,0.000182,False,False,0.091,0.20901420966719725,897.8907911853272,29474.273768491654,4418.690789640489,25055.582978851166,29474.273768491654,318.6675424617099,3475.426252505824,3475.4262525058125,1.1368683772161603e-11,1.0000000000000033,True,True,True,False,0,False,0.0,,none,,1.0,
flow_scan,0.4,0.51,3200.0,0.1918242152104994,306.9187443367991,0.24,1.6,160.0,12.240000000000002,1034047.0745552654,1551070.6118329733,1551070.6118329733,1034047.0745552654,1034047.0745552654,1551070.6118329733,1551070.6118329733,13.388090852549851,39.1340390180423,17.533084646360294,8.28805123281677,8.388090852549851,22.533084646360294,22.533084646360294,429558.55702042655,446916.86412741465,426127.4624335329,227432.30531358463,227432.30531358463,423674.0068850905,235705.04193226996,1815.2255650790462,1835.4516652151083,1767.0010345582216,1094.9536654893336,1097.4018515773932,1794.5058241850443,1123.1700548848487,38.38673259146149,cooling,True,True,3200.000000007273,3200.0,7.272774382727221e-09,-569.8995119555734,8379.412173287801,True,,False,False,-5.1386450650170445e-11,26,17.531150499431988,17.558154487114212,26,26,15,15.00000000000001,18.464407245766438,20.50630752190341,16.422506969629467,0.30691874433679905,0.3836484304209988,0.00020400000000000003,0.01583168921888082,2122.67136699313,35.37785611655217,0.5896309352758694,1.5000000000000728,True,10.203600923303458,12.525655327301974,3200.0,3474.811323483726,-3487.336978811028,308.9255350979359,274.81132348372574,34.11421161421015,0.6392231998689357,0.9714788527041859,0.8895714088400131,1600,800,331.6547913485413,10.358483312120939,9.648586673476002,constant,0.51,0.51,0.00020400000000000003,False,False,0.10200000000000001,0.19868497176017572,940.3384474409806,36840.162727358744,5361.079849449373,31479.082877909368,36840.162727358744,321.4511904252379,3474.8113234837774,3474.811323483726,5.1386450650170445e-11,1.0000000000000149,True,True,True,False,0,False,0.0,,none,,1.0,
flow_scan,0.4,0.5650000000000001,3200.0,0.18782382502945436,300.51812004712696,0.24,1.6,160.0,13.560000000000002,1024873.8030340844,1537310.7045511575,1537310.7045511575,1024873.8030340844,1024873.8030340844,1537310.7045511575,1537310.7045511575,13.090533901433162,38.819439492329025,17.204178563378548,7.990598056481247,8.090533901433162,22.204178563378548,22.204178563378548,429472.18319089693,446838.6014236711,426095.68361542,226900.4478934679,226900.4478934679,423602.2673420951,235158.2846290901,1815.762205730049,1836.0240021951843,1767.6543061485083,1093.166116931525,1095.5948106155365,1795.0723251560464,1121.363332316194,38.038056940109605,cooling,True,True,3200.0000000007904,3200.0,7.903508958406746e-10,-525.4634047850841,8575.048804907936,True,,False,False,1.000444171950221e-11,26,17.350775606213745,17.37749474394177,26,26,15,14.999999999999977,18.33332289006816,20.178543749695052,16.48810203044127,0.30051812004712697,0.3756476500589087,0.00022600000000000005,0.01579687311905361,2136.8646841400086,35.61441140233348,0.5935735233722247,1.5000000000000302,True,9.885422881516016,16.955616960425107,3200.0,3474.335105355553,-3491.290722315978,308.30509510527634,274.3351053555531,33.969989749723254,0.639132627133557,0.9717303975063801,0.8898169693299308,1600,800,335.1461349472175,10.37932895305315,9.548073709708666,constant,0.5650000000000001,0.5650000000000001,0.00022600000000000005,False,False,0.11300000000000002,0.19095074888847954,978.4463188952298,45014.912284314436,6380.1170836200035,38634.79520069443,45014.912284314436,325.26071206570145,3474.335105355543,3474.335105355553,-1.000444171950221e-11,0.9999999999999971,True,True,True,False,0,False,0.0,,none,,1.0,
flow_scan,0.4,0.6200000000000001,3200.0,0.1847429961539546,295.58879384632735,0.24,1.6,160.0,14.880000000000004,1017606.7776014803,1526410.166402233,1526410.166402233,1017606.7776014803,1017606.7776014803,1526410.166402233,1526410.166402233,12.853384592155635,38.56907618393592,17.07194675512011,7.753638899298608,7.853384592155635,21.942046005124666,21.942046005124666,429402.8920439871,446776.04449131986,426069.3988776141,226688.22872805662,226688.22872805662,423544.5666347187,234723.17768935306,1816.1901753131344,1836.4815290187491,1768.1739382233607,1092.4692459622831,1094.9062725993929,1795.5238806387872,1119.9239089823093,37.76210268231158,cooling,True,True,3199.9999999955276,3200.0000000000005,-4.472894943319261e-09,-490.04836210866233,8730.96884604286,True,,False,False,-4.8203219193965197e-11,26,17.206538580642416,17.233038515523077,26,26,15,14.999999907396559,18.234520787442193,19.918593781732568,16.550447793151818,0.29558879384632736,0.3694859923079092,0.00024800000000000007,0.01578573521843758,2150.4371635447387,35.840619392412314,0.5973436565402053,1.5000000000000124,True,9.643505278970085,22.31867439020051,3200.0000000000005,3474.247984443146,-3496.5666588333465,308.1268796146692,274.2479844431455,33.87889517152365,0.6390470910102041,0.9719678335443708,0.890048881117119,1600,800,340.0890592838398,10.385332185240667,9.40930004257875,constant,0.6200000000000001,0.6200000000000001,0.00024800000000000007,False,False,0.12400000000000003,0.1850112522164731,1013.2558197958822,53996.79287951734,7474.072932311012,46522.71994720633,53996.79287951734,330.4455540048697,3474.247984443194,3474.247984443146,4.8203219193965197e-11,1.0000000000000138,True,True,True,False,0,False,9.260344313588575e-08,,none,,1.0,
flow_scan,0.4,0.675,3200.0,0.1823059104498043,291.68945671968686,0.24,1.6,160.0,16.200000000000003,1011728.4464543293,1517592.6696814988,1517592.6696814988,1011728.4464543293,1011728.4464543293,1517592.6696814988,1517592.6696814988,12.660619176678495,38.36601537909479,17.134664767525464,7.561167691612866,7.660619176678495,21.728974309018895,21.728974309018895,429346.27514768334,446725.3133594929,426047.4130462533,226792.51802721902,226792.51802721902,423497.3238389595,234369.92680747184,1816.538233224596,1836.8550940621078,1768.595669501457,1092.8562103527124,1095.3322238060039,1795.8909729038398,1118.7542090689726,37.539052406298325,cooling,True,True,3200.00000000351,3199.9999999999995,3.510649548843503e-09,-461.2614538251878,8857.707530638452,True,,False,False,0.033381327756615065,26,17.088986609528092,17.11531325974219,26,26,15,14.999999929277909,18.159082978212723,19.708897066167935,16.60926889025751,0.2916894567196869,0.3646118208996086,0.00027000000000000006,0.01579827521094497,2164.396234165133,36.07327056941889,0.6012211761569815,1.5000000000000049,True,9.454062853870536,28.70292840576525,3199.9999999999995,3474.5588285716967,-3503.261756977462,308.3944875852347,274.55882857169684,33.83565901353785,0.6389601943488765,0.972208926322699,0.89028448829136,1600,800,346.5514788448705,10.37632035856535,9.233837381581166,constant,0.6750000000000002,0.6750000000000002,0.00027000000000000006,False,False,0.13500000000000004,0.1803509567986379,1045.4238544988086,63784.285346144985,8641.428228699913,55142.85711744507,63784.285346144985,337.09741599099993,3474.52544724394,3474.5588285716967,-0.033381327756615065,0.9999903926428063,True,True,True,False,0,False,7.072208063618746e-08,,none,,1.0,
flow_scan,0.4,0.7300000000000001,3200.0,0.18034708450682038,288.55533521091263,0.24,1.6,160.0,17.520000000000003,1006917.9667747029,1510376.9501620561,1510376.9501620561,1006917.9667747029,1006917.9667747029,1510376.9501620561,1510376.9501620561,12.502243188756552,38.199219344087,17.194088096475014,7.4030392750844385,7.502243188756552,21.553915573326435,21.553915573326435,429299.5622827342,446683.410032648,426028.935970943,226891.09429512086,226891.09429512086,423458.28139536385,234079.9784664164,1816.8243254580323,1837.1621671170537,1768.9417373327867,1093.218398380989,1095.7290347569556,1796.1926124274735,1117.7933989610128,37.35663406605401,cooling,True,True,3200.000000008224,3200.0000000000005,8.223651093430817e-09,-437.610141543219,8961.835982991122,True,,False,False,5.5933924159035087e-11,26,16.992200325138413,17.01838777639242,26,26,15,14.999999997296166,18.10069934019691,19.536923595348867,16.664475085044955,0.28855533521091264,0.36069416901364076,0.00029200000000000005,0.0158096152390019,2176.0801580398056,36.26800263399676,0.6044667105666126,1.5000000000000018,True,9.303031488022741,36.19633922709697,3200.0000000000005,3474.8319442995266,-3511.0282835266235,308.6336688429512,274.83194429952624,33.80172454342494,0.6388882849127407,0.9724083461261772,0.8904794649587469,1600,800,354.1330395580709,10.36827904096337,9.036152074354144,constant,0.7300000000000001,0.7300000000000001,0.00029200000000000005,False,False,0.14600000000000002,0.17662628110681425,1074.8958642169266,74376.03950773348,9880.832796322842,64495.20671141064,74376.03950773348,344.83000807004817,3474.8319442994707,3474.8319442995266,-5.5933924159035087e-11,0.9999999999999839,True,True,True,False,0,False,2.703814061533194e-09,,none,,1.0,
flow_scan,0.4,0.7850000000000001,3200.0,0.17874746051779764,285.99593682847626,0.24,1.6,160.0,18.840000000000007,1002931.4917186568,1504397.2375779857,1504397.2375779857,1002931.4917186568,1002931.4917186568,1504397.2375779857,1504397.2375779857,12.370563920233735,38.06056965082519,17.25050596098373,7.271571151391242,7.370563920233735,21.4083663413017,21.4083663413017,429260.5891476134,446648.4220633694,426013.2910622344,226984.5084295083,226984.5084295083,423425.6643507985,233839.09850180746,1817.0622823581089,1837.4175986884225,1769.2291821580834,1093.558865280365,1096.1004584939117,1796.4434336123932,1116.9946933188476,37.20553949492558,cooling,True,True,3199.999999998774,3199.9999999999995,-1.2255441106390208e-09,-417.9456233182118,9048.411976095396,True,,False,False,-5.2295945351943374e-11,26,16.911588872524305,16.937662706719212,26,26,15,14.9999999974619,18.05535139748227,19.394346715946256,16.716356079018283,0.28599593682847624,0.35749492103559527,0.0003140000000000001,0.015819962442616072,2185.971614930228,36.43286024883714,0.6072143374806189,1.5000000000000004,True,9.18051222082472,44.88674145491603,3199.9999999999995,3475.0748636857434,-3519.9616051406592,308.849756972526,275.074863685744,33.774893286782,0.63882798523802,0.9725755060171192,0.8906429662828375,1600,800,362.91701064826674,10.361024827630537,8.817442848115453,constant,0.7850000000000003,0.7850000000000003,0.0003140000000000001,False,False,0.15700000000000006,0.1736014049447721,1102.027409938035,85770.8435444255,11191.074815322418,74579.76872910309,85770.8435444255,353.73649842744203,3475.0748636857957,3475.0748636857434,5.2295945351943374e-11,1.000000000000015,True,True,True,False,0,False,2.5381154955539387e-09,,none,,1.0,
flow_scan,0.4,0.8400000000000001,3200.0,0.17742641469626502,283.8822635140241,0.24,1.6,160.0,20.160000000000004,999599.0463782136,1499398.569567321,1499398.569567321,999599.0463782136,999599.0463782136,1499398.569567321,1499398.569567321,12.260185591713764,37.94437342286835,17.304288244569477,7.161374811456199,7.260185591713764,21.286362186021734,21.286362186021734,429227.8266801909,446618.99490603374,425999.9802739596,227073.41790218625,227073.41790218625,423398.2149358576,233637.31877555116,1817.2618105279194,1837.6318100376386,1769.469930245838,1093.8806840125558,1096.4501227543499,1796.6537017930762,1116.3252893936126,37.079286969168265,cooling,True,True,3199.9999999901147,3200.0,-9.885297913569957e-09,-401.4621124574983,9120.983106813292,True,,False,False,-2.515207597753033e-09,26,16.84392021360179,16.86990025736227,26,26,15,14.999999997631807,18.02022891007357,19.27517562779326,16.76528219235388,0.28388226351402407,0.35485282939253004,0.0003360000000000001,0.015829484102491534,2194.4155893507323,36.573593155845536,0.6095598859307589,1.5000000000000007,True,9.079883746401705,54.86185641702972,3200.0,3475.293220954735,-3530.1550773717645,309.04688190423263,275.2932209547348,33.75366094949783,0.6387769233635406,0.9727170119779888,0.8907814220887127,1600,800,372.9886220676641,10.354416068794427,8.579350174975273,constant,0.8400000000000002,0.8400000000000002,0.0003360000000000001,False,False,0.16800000000000004,0.1711102683166176,1127.11103724997,97967.6007446959,12571.057574173554,85396.54317052235,97967.6007446959,363.9087383212624,3475.29322095725,3475.293220954735,2.515207597753033e-09,1.0000000000007236,True,True,True,False,0,False,2.3682105165789835e-09,,none,,1.0,
flow_scan,0.4,0.895,3200.0,0.17632619404544128,282.1219104727061,0.24,1.6,160.0,21.48,996795.395970333,1495193.0939554998,1495193.0939554998,996795.395970333,996795.395970333,1495193.0939554998,1495193.0939554998,12.167107435826779,37.84641071826502,17.35582818081491,7.068454954051958,7.167107435826779,21.183480733626197,21.183480733626197,429200.1329402013,446594.1143868279,425988.6169000187,227158.50378431636,227158.50378431636,423374.9910321612,233467.2601311631,1817.430111722046,1837.8125320472768,1769.672805563096,1094.1867963926834,1096.7814327239073,1796.8310291243506,1115.7608747130976,36.973105669628524,cooling,True,True,3200.0000000019954,3200.0000000000005,1.994976628338918e-09,-387.56214845160457,9182.17978471581,True,,False,False,-1.6095782484626397e-08,26,16.78678912129783,16.812691081280143,26,26,15,14.999999997802892,17.993326326998044,19.175005597357142,16.811647056638947,0.2821219104727061,0.35265238809088256,0.00035800000000000003,0.01583832011932078,2201.6727588059803,36.69454598009967,0.6115757663349944,1.5000000000000002,True,8.996458784532926,66.20930251663371,3200.0000000000005,3475.4914463011987,-3541.7007488178324,309.22838587414765,275.4914463011984,33.73693957294927,0.6387333393688686,0.9728377618944624,0.8908996032897193,1600,800,384.4341471753143,10.348338464963444,8.323922376595485,constant,0.895,0.895,0.00035800000000000003,False,False,0.17900000000000002,0.16903327194960108,1150.390274829108,110965.31148039168,14019.781444723283,96945.5300356684,110965.31148039168,375.4376883907814,3475.4914463172945,3475.4914463011987,1.6095782484626397e-08,1.0000000000046312,True,True,True,False,0,False,2.1971118258079514e-09,,none,,1.0,
flow_scan,0.4,0.9500000000000001,3200.0,0.17540468946176585,280.64750313882536,0.24,1.6,160.0,22.8,994427.1145104439,1491640.671765665,1491640.671765665,994427.1145104439,994427.1145104439,1491640.671765665,1491640.671765665,12.088329395897915,37.76351785352358,17.405513329033283,6.989815683865459,7.088329395897915,21.096405793730355,21.096405793730355,429176.6466383037,446573.01408666524,425978.9003960617,227240.4277701996,227240.4277701996,423355.2803850912,233323.3963472782,1817.5725892538828,1837.9655645194207,1769.8444136028634,1094.4799260370457,1097.097495960952,1796.981124319297,1115.283223789995,36.883439439976335,cooling,True,True,3199.999999994602,3200.0,-5.397851055022329e-09,-375.7977134020348,9233.974475847981,True,,False,False,0.0018284507282260165,26,16.738386675061122,16.7642232556734,26,26,15,14.999999997972191,17.97318767529856,19.090536754392872,16.85583859620425,0.28064750313882536,0.3508093789235317,0.00038,0.015846587689601635,2207.9419490996775,36.799032484994626,0.6133172080832437,1.4999999999999993,True,8.926852704649434,79.01660401652948,3200.0,3475.673062250992,-3554.6896662675217,309.39699600138573,275.6730622509925,33.72393375039326,0.6386959107715726,0.9729414340806019,0.8910010950777227,1600,800,397.34045272256463,10.342698996294288,8.05354697230976,constant,0.95,0.95,0.00038,False,False,0.19,0.1672825453957708,1172.0698653586958,124763.05897346759,15536.329648926243,109226.72932454135,124763.05897346759,388.4136000179152,3475.671233800264,3475.673062250992,-0.0018284507282260165,0.9999994739290217,True,True,True,False,0,False,2.027832124440465e-09,,none,,1.0,
flow_scan,0.4,1.0050000000000001,3200.0,0.17463058252665178,279.4089320426429,0.24,1.6,160.0,24.120000000000005,992423.3519438741,1488635.027915811,1488635.027915811,992423.3519438741,992423.3519438741,1488635.027915811,1488635.027915811,12.021566269834295,37.693285490674896,17.453711643626207,6.923175019398741,7.021566269834295,21.02261137081564,21.02261137081564,429156.70848058345,446555.106400232,425970.5949913642,227319.81253667508,227319.81253667508,423338.53670272423,233201.52265222912,1817.6933608952147,1838.0953271601975,1769.9897786427962,1094.7625543781764,1097.4011132374883,1797.1083362616464,1114.8784575691766,36.807593324461436,cooling,True,True,3200.000000007,3199.9999999999995,7.000380719546229e-09,-365.82754327605926,9277.869646337193,True,,False,False,0.007155674033128889,26,16.69733155740795,16.72311323131423,26,26,15,14.99999999813722,17.958740760131406,19.01925641823459,16.89822510202822,0.2794089320426429,0.34926116505330357,0.00040200000000000007,0.01585438571592628,2213.3770269032552,36.88961711505426,0.614826951917571,1.4999999999999998,True,8.868568949801933,93.37119857790476,3199.9999999999995,3475.8409114572773,-3569.212110035182,309.55496466688345,275.8409114572776,33.71405320960582,0.6386636271538532,0.9730308374610849,0.8910886367276131,1600,800,411.79473219459015,10.337421024545884,7.7708619120651266,constant,1.0050000000000001,1.0050000000000001,0.00040200000000000007,False,False,0.20100000000000004,0.16579237494322077,1192.3234755927713,139359.99787746978,17119.85684032862,122240.14103714116,139359.99787746978,402.9261632447882,3475.833755783244,3475.8409114572773,-0.007155674033128889,0.9999979413114077,True,True,True,False,0,False,1.8628156794875395e-09,,none,,1.0,
flow_scan,0.4,1.06,3200.0,0.1739803783753359,278.36860540053743,0.24,1.6,160.0,25.440000000000005,990730.1202507813,1486095.180376172,1486095.180376172,990730.1202507813,990730.1202507813,1486095.180376172,1486095.180376172,11.965070536476787,37.63387152797924,17.500765651647214,6.866787947210014,6.965070536476787,20.96016581371987,20.96016581371987,429139.81232532597,446539.9397028617,425963.51622228575,227397.23407139885,227397.23407139885,423324.33994044806,233098.42644757067,1817.7955767710232,1838.205201091608,1770.1127384150338,1095.0369213551096,1097.6947885694428,1797.215990887182,1114.535964785931,36.743514896055174,cooling,True,True,3199.9999999920524,3200.0000000000005,-7.94807419879362e-09,-357.3906694180364,9315.014249860966,True,,False,False,5.826677806908265e-09,26,16.662565374643066,16.688300940998563,26,26,15,14.999999998295753,17.94918673060073,18.959224048202714,16.939149412998745,0.2783686054005374,0.3479607567506718,0.00042400000000000006,0.015861797879732954,2218.0974193977904,36.96829032329651,0.6161381720549418,1.5000000000000002,True,8.81974714058422,109.36044379260191,3200.0000000000005,3475.9973035440803,-3585.357747336682,309.7041627099622,275.9973035440797,33.70685916588246,0.6386357122175572,0.9731081292431127,0.8911643328557746,1600,800,427.88435364314836,10.332441036631462,7.4786562601650335,constant,1.06,1.06,0.00042400000000000006,False,False,0.21200000000000002,0.16451282913096893,1211.299575521853,154755.34498953097,18769.57981606321,135985.76517346778,154755.34498953097,419.0646065025641,3475.9973035382536,3475.9973035440803,-5.826677806908265e-09,0.9999999999983238,True,True,True,False,0,False,1.704222540865885e-09,,none,,1.0,
flow_scan,0.4,1.1150000000000002,3200.0,0.17343564341085763,277.4970294573722,0.24,1.6,160.0,26.760000000000005,989304.3230397536,1483956.4845596286,1483956.4845596286,989304.3230397536,989304.3230397536,1483956.4845596286,1483956.4845596286,11.917441522440697,37.583799765773676,17.546991045723587,6.819255832583792,6.917441522440697,20.907520873259045,20.907520873259045,429125.5506838233,446527.1498783916,425957.51243609807,227473.22144075925,227473.22144075925,423312.35133005644,233011.5353673661,1817.8817629448174,1838.2978974790876,1770.2163650177838,1095.305052913811,1097.9807759046546,1797.3067543357804,1114.2472422738601,36.68956681245299,cooling,True,True,3200.000000000651,3200.0,6.511982064694166e-10,-350.277920197459,9346.329195918988,True,,False,False,3.7452991819009185e-09,26,16.633237913324876,16.658934858972426,26,26,15,14.999999998445618,17.943925027748094,18.908922543616654,16.978927511879533,0.2774970294573722,0.34687128682171525,0.0004460000000000001,0.015868896788902655,2222.2002545886776,37.03667090981129,0.6172778484968549,1.4999999999999982,True,8.778938261830065,127.07162289132056,3200.0,3476.144181580456,-3603.2158044717767,309.84619044515443,276.1441815804558,33.702008864698655,0.6386115420459557,0.9731750423948046,0.8912298750025646,1600,800,445.69675159830507,10.32770483768923,7.179769627049194,constant,1.1150000000000002,1.1150000000000002,0.0004460000000000001,False,False,0.22300000000000006,0.1634054238799082,1229.1260444147572,170948.37160267335,20484.76986915206,150463.6017335213,170948.37160267335,436.917813336475,3476.1441815767107,3476.144181580456,-3.7452991819009185e-09,0.9999999999989225,True,True,True,False,0,False,1.5543832887487952e-09,,none,,1.0,
flow_scan,0.4,1.1700000000000002,3200.0,0.17298231296222186,276.771700739555,0.24,1.6,160.0,28.080000000000005,988112.7120539838,1482169.0680809757,1482169.0680809757,988112.7120539838,988112.7120539838,1482169.0680809757,1482169.0680809757,11.877595885205096,37.541928645148914,17.592677377468704,6.779496944993809,6.877595885205096,20.86347906903012,20.86347906903012,429113.60752041335,446516.45435682684,425952.46451339824,227548.25807169595,227548.25807169595,423302.30784897774,232938.8610759598,1817.9538737412,1838.375514029635,1770.3030326545797,1095.568770499414,1098.2610855883063,1797.3826888700098,1114.0057142629726,36.64448638333148,cooling,True,True,3200.000000003779,3200.000000000001,3.778040991164744e-09,-344.32751305747297,9372.526756501178,True,,False,False,2.3728716769255698e-09,26,16.608690672697264,16.634355483534534,26,26,15,14.999999998585393,17.942501169745043,18.867153118232636,17.01784922125745,0.276771700739555,0.3459646259244437,0.0004680000000000001,0.015875744560024937,2225.761747355295,37.09602912258825,0.6182671520431374,1.5,True,8.745042018858767,146.5919497693271,3200.000000000001,3476.2831509921393,-3622.8751007614665,309.98239717074284,276.28315099213864,33.6992461786042,0.6385906305139013,0.9732329267797782,0.8912865811536964,1600,800,465.31938895892876,10.323166828848652,6.876996909927705,constant,1.1700000000000002,1.1700000000000002,0.0004680000000000001,False,False,0.23400000000000004,0.1624401112001453,1245.9137064828572,187938.3971401629,22264.7464228613,165673.6507173016,187938.3971401629,456.57434694007,3476.2831509897665,3476.2831509921393,-2.3728716769255698e-09,0.9999999999993174,True,True,True,False,0,False,1.4146053217700683e-09,,none,,1.0,
flow_scan,0.4,1.225,3200.0,0.17260926159565318,276.1748185530451,0.24,1.6,160.0,29.400000000000006,987128.6537239378,1480692.9805859083,1480692.9805859083,987128.6537239378,987128.6537239378,1480692.9805859083,1480692.9805859083,11.844663208839222,37.507341138996765,17.638089888991374,6.74664218843094,6.844663208839222,20.827078284565687,20.827078284565687,429103.72809690837,446507.62518185616,425948.27502960863,227622.78585255262,227622.78585255262,423293.997222744,232878.80721168534,1818.0134799201394,1838.4397368134719,1770.374647142092,1095.8297205323615,1098.5375260576195,1797.4454515945033,1113.8060983043797,36.60726258928245,cooling,True,True,3200.00000000179,3200.0,1.7898855730891228e-09,-339.4094631483267,9394.179209419104,True,,False,False,1.3415046851150692e-09,26,16.588393727185633,16.61403209766772,26,26,15,14.999999998713202,17.944569944570645,18.832959851959686,17.056180037181605,0.2761748185530451,0.34521852319130636,0.0004900000000000001,0.015882395448196016,2228.8440062815735,37.14740010469289,0.6191233350782148,1.5000000000000016,True,8.717192704895588,168.0085734411045,3200.0,3476.4155758428465,-3644.424149283951,310.1139478250467,276.4155758428467,33.6983719822,0.6385725847629019,0.9732828729272027,0.8913355164495497,1600,800,486.83971397104676,10.318787730906273,6.573005258544519,constant,1.225,1.225,0.0004900000000000001,False,False,0.24500000000000005,0.16159315300531016,1261.7591989983518,205724.783805434,24108.871680625234,181615.91212480876,205724.783805434,478.1225212661512,3476.415575841505,3476.4155758428465,-1.3415046851150692e-09,0.9999999999996141,True,True,True,False,0,False,1.286764472752111e-09,,none,,1.0,
flow_scan,0.4,1.2800000000000002,3200.0,0.17230766651887275,275.6922664301964,0.24,1.6,160.0,30.720000000000006,986330.7879735539,1479496.1819603308,1479496.1819603308,986330.7879735539,986330.7879735539,1479496.1819603308,1479496.1819603308,11.817943539572354,37.47929994454819,17.68347174339948,6.719992693840425,6.817943539572354,20.797544827206195,20.797544827206195,429095.70697379304,446500.47839341126,425944.8644044,227697.20916605365,227697.20916605365,423287.2480661889,232830.09088965584,1818.061845027654,1838.4919222441422,1770.4327398160772,1096.0893947141913,1098.811727901199,1797.49637521827,1113.644147091182,36.57708492462492,cooling,True,True,3199.999999990831,3200.0,-9.169070835923776e-09,-335.419241838938,9411.74675766073,True,,False,False,6.775735528208315e-10,26,16.57192032139784,16.597537318581022,26,26,15,14.999999998827711,17.949868950853414,18.805574540233692,17.094163361473136,0.2756922664301964,0.3446153330377455,0.0005120000000000001,0.015888897061460752,2231.497711158798,37.191628519313305,0.6198604753218884,1.5,True,8.694707064471778,191.40858201277064,3200.0,3476.542621464568,-3667.951203477339,310.2418536121599,276.542621464568,33.699232147591886,0.6385570865195217,0.9733257640807729,0.8913775438251473,1600,800,510.34514268940234,10.31453352519093,6.270266398807542,constant,1.2800000000000002,1.2800000000000002,0.0005120000000000001,False,False,0.25600000000000006,0.16084559408691862,1276.7472455321574,224306.93204621554,26016.546090172757,198290.3859560428,224306.93204621554,501.65043562493054,3476.5426214638906,3476.542621464568,-6.775735528208315e-10,0.9999999999998052,True,True,True,False,0,False,1.1723386705853045e-09,,none,,1.0,
flow_scan,0.4,1.3350000000000002,3200.0,0.17207048220393514,275.3127715262962,0.24,1.6,160.0,32.040000000000006,985701.8701483785,1478552.805222567,1478552.805222567,985701.8701483785,985701.8701483785,1478552.805222567,1478552.805222567,11.796870284819818,37.45720835024861,17.729046344552216,6.698982767705104,6.796870284819818,20.774252417375067,20.774252417375067,429089.37738623907,446494.86457712814,425942.16724148486,227771.89903178098,227771.89903178098,423281.92110675253,232791.67432132945,1818.0999921952978,1838.5331687665375,1770.4785492723308,1096.3491498231165,1099.0851676645243,1797.536538643297,1113.5164230418761,36.553299302877846,cooling,True,True,3199.99999999044,3199.999999999999,-9.559244062984362e-09,-332.2722361880842,9425.601922400077,True,,False,False,1.6689227777533233e-10,26,16.55892452693672,16.58452471705355,26,26,15,14.999999998927485,17.958199318827894,18.784375814635098,17.13202282302069,0.27531277152629624,0.3441409644078703,0.0005340000000000001,0.015895291487636184,2233.7645148803713,37.22940858133952,0.6204901430223253,1.4999999999999991,True,8.677041996681481,216.87900624389258,3199.999999999999,3476.665292383499,-3693.5442986273915,310.36699961771814,276.6652923834998,33.70170723421836,0.6385438759417554,0.9733623211446462,0.8914133678009291,1600,800,535.9230478582922,10.310374504832886,5.971006495779852,constant,1.3350000000000002,1.3350000000000002,0.0005340000000000001,False,False,0.267,0.16018214921639065,1290.9524993543553,243684.27667853097,27987.20446752738,215697.0722110036,243684.27667853097,527.2460058616107,3476.665292383332,3476.665292383499,-1.6689227777533233e-10,0.999999999999952,True,True,True,False,0,False,1.0725216270657256e-09,,none,,1.0,
flow_scan,0.4,1.3900000000000001,3200.0,0.17189205328299975,275.02728525279963,0.24,1.6,160.0,33.36,985227.9040628887,1477841.856094335,1477841.856094335,985227.9040628887,985227.9040628887,1477841.856094335,1477841.856094335,11.780982334321948,37.440580834457705,17.775019567502454,6.683152050737135,6.780982334321948,20.75669137193563,20.75669137193563,429084.6032274055,446490.6617227251,425940.1295074609,227847.1970132089,227847.1970132089,423277.90255051636,232762.7134795037,1818.1287543561868,1838.5643707431734,1770.5130827149605,1096.6102253074152,1099.3591886701563,1797.5668200121495,1113.420128952668,36.53537506603666,cooling,True,True,3200.000000003671,3199.9999999999995,3.6716301110573113e-09,-329.8995856134861,9436.04787268652,True,,False,False,-2.6830093702301383e-11,26,16.54912441760257,16.57471196504163,26,26,15,14.99999999901121,17.969411468027033,18.768858426503016,17.16996450955105,0.2750272852527996,0.3437841065659995,0.000556,0.01590161620645183,2235.6788685873526,37.26131447645587,0.6210219079409313,1.500000000000002,True,8.6637635943053,244.5068227570489,3199.9999999999995,3476.7844618596214,-3721.29128461667,310.49016671414216,276.7844618596222,33.70570485451998,0.6385327394751246,0.9733931364586835,0.891443567404337,1600,800,563.6607530654964,10.306284523806294,5.677173694632177,constant,1.39,1.39,0.000556,False,False,0.27799999999999997,0.15959038096754102,1304.441047394392,263856.2835507722,30020.312661080978,233835.9708896912,263856.2835507722,554.996989471191,3476.784461859648,3476.7844618596214,2.6830093702301383e-11,1.0000000000000078,True,True,True,False,0,False,9.887912710837554e-10,,none,,1.0,
flow_scan,0.4,1.4450000000000003,3200.0,0.1717678253457507,274.82852055320114,0.24,1.6,160.0,34.68000000000001,984897.4847270239,1477346.2270905355,1477346.2270905355,984897.4847270239,984897.4847270239,1477346.2270905355,1477346.2270905355,11.76990285053148,37.42902070085319,17.8215818169179,6.672124337068453,6.76990285053148,20.744445159675934,20.744445159675934,429081.27292605286,446487.7697627193,425938.70633604116,227923.41878043697,227923.41878043697,423275.09900801285,232742.51907755606,1818.1488124629855,1838.5862594624139,1770.5371625770533,1096.8737586890275,1099.6350190314533,1797.5879370692148,1113.3529791875796,36.52287998631389,cooling,True,True,3199.999999989474,3200.0,-1.0526036930968985e-08,-328.24501452294635,9443.332370261598,True,,False,False,3.3651303965598345e-11,26,16.542289244780022,16.56786799045802,26,26,15,14.999999999077605,17.983394453659912,18.75860988011914,17.208179027200686,0.2748285205532011,0.3435356506915014,0.0005780000000000002,0.015907904832209815,2237.2694248307375,37.28782374717896,0.6214637291196493,1.4999999999999996,True,8.654524153653838,274.3789569431279,3200.0,3476.900895139851,-3751.279852082979,310.6120490890914,276.9008951398507,33.71115394924067,0.6385235006076792,0.9734186995013657,0.8914686212331336,1600,800,593.6455301858731,10.302240397255675,5.390422124458792,constant,1.4450000000000003,1.4450000000000003,0.0005780000000000002,False,False,0.2890000000000001,0.15906008467620528,1317.2716468085014,284822.44665376586,32115.364661660016,252707.08199210587,284822.44665376586,584.9910060322193,3476.9008951398173,3476.900895139851,-3.3651303965598345e-11,0.9999999999999903,True,True,True,False,0,False,9.223981578543317e-10,,none,,1.0,
flow_scan,0.4,1.5,3200.0,0.17169412617281526,274.7106018765044,0.24,1.6,160.0,36.0,984701.2942325923,1477051.9413488866,1477051.9413488866,984701.2942325923,984701.2942325923,1477051.9413488866,1477051.9413488866,11.76332294834242,37.42220287181448,17.868909881855814,6.665591276325813,6.76332294834242,20.737172361408057,20.737172361408057,429079.2947186681,446486.106349966,425937.86030294665,228000.8572948117,228000.8572948117,423273.43357021426,232730.52656818394,1818.160724906489,1838.5994347027295,1770.5514623572012,1097.140798930245,1099.9137871421283,1797.6004782205946,1113.313100581052,36.51546110265604,cooling,True,True,3199.9999999973916,3199.9999999999995,-2.6079760573338717e-09,-327.2623951025389,9447.658499749841,True,,False,False,5.002220859751105e-11,26,16.538229551649692,16.56380307580129,26,26,15,14.999999999125233,18.00006790509576,18.753292453897984,17.24684335629354,0.2747106018765044,0.34338825234563053,0.0006,0.015914187721951852,2238.5601280019373,37.309335466698954,0.6218222577783159,1.499999999999998,True,8.649044883488159,306.58228560216196,3199.9999999999995,3477.0152679411294,-3783.5975535432913,310.73326838585626,277.01526794113016,33.7180004447261,0.6385160127502955,0.9734394166770711,0.891488926757413,1600,800,625.9645988715064,10.298221418719692,5.112110182858556,constant,1.4999999999999998,1.4999999999999998,0.0006,False,True,0.3,0.15858282301514878,1329.4967489828766,306582.285602162,34271.88008391488,272310.4055182471,306582.285602162,617.3155539880182,3477.0152679410794,3477.0152679411294,-5.002220859751105e-11,0.9999999999999856,True,True,True,False,0,False,8.747633728489745e-10,,none,,1.0,
flow_scan,0.5,0.4,4000.0,0.3111978736889341,497.9165979022946,0.24,1.6,160.0,9.600000000000003,1116468.5298531547,1674702.7947797333,1674702.7947797333,1116468.5298531547,1116468.5298531547,1674702.7947797333,1674702.7947797333,15.976327928560579,41.937418617699336,20.39404657282671,10.875415021248614,10.976327928560579,25.39404657282671,25.39404657282671,430282.6023331025,447640.60756270785,426345.3586542305,232091.04209728187,232091.04209728187,424266.24865463394,240500.48349518637,1810.5712135576405,1830.7240497773212,1761.2521668029522,1110.5136574214675,1113.136891560336,1789.5786105583193,1138.9190029715585,41.53674711587922,cooling,True,True,4000.000000002953,4000.0000000000005,2.9526745493058115e-09,-1756.4177218667382,5877.707738271876,True,,False,False,-3.8198777474462986e-11,26,19.47468866864898,19.510212036489598,26,26,15,15.0,19.864057566468574,23.116296903476666,16.611818229460482,0.4979165979022946,0.6223957473778682,0.00016000000000000004,0.020182494124576,2486.6127357286814,41.44354559547802,0.6907257599246337,1.500000000000001,True,21.775738221085437,6.111798148187902,4000.0000000000005,4350.32783856087,-4356.439636709058,391.42163910966923,350.32783856086974,41.09380054879949,0.63721643213828,0.9770216849210366,0.8950139786796872,1600,800,419.30917547894256,10.219159086601426,9.539500287421872,constant,0.4000000000000001,0.4000000000000001,0.00016000000000000004,True,False,0.08000000000000002,0.2233042563235414,903.1730972281907,22919.24305570463,3554.9475521848244,19364.295503519803,22919.24305570463,397.53343725785714,4350.327838560908,4350.32783856087,3.8198777474462986e-11,1.0000000000000089,True,True,True,False,0,False,0.0,,none,,1.0,
flow_scan,0.5,0.455,4000.0,0.29509667794150113,472.1546847064019,0.24,1.6,160.0,10.92,1095641.9189021417,1643462.8783515175,1643462.8783515175,1095641.9189021417,1095641.9189021417,1643462.8783515175,1643462.8783515175,15.336259738119566,41.25906693893569,19.686533725499316,10.235557664850887,10.336259738119566,24.686533725499316,24.686533725499316,430108.17369795934,447485.19434754585,426301.5086888392,230933.42386298542,230933.42386298542,424125.19473206234,239307.8206190981,1811.7202895600449,1831.9494771179993,1762.6857742900581,1106.6635219365694,1109.242533194003,1790.7974335929894,1135.018290762579,40.73781729524263,cooling,True,True,4000.000000003811,3999.9999999999995,3.811237547779456e-09,-1660.832192440795,6298.537378833587,True,,False,False,0.031243052400895976,26,19.118651739353936,19.153029519795734,26,26,15,15.0,19.554336987918873,22.41442065465378,16.694253321183965,0.4721546847064019,0.5901933558830023,0.000182,0.020082866946308186,2521.7024450213203,42.028374083688675,0.7004729013948112,1.4999999999984528,True,19.983165588891737,8.940529709775802,3999.9999999999995,4348.980393628895,-4357.920923338671,389.72252582676447,348.9803936288958,40.74213219786867,0.6370525552033113,0.9774715362428619,0.895458616071941,1600,800,418.64622112543196,10.263712602997034,9.554606725571151,constant,0.455,0.455,0.000182,False,False,0.091,0.20901420966719725,957.0982174394444,29474.273768491654,4418.690789640489,25055.582978851166,29474.273768491654,398.66305553654024,4348.9491505764945,4348.980393628895,-0.031243052400895976,0.9999928160052304,True,True,True,False,0,False,0.0,,none,,1.0,
flow_scan,0.5,0.51,4000.0,0.2839051070498044,454.248171279687,0.24,1.6,160.0,12.240000000000002,1080105.8165211172,1620158.7247830774,1620158.7247830774,1080105.8165211172,1080105.8165211172,1620158.7247830774,1620158.7247830774,14.852800830432727,40.74690934561721,19.152130350684672,9.752260305770903,9.852800830432727,24.152130350684672,24.152130350684672,429974.386123241,447365.343770808,426263.93917281367,230061.4776957663,230061.4776957663,424016.26834801363,238409.95891668336,1812.5889695015444,1832.8755208707566,1763.7631849592499,1103.756442720499,1106.3024626823806,1791.717784585125,1132.074729073813,40.14315948173418,cooling,True,True,4000.000000006978,4000.0000000000005,6.9776433520019054e-09,-1588.6341417688918,6616.400133750416,True,,False,False,1.546140993013978e-11,26,18.847388225670215,18.880968495664842,26,26,15,15.000000000000046,19.33182545574718,21.8849766781031,16.778674233391257,0.45424817127968703,0.5678102140996087,0.00020400000000000003,0.02000871295137572,2548.727077764912,42.478784629415195,0.7079797438235865,1.5000000000012976,True,18.7793052687147,12.525655327301974,4000.0000000000005,4347.970679519702,-4360.496334847004,388.4498746215435,347.9706795197011,40.47919510184238,0.6369293201526448,0.9778095495918764,0.8957930025301715,1600,800,419.7548352175602,10.297338888053693,9.529372062925228,constant,0.51,0.51,0.00020400000000000003,False,False,0.10200000000000001,0.19868497176017572,1005.4081364886927,36840.162727358744,5361.079849449373,31479.082877909368,36840.162727358744,400.97552994884546,4347.970679519686,4347.970679519702,-1.546140993013978e-11,0.9999999999999964,True,True,True,False,0,False,0.0,,none,,1.0,
flow_scan,0.5,0.5650000000000001,4000.0,0.27570694689597985,441.13111503356777,0.24,1.6,160.0,13.560000000000002,1068117.6290443593,1602176.4435673151,1602176.4435673151,1068117.6290443593,1068117.6290443593,1602176.4435673151,1602176.4435673151,14.476159688652558,40.34804011744001,18.73580072364996,9.375746349788812,9.476159688652558,23.73580072364996,23.73580072364996,429868.95661199704,447270.51889667724,426232.065133172,229383.61646221898,229383.61646221898,423930.0046699249,237712.22915449794,1813.2662245557358,1833.5972820436536,1764.5994560840431,1101.4922291148735,1104.0127895074318,1792.4347054352934,1129.783092045864,39.685064895162256,cooling,True,True,4000.0000000050554,4000.0,5.055426299804822e-09,-1532.3878800762996,6864.032743342985,True,,False,False,3.637978807091713e-12,26,18.63470494908512,18.66770045692867,26,26,15,14.999999999999982,19.166683149444737,21.473225574638377,16.860140724251096,0.4411311150335678,0.5514138937919597,0.00022600000000000005,0.019951583477433765,2570.0971471144303,42.83495245190717,0.7139158741984528,1.5000000000007268,True,17.91944931764537,16.955616960425107,4000.0,4347.18872256056,-4364.144339520984,387.4646604321605,347.18872256056005,40.27593787160043,0.6368336465018599,0.9780718048974125,0.8960526159297251,1600,800,422.339726710231,10.323522138867018,9.471048416774718,constant,0.5650000000000001,0.5650000000000001,0.00022600000000000005,False,False,0.11300000000000002,0.19095074888847954,1049.034649183774,45014.912284314436,6380.1170836200035,38634.79520069443,45014.912284314436,404.4202773925856,4347.188722560556,4347.18872256056,-3.637978807091713e-12,0.9999999999999991,True,True,True,False,0,False,0.0,,none,,1.0,
flow_scan,0.5,0.6200000000000001,4000.0,0.2694750547796957,431.16008764751314,0.24,1.6,160.0,14.880000000000004,1058635.4101150907,1587953.115173091,1587953.115173091,1058635.4101150907,1058635.4101150907,1587953.115173091,1587953.115173091,14.175991564108472,40.03023839537258,18.404003053849408,9.075680402369642,9.175991564108472,23.404003053849408,23.404003053849408,429784.1863431032,447194.0418437526,426205.0515269366,228844.27841466188,228844.27841466188,423860.3841755902,237157.25356041538,1813.8063136801961,1834.1727253386025,1765.2640618460007,1099.688069586508,1102.1884904140325,1793.0060439413617,1127.9576907133708,39.32319574652575,cooling,True,True,3999.999999995854,4000.0000000000005,-4.14638634538278e-09,-1487.5618294619585,7061.386159504684,True,,False,False,0.013730731588111666,26,18.46437480778593,18.496925525554918,26,26,15,15.000000000000039,19.04146634035729,21.14568040282245,16.937252277892128,0.4311600876475131,0.5389501095593914,0.00024800000000000007,0.01990644885447285,2587.3296169220325,43.122160282033875,0.7187026713672312,1.5000000000004297,True,17.27831039292401,22.31867439020051,4000.0000000000005,4346.568398087441,-4368.887072477642,386.6833340694998,346.56839808744064,40.11493598205914,0.6367576112070772,0.9782801280075551,0.8962589477030599,1600,800,426.2803188526243,10.344381687991415,9.383496781569454,constant,0.6200000000000001,0.6200000000000001,0.00024800000000000007,False,False,0.12400000000000003,0.1850112522164731,1088.7009268638662,53996.79287951734,7474.072932311012,46522.71994720633,53996.79287951734,409.0020084597003,4346.554667355853,4346.568398087441,-0.013730731588111666,0.999996841017941,True,True,True,False,0,False,0.0,,none,,1.0,
flow_scan,0.5,0.675,4000.0,0.2646024207303071,423.3638731684914,0.24,1.6,160.0,16.200000000000003,1050986.5091255861,1576479.7636886598,1576479.7636886598,1050986.5091255861,1050986.5091255861,1576479.7636886598,1576479.7636886598,13.932381461720183,39.77237020863009,18.134723772446705,8.83215374654776,8.932381461720183,23.134723772446705,23.134723772446705,429714.9047278799,447131.3878562931,426182.08869080595,228407.13969508276,228407.13969508276,423803.31768841686,236707.54986953543,1814.2448763079096,1834.6399051783853,1765.8022581686625,1098.2240549959406,1100.7082285582833,1793.4697347332033,1126.476830516539,39.03158974058066,cooling,True,True,4000.0000000010705,4000.0,1.0704752639867365e-09,-1451.1819546954139,7221.554018736415,True,,False,False,-1.546140993013978e-11,26,18.325606826010414,18.35780962031017,26,26,15,15.0,18.944969524531416,20.880331542865918,17.009607506196915,0.4233638731684914,0.5292048414606142,0.00027000000000000006,0.019870073066224337,2601.4479825429676,43.35746637571613,0.7226244395952688,1.500000000000267,True,16.78454234474716,28.70292840576525,4000.0,4346.066792318234,-4374.769720723999,386.0517014592579,346.06679231823387,39.98490914102405,0.6366960432926514,0.9784487478744676,0.8964260253487216,1600,800,431.5391722097703,10.361306490504203,9.269146945611714,constant,0.6750000000000002,0.6750000000000002,0.00027000000000000006,False,False,0.13500000000000004,0.1803509567986379,1124.9786238278755,63784.285346144985,8641.428228699913,55142.85711744507,63784.285346144985,414.75462986502316,4346.066792318249,4346.066792318234,1.546140993013978e-11,1.0000000000000036,True,True,True,False,0,False,0.0,,none,,1.0,
flow_scan,0.5,0.7300000000000001,4000.0,0.26070658682024256,417.13053891238815,0.24,1.6,160.0,17.520000000000003,1044716.0201132682,1567074.0301700835,1567074.0301700835,1044716.0201132682,1044716.0201132682,1567074.0301700835,1567074.0301700835,13.731675539207856,39.55995293858115,17.912870104567617,8.631516920240983,8.731675539207856,22.912870104567617,22.912870104567617,429657.50092367275,447079.3752374333,426162.4766260016,228047.37505093828,228047.37505093828,423755.9244001275,236337.51688747143,1814.606367513766,1835.024922657405,1766.2448904336281,1097.0180105276668,1099.488863582256,1793.851773386354,1125.257169011161,38.79273176914074,cooling,True,True,3999.9999999940264,3999.9999999999995,-5.973106453893706e-09,-1421.209239055468,7353.51339820702,True,,False,False,9.094947017729282e-13,26,18.210925561039403,18.242850096013086,26,26,15,14.999999999999996,18.869750309513734,20.662194091149786,17.07730652787768,0.41713053891238816,0.5214131736404851,0.00029200000000000005,0.019840273313082413,2613.1701425805118,43.55283570967519,0.7258805951612533,1.5000000000001734,True,16.394520413851307,36.19633922709697,3999.9999999999995,4345.654748011179,-4381.851087238277,385.5329582880313,345.6547480111794,39.87821027685192,0.6366454143854523,0.9785873647279513,0.8965634210524255,1600,800,438.1238179289796,10.375247858865555,9.129839183151656,constant,0.7300000000000001,0.7300000000000001,0.00029200000000000005,False,False,0.14600000000000002,0.17662628110681425,1158.3273032779593,74376.03950773348,9880.832796322842,64495.20671141064,74376.03950773348,421.7292975151283,4345.6547480111785,4345.654748011179,-9.094947017729282e-13,0.9999999999999998,True,True,True,False,0,False,0.0,,none,,1.0,
flow_scan,0.5,0.7850000000000001,4000.0,0.2575374726322935,412.0599562116696,0.24,1.6,160.0,18.840000000000007,1039510.0044723669,1559265.0067086716,1559265.0067086716,1039510.0044723669,1039510.0044723669,1559265.0067086716,1559265.0067086716,13.564351536019956,39.3828900322643,17.7279162223046,8.464250757229138,8.564351536019956,22.7279162223046,22.7279162223046,429609.42197301117,447035.7430829156,426145.6511118235,227747.7126703193,227747.7126703193,423716.1545298495,236029.35116628578,1814.9078544160143,1835.3459876543639,1766.6133764620295,1096.012644992599,1098.472437935777,1794.1702840641844,1124.2406301488961,38.59455673625082,cooling,True,True,4000.000000002576,4000.0000000000005,2.5756889954209328e-09,-1396.2216616859955,7463.524958179083,True,,False,False,-5.002220859751105e-11,26,18.115077504181727,18.146775637248737,26,26,15,14.99999999999995,18.810723407187396,20.48075743409214,17.14068938028265,0.4120599562116696,0.515074945264587,0.0003140000000000001,0.01981554606773886,2623.0054886524354,43.716758144207255,0.7286126357367876,1.5000000000001166,True,16.080377750746816,44.88674145491603,4000.0000000000005,4345.312068744522,-4390.1988101994375,385.1016208095601,345.31206874452164,39.789552065038436,0.6366032729269782,0.9787027137675541,0.8966777860311445,1600,800,446.06874001522294,10.386868773990631,8.967227786155767,constant,0.7850000000000003,0.7850000000000003,0.0003140000000000001,False,False,0.15700000000000006,0.1736014049447721,1189.1222713315715,85770.8435444255,11191.074815322418,74579.76872910309,85770.8435444255,429.9883622644761,4345.312068744572,4345.312068744522,5.002220859751105e-11,1.0000000000000115,True,True,True,False,0,False,0.0,,none,,1.0,
flow_scan,0.5,0.8400000000000001,4000.0,0.2549131889912587,407.8611023860139,0.24,1.6,160.0,20.160000000000004,1035125.4529628663,1552688.1794443808,1552688.1794443808,1035125.4529628663,1035125.4529628663,1552688.1794443808,1552688.1794443808,13.422939992777685,39.233609803196714,17.739441287330635,8.323027830190881,8.422939992777685,22.571605453769905,22.571605453769905,429568.63142529066,446999.0784257461,426131.0962467499,227768.317683139,227768.317683139,423682.36063887156,235769.13669606458,1815.162739292033,1835.618679044963,1766.9244302275772,1096.104120041191,1098.5855521943668,1794.439481657797,1123.3817015639447,38.42774634825194,cooling,True,True,4000.000000004379,3999.9999999999995,4.379671736387536e-09,-1375.1037598286339,7556.499690875795,True,,False,False,-1.0533767635934055e-08,26,18.03390370066296,18.06541432513806,26,26,15,14.999999747930005,18.76473430324876,20.32903337138248,17.200435235115037,0.4078611023860139,0.5098263779825174,0.0003360000000000001,0.019821574733084706,2634.8230779798278,43.91371796633046,0.731895299438841,1.5000000000000786,True,15.822366836192135,54.86185641702972,3999.9999999999995,4345.4989078506,-4400.36076426763,385.25141863092114,345.49890785060006,39.752510780321074,0.636553041264084,0.9788401715899496,0.896814109285851,1600,800,455.935641884143,10.382830033994198,8.773168036326567,constant,0.8400000000000002,0.8400000000000002,0.0003360000000000001,False,False,0.16800000000000004,0.1711102683166176,1218.2136303018553,97967.6007446959,12571.057574173554,85396.54317052235,97967.6007446959,440.1132750479509,4345.498907861133,4345.4989078506,1.0533767635934055e-08,1.000000000002424,True,True,True,False,0,False,2.5206998088833643e-07,,none,,1.0,
flow_scan,0.5,0.895,4000.0,0.25272247049365437,404.355952789847,0.24,1.6,160.0,21.48,1031413.0084551784,1547119.5126828274,1547119.5126828274,1031413.0084551784,1031413.0084551784,1547119.5126828274,1547119.5126828274,13.302852604515863,39.10695757148568,17.801009507327024,8.203143349127515,8.302852604515863,22.438865903154692,22.438865903154692,429533.8791054213,446967.9267487952,426118.4964217007,227870.31771412483,227870.31771412483,423653.53159002244,235548.32422312588,1815.3792531852291,1835.8506853924277,1767.1883183722177,1096.472208529442,1098.982228479228,1794.6680966096296,1122.652426311797,38.28657349939943,cooling,True,True,3999.9999999933443,4000.0,-6.655682227574289e-09,-1357.1703321785644,7635.454297889459,True,,False,False,1.0508301784284413e-08,26,17.964849791538995,17.996203867860057,26,26,15,14.999999642558535,18.7288853859219,20.200942388692738,17.25682838315106,0.404355952789847,0.5054449409873087,0.00035800000000000003,0.019835016164564446,2645.98382066544,44.099730344423996,0.7349955057404,1.5000000000000582,True,15.608458091047302,66.20930251663371,4000.0,4345.804616820108,-4412.013919336742,385.5374189158293,345.80461682010787,39.73280209572141,0.6365060007352548,0.9789688618493566,0.8969417749191398,1600,800,467.3551795235103,10.37512781832801,8.558801047370826,constant,0.895,0.895,0.00035800000000000003,False,False,0.17900000000000002,0.16903327194960108,1245.4577775307805,110965.31148039168,14019.781444723283,96945.5300356684,110965.31148039168,451.746721432463,4345.8046168096,4345.804616820108,-1.0508301784284413e-08,0.9999999999975819,True,True,True,False,0,False,3.5744147908189916e-07,,none,,1.0,
flow_scan,0.5,0.9500000000000001,4000.0,0.2508817509786695,401.4108015658712,0.24,1.6,160.0,22.8,1028256.149389739,1542384.224084653,1542384.224084653,1028256.149389739,1028256.149389739,1542384.224084653,1542384.224084653,13.20048073881054,38.99901028245432,17.85993858503906,8.100949518901302,8.20048073881054,22.325708608079367,22.325708608079367,429504.17194069235,446941.284546358,426107.58220853045,227967.8325798075,227967.8325798075,423628.8606691831,235360.204197713,1815.5638741435519,1836.048543117408,1767.413090775216,1096.8221964570494,1099.3583898440966,1794.8629949619644,1122.0308291261138,38.166576199862746,cooling,True,True,4000.000000006989,4000.0,6.989012035774067e-09,-1341.8824782781503,7702.761369373076,True,,False,False,0.0058211907071381574,26,17.90589589097118,17.93711841829802,26,26,15,14.99999972405377,18.70120997140333,20.09215609059663,17.310263852210028,0.4014108015658712,0.501763501957339,0.00038,0.01984753723663366,2655.6776257555284,44.26129376259214,0.7376882293765357,1.5000000000000433,True,15.429763149235745,79.01660401652948,4000.0,4346.083741740323,-4425.100345756852,385.8012819758107,346.08374174032286,39.71754023548783,0.6364654539837977,0.9790797596589372,0.8970518189258425,1600,800,480.2476491415759,10.36803190366484,8.329036086173135,constant,0.95,0.95,0.00038,False,False,0.19,0.1672825453957708,1270.9109477758263,124763.05897346759,15536.329648926243,109226.72932454135,124763.05897346759,464.81788599234017,4346.077920549616,4346.083741740323,-0.0058211907071381574,0.9999986605893828,True,True,True,False,0,False,2.759462063295359e-07,,none,,1.0,
flow_scan,0.5,1.0050000000000001,4000.0,0.24932714795445468,398.92343672712747,0.24,1.6,160.0,24.120000000000005,1025562.8260851708,1538344.2391277903,1538344.2391277903,1025562.8260851708,1025562.8260851708,1538344.2391277903,1538344.2391277903,13.112953465203873,38.906734690452936,17.916672168684386,8.013579517303526,8.112953465203873,22.228960066070613,22.228960066070613,429478.7131075372,446918.4468087689,426098.12471861014,228061.61562802215,228061.61562802215,423607.6981926999,235199.44850957053,1815.7217591716033,1836.2177796064718,1767.6051350389182,1097.1571141727495,1099.7173724469137,1795.0296391317916,1121.499435482144,38.06423367935401,cooling,True,True,4000.0000000065907,4000.0,6.5906533563975245e-09,-1328.8114634834014,7760.308473949326,True,,False,False,5.629772203974426e-10,26,17.855427585256223,17.88653900368014,26,26,15,14.999999941008952,18.680351824309952,19.999518021533504,17.3611856270864,0.3989234367271275,0.49865429590890936,0.00040200000000000007,0.019859287270321314,2664.1329065799077,44.40221510966513,0.7400369184944188,1.5000000000000333,True,15.279583427927793,93.37119857790476,4000.0,4346.340681490665,-4439.711880068569,386.046673971904,346.3406814906646,39.70599248123938,0.6364303211516035,0.9791758297093741,0.8971471711627047,1600,800,494.6974559777365,10.361441425839393,8.085750091627753,constant,1.0050000000000001,1.0050000000000001,0.00040200000000000007,False,False,0.20100000000000004,0.16579237494322077,1294.7605785312803,139359.99787746978,17119.85684032862,122240.14103714116,139359.99787746978,479.41787254980875,4346.340681490102,4346.340681490665,-5.629772203974426e-10,0.9999999999998704,True,True,True,False,0,False,5.89910200687882e-08,,none,,1.0,
flow_scan,0.5,1.06,4000.0,0.24800999719295755,396.8159955087321,0.24,1.6,160.0,25.440000000000005,1023261.1379232901,1534891.7068849602,1534891.7068849602,1023261.1379232901,1023261.1379232901,1534891.7068849602,1534891.7068849602,13.038016320897952,38.827749384668834,17.971621892662313,7.9387821490205965,8.038016320897952,22.146128218480897,22.146128218480897,429456.8729067915,446898.85515075474,426089.93567589275,228152.3620126771,228152.3620126771,423589.52934837574,235061.8789131816,1815.8569598725162,1836.3627369264611,1767.769457448143,1097.4796950875898,1100.0621775878462,1795.1723186390288,1121.0445280189158,37.976798257946264,cooling,True,True,3999.999999994361,4000.0000000000005,-5.6393218983430415e-09,-1317.6206142596425,7809.57786738888,True,,False,False,5.547917680814862e-11,26,17.81217275733252,17.84319003286798,26,26,15,14.999999987211313,18.66529606157414,19.920586469134435,17.410005654013844,0.3968159955087321,0.4960199943859151,0.00042400000000000006,0.01987039427101556,2671.5320689354594,44.525534482257655,0.7420922413709609,1.5000000000000244,True,15.152872485528047,109.36044379260191,4000.0000000000005,4346.579064055602,-4455.939507848204,386.27666492013975,346.57906405560203,39.69760086453772,0.6363997534685369,0.9792594010756028,0.897230134590851,1600,800,510.78998119826974,10.355272174742876,7.831007159961011,constant,1.06,1.06,0.00042400000000000006,False,False,0.21200000000000002,0.16451282913096893,1317.167732743443,154755.34498953097,18769.57981606321,135985.76517346778,154755.34498953097,495.6371087127417,4346.579064055547,4346.579064055602,-5.547917680814862e-11,0.9999999999999872,True,True,True,False,0,False,1.2788632375304587e-08,,none,,1.0,
flow_scan,0.5,1.1150000000000002,4000.0,0.24689342349124666,395.02947758599464,0.24,1.6,160.0,26.760000000000005,1021295.5900995552,1531943.385149355,1531943.385149355,1021295.5900995552,1021295.5900995552,1531943.385149355,1531943.385149355,12.973922578261806,38.760209616212364,18.025166237219253,7.874813261617646,7.973922578261806,22.0752822547571,22.0752822547571,429438.1612496626,446882.0743609748,426082.8644701793,228240.707808517,228240.707808517,423573.95269526826,234944.2613633186,1815.9726164574404,1836.4867803129735,1767.9099314128678,1097.7923905624223,1100.3954839237706,1795.2943569670388,1120.6554814276094,37.90215055090316,cooling,True,True,4000.0000000082227,3999.9999999999995,8.22319634607993e-09,-1308.0490804539313,7851.717981643333,True,,False,False,2.7284841053187847e-12,26,17.775143368493104,17.80608083408186,26,26,15,14.999999987143138,18.655275956969206,19.853449210563213,17.4571027033752,0.39502947758599466,0.4937868469824933,0.0004460000000000001,0.019880967336249524,2678.018618155396,44.633643635923264,0.7438940605987211,1.5000000000000218,True,15.04583823154309,127.07162289132056,3999.9999999999995,4346.801866782372,-4473.873489673692,386.493815078922,346.8018667823726,39.69194829654941,0.6363730906821653,0.9793322848672456,0.8973025007180404,1600,800,528.6112762017857,10.349454102346243,7.566997111263074,constant,1.1150000000000002,1.1150000000000002,0.0004460000000000001,False,False,0.22300000000000006,0.1634054238799082,1338.2717364011094,170948.37160267335,20484.76986915206,150463.6017335213,170948.37160267335,513.5654379702426,4346.801866782369,4346.801866782372,-2.7284841053187847e-12,0.9999999999999993,True,True,True,False,0,False,1.2856844477937557e-08,,none,,1.0,
flow_scan,0.5,1.1700000000000002,4000.0,0.24594873298342465,393.5179727734794,0.24,1.6,160.0,28.080000000000005,1019622.2137571761,1529433.3206357814,1529433.3206357814,1019622.2137571761,1019622.2137571761,1529433.3206357814,1529433.3206357814,12.919282939556695,38.70264838710244,18.07765094145202,7.820285637988945,7.919282939556695,22.01488646625478,22.01488646625478,429422.1865729453,446867.7562157851,426076.78754389187,228327.23229296747,228327.23229296747,423560.64688871044,234844.02614365058,1816.0712274735583,1836.5925872476457,1768.0296335133712,1098.0974009955032,1100.7196885449064,1795.3983975898154,1120.32384676595,37.83861241766313,cooling,True,True,4000.0000000043856,3999.999999999999,4.386492946650833e-09,-1299.8893892346691,7887.642246995202,True,,False,False,-6.366462912410498e-12,26,17.74355164654446,17.77442158584335,26,26,15,14.999999987063722,18.649707275445166,19.796591765649566,17.502822785240767,0.39351797277347944,0.4918974659668493,0.0004680000000000001,0.019891100770389948,2683.708407560431,44.72847345934052,0.7454745576556754,1.5000000000000169,True,14.955553757446626,146.5919497693271,3999.999999999999,4347.011583762581,-4493.6035335319075,386.70029840512746,347.01158376258184,39.68871464254562,0.6363498058153396,0.9793959260873739,0.8973656994674318,1600,800,548.2478019319012,10.343927885489734,7.295970883795437,constant,1.1700000000000002,1.1700000000000002,0.0004680000000000001,False,False,0.23400000000000004,0.1624401112001453,1358.1938833589397,187938.3971401629,22264.7464228613,165673.6507173016,187938.3971401629,533.2922481744546,4347.011583762587,4347.011583762581,6.366462912410498e-12,1.0000000000000016,True,True,True,False,0,False,1.2936254734086106e-08,,none,,1.0,
flow_scan,0.5,1.225,4000.0,0.24515339736549321,392.24543578478915,0.24,1.6,160.0,29.400000000000006,1018205.9386955566,1527308.9080433494,1527308.9080433494,1018205.9386955566,1018205.9386955566,1527308.9080433494,1527308.9080433494,12.872985504665905,38.65389181144195,18.12939130074335,7.7740890720996845,7.872985504665905,21.963711778208108,21.963711778208108,429408.63426059694,446855.62058635254,426071.6033717283,228412.46247581905,228412.46247581905,423549.3533084032,234759.1184156059,1816.154793247019,1836.6823012898833,1768.1310231059088,1098.3967039847037,1101.036939121215,1795.4865562337127,1120.0428635484543,37.784846088701364,cooling,True,True,4000.000000009065,3999.9999999999995,9.065388439921662e-09,-1292.9754933542163,7918.081711375702,True,,False,False,-4.274625098332763e-11,26,17.716765774816565,17.747578862281422,26,26,15,14.999999986968536,18.648142275188974,19.748803101444366,17.54748144893358,0.39224543578478915,0.49030679473098643,0.0004900000000000001,0.01990087654148512,2688.695515106188,44.81159191843646,0.7468598653072743,1.5000000000000142,True,14.879737371785309,168.0085734411045,3999.9999999999995,4347.210320889841,-4515.218894330945,386.89797441928135,347.2103208898412,39.68765352944013,0.636329475166097,0.9794514861860154,0.8974208805589905,1600,800,569.7862852321712,10.338642909681402,7.020175991723137,constant,1.225,1.225,0.0004900000000000001,False,False,0.24500000000000005,0.16159315300531016,1377.0403710878857,205724.783805434,24108.871680625234,181615.91212480876,205724.783805434,554.9065478603859,4347.210320889883,4347.210320889841,4.274625098332763e-11,1.0000000000000098,True,True,True,False,0,False,1.3031467460677959e-08,,none,,1.0,
flow_scan,0.5,1.2800000000000002,4000.0,0.2444895510277547,391.18328164440754,0.24,1.6,160.0,30.720000000000006,1017018.5500937921,1525527.8251407007,1525527.8251407007,1017018.5500937921,1017018.5500937921,1525527.8251407007,1525527.8251407007,12.83413290936619,38.61299265787483,18.18067500628058,7.735327592376564,7.83413290936619,21.920766262369625,21.920766262369625,429397.249483881,446845.4403409309,426067.22806406114,228496.87835249733,228496.87835249733,423539.862167623,234687.88113776184,1816.2249286531664,1836.7576529685773,1768.216082876718,1098.6920821829497,1101.3491659033552,1795.5605404726634,1119.8070767766606,37.739775841071946,cooling,True,True,3999.9999999930874,4000.0,-6.912614480825141e-09,-1287.1733835997288,7943.626370458984,True,,False,False,4.4565240386873484e-11,26,17.694274855782226,17.72504048955868,26,26,15,14.999999986853197,18.65023669886554,19.709106773376845,17.591366624354237,0.3911832816444075,0.4889791020555094,0.0005120000000000001,0.019910366404371164,2693.056971877658,44.88428286462763,0.7480713810771271,1.5000000000000122,True,14.816591323309076,191.40858201277064,4000.0,4347.399873057262,-4538.808455070032,387.08844758139634,347.3998730572623,39.688574524134026,0.6363117549064649,0.979499907395404,0.8974689769944932,1600,800,593.3136209174761,10.333555612400152,6.7417970175951165,constant,1.2800000000000002,1.2800000000000002,0.0005120000000000001,False,False,0.25600000000000006,0.16084559408691862,1394.9046682144465,224306.93204621554,26016.546090172757,198290.3859560428,224306.93204621554,578.497029594167,4347.3998730572175,4347.399873057262,-4.4565240386873484e-11,0.9999999999999898,True,True,True,False,0,False,1.3146745914127678e-08,,none,,1.0,
flow_scan,0.5,1.3350000000000002,4000.0,0.24394290721461398,390.3086515433824,0.24,1.6,160.0,32.040000000000006,1016037.1799318217,1524055.7698977434,1524055.7698977434,1016037.1799318217,1016037.1799318217,1524055.7698977434,1524055.7698977434,12.801995677577054,38.5791810428384,18.23176504553288,7.703272877554468,7.801995677577054,21.885243572649983,21.885243572649983,429387.8243878463,446837.0300448843,426063.59193254367,228580.91809387426,228580.91809387426,423532.0021122885,234628.96829991546,1816.2829468365385,1836.8200495178046,1768.2864229437116,1098.985148379747,1101.6581102880275,1795.621738474118,1119.612052849468,37.70253021917442,cooling,True,True,4000.000000007201,4000.0,7.200924301287159e-09,-1282.3741225823487,7964.755837450855,True,,False,False,3.637978807091713e-11,26,17.675662823472123,17.706389380956043,26,26,15,14.999999986713618,18.655725683286732,19.67670984257211,17.634741524001356,0.3903086515433824,0.48788581442922796,0.0005340000000000001,0.01991963361132702,2696.8563196003925,44.947605326673205,0.7491267554445534,1.5000000000000107,True,14.764686644657274,216.87900624389258,4000.0,4347.581783496892,-4564.460789740785,387.27311364184305,347.58178349689217,39.69133014495088,0.636296363738877,0.9795419603889345,0.8975107521105684,1600,800,618.9168065303929,10.328628193123858,6.462904154152378,constant,1.3350000000000002,1.3350000000000002,0.0005340000000000001,False,False,0.267,0.16018214921639065,1411.8694384216642,243684.27667853097,27987.20446752738,215697.0722110036,243684.27667853097,604.1521198857356,4347.581783496856,4347.581783496892,-3.637978807091713e-11,0.9999999999999917,True,True,True,False,0,False,1.3286353350849822e-08,,none,,1.0,
flow_scan,0.5,1.3900000000000001,4000.0,0.24350196397140278,389.6031423542445,0.24,1.6,160.0,33.36,1015243.1782628564,1522864.7673942968,1522864.7673942968,1015243.1782628564,1015243.1782628564,1522864.7673942968,1522864.7673942968,12.775977159165905,38.55182737621891,18.282902491126322,7.6773292426495345,7.775977159165905,21.856484187476894,21.856484187476894,429380.18840648705,446830.23740236246,426060.63679315016,228664.98293991009,228664.98293991009,423525.6323405903,234581.27978464193,1816.3299221635054,1836.8706423441715,1768.3433589704894,1099.2773677439454,1101.9653499735066,1795.6712857034308,1119.4541660976597,37.672398836682106,cooling,True,True,4000.000000004146,3999.999999999999,4.146841092733666e-09,-1278.4886086725019,7981.862395649551,True,,False,False,-1.90084392670542e-10,26,17.660588775728172,17.691283812456476,26,26,15,14.99999998654578,18.664405962621885,19.65096449206885,17.677847433174918,0.3896031423542445,0.48700392794280556,0.000556,0.01992873430142829,2700.1463192753567,45.00243865458928,0.7500406442431546,1.500000000000012,True,14.722879542861207,244.5068227570489,3999.999999999999,4347.757389985705,-4592.264212742754,387.453196261456,347.7573899857064,39.69580627574959,0.6362830698683904,0.9795782800653652,0.8975468349241269,1600,800,646.6828985613661,10.323827596716411,6.185411751104819,constant,1.39,1.39,0.000556,False,False,0.27799999999999997,0.15959038096754102,1428.0081169055247,263856.2835507722,30020.312661080978,233835.9708896912,263856.2835507722,631.9600190185049,4347.757389985895,4347.757389985705,1.90084392670542e-10,1.0000000000000437,True,True,True,False,0,False,1.3454211966745788e-08,,none,,1.0,
flow_scan,0.5,1.4450000000000003,4000.0,0.2431574139035092,389.0518622456147,0.24,1.6,160.0,34.68000000000001,1014621.2578746689,1521931.8868120136,1521931.8868120136,1014621.2578746689,1014621.2578746689,1521931.8868120136,1521931.8868120136,12.755586848414112,38.53041416838897,18.33430907467846,7.657006994357289,7.7555868484141115,21.83394591616309,21.83394591616309,429374.200855507,446824.9366986618,426058.31383379106,228749.44166134342,228749.44166134342,423520.6365627488,234543.91185256676,1816.366738146089,1836.91037838163,1768.387971518165,1099.5700772680702,1102.272320833805,1795.7101156846995,1119.330436387463,37.64879966404178,cooling,True,True,4000.000000008245,3999.9999999999995,8.245478966273367e-09,-1275.44359147359,7995.268540920893,True,,False,False,2.7799615054391325e-08,26,17.6487719667752,17.679442373182923,26,26,15,14.99999998634607,18.676122555821934,19.631338826682622,17.720906284961245,0.3890518622456147,0.4863148278070184,0.0005780000000000002,0.01993771863486112,2702.9710372914797,45.049517288191325,0.750825288136522,1.50000000000001,True,14.69024976243777,274.3789569431279,3999.9999999999995,4347.927861212107,-4622.306818155235,387.6297762134341,347.927861212107,39.70191500132711,0.6362716810920509,0.9796093927604368,0.8975777470215118,1600,800,676.6989829189998,10.319124704696437,5.911047749393168,constant,1.4450000000000003,1.4450000000000003,0.0005780000000000002,False,False,0.2890000000000001,0.15906008467620528,1443.3862119599557,284822.44665376586,32115.364661660016,252707.08199210587,284822.44665376586,662.008733156562,4347.927861184307,4347.927861212107,-2.7799615054391325e-08,0.9999999999936062,True,True,True,False,0,False,1.3653902897203807e-08,,none,,1.0,
flow_scan,0.5,1.5,4000.0,0.24290169960518143,388.64271936829033,0.24,1.6,160.0,36.0,1014158.8385230821,1521238.2577846318,1521238.2577846318,1014158.8385230821,1014158.8385230821,1521238.2577846318,1521238.2577846318,12.740419848236968,38.514514334415765,18.386189506028813,7.641901923910552,7.740419848236968,21.817181198804633,21.817181198804633,429369.7452047759,446821.0237211862,426056.5819163647,228834.63454739552,228834.63454739552,423516.91832122556,234516.1190711321,1816.3941243404595,1836.9400396275425,1768.4211516621233,1099.8645026221911,1102.5803357994707,1795.7389990701026,1119.238404162436,37.63125396458503,cooling,True,True,3999.999999991306,4000.0,-8.693859854247421e-09,-1273.1786050809114,8005.240483486183,True,,False,False,-1.6370904631912708e-11,26,17.639980227517867,17.670632353953668,26,26,15,14.999999986110458,18.69075869301645,19.61739440556636,17.76412298046654,0.3886427193682903,0.48580339921036286,0.0006,0.019946631723928424,2705.3674692010813,45.08945782001802,0.751490963666967,1.5000000000000087,True,14.666054516583877,306.58228560216196,4000.0,4348.094225678541,-4654.676511280703,387.80381486855543,348.09422567854074,39.7095891900147,0.6362620371716138,0.9796357371816702,0.8976039232531168,1600,800,709.0521549873013,10.314493686339274,5.641333958108678,constant,1.4999999999999998,1.4999999999999998,0.0006,False,True,0.3,0.15858282301514878,1458.0623871456269,306582.285602162,34271.88008391488,272310.4055182471,306582.285602162,694.3861004707173,4348.094225678557,4348.094225678541,1.6370904631912708e-11,1.0000000000000038,True,True,True,False,0,False,1.3889518868381856e-08,,none,,1.0,
flow_scan,0.6,0.4,4800.0,0.4581551620722621,733.0482593156194,0.24,1.6,160.0,9.600000000000003,1173106.1912276489,1759659.2868414747,1759659.2868414747,1173106.1912276489,1173106.1912276489,1759659.2868414747,1759659.2868414747,17.672709086239593,43.781527886821834,22.269135281822912,12.571255216553709,12.672709086239593,27.269135281822912,27.269135281822912,430729.70750867313,448088.2116785463,426427.96335965453,235177.22746436793,235177.22746436793,424622.24709070264,243683.8318436213,1807.5300316564806,1827.6487683624796,1757.409569099671,1120.7262875803085,1123.4697947721659,1786.344867904382,1149.278890774861,43.71992132342038,cooling,True,True,4799.9999999997,4799.999999999999,-2.992237568832934e-10,-2809.7493097921097,3962.377397687628,True,,False,False,2.4556356947869062e-11,26,20.68128744256427,20.727132594738787,26,26,15,14.999999999999986,20.841852460521523,24.747871686955023,16.935833234088022,0.7330482593156193,0.9163103241445242,0.00016000000000000004,0.024545840579022524,2860.808329438122,47.680138823968704,0.7946689803994784,1.500000000000001,True,41.374059617120615,6.111798148187902,4799.999999999999,5226.079076044003,-5232.190874192191,473.8365674062225,426.0790760440037,47.757491362218786,0.6356700195052797,0.9812502495998086,0.8992110473371802,1600,800,521.322425171531,10.13007507266727,9.207353776160026,constant,0.4000000000000001,0.4000000000000001,0.00016000000000000004,True,False,0.08000000000000002,0.2233042563235414,944.1795552294698,22919.24305570463,3554.9475521848244,19364.295503519803,22919.24305570463,479.94836555441043,5226.079076043979,5226.079076044003,-2.4556356947869062e-11,0.9999999999999953,True,True,True,False,0,False,0.0,,none,,1.0,
flow_scan,0.6,0.455,4800.0,0.42610284006582333,681.7645441053174,0.24,1.6,160.0,10.92,1147006.5635927287,1720509.8453890933,1720509.8453890933,1147006.5635927287,1147006.5635927287,1720509.8453890933,1720509.8453890933,16.898817823901936,42.960052981051945,21.41372779910472,11.797607426032357,11.898817823901936,26.41372779910472,26.41372779910472,430528.5050488272,447911.27540029987,426396.45135052426,233765.99888426912,233765.99888426912,424463.0976413179,242227.48101334745,1808.9167897338216,1829.1274220607213,1759.1706848588874,1116.0656165597732,1118.7536954672446,1787.820895556914,1144.5485907871257,42.7119473570597,cooling,True,True,4800.00000000304,4799.999999999999,3.041350282728672e-09,-2694.1791140951673,4471.192531179907,True,,False,False,-2.091837814077735e-11,26,20.281203069679123,20.324820429097443,26,26,15,14.999999999999998,20.468847732418993,23.903236122396095,17.03445934244189,0.6817645441053174,0.8522056801316467,0.000182,0.024394891555130034,2908.9351046108522,48.482251743514205,0.8080375290585701,1.5000000000000002,True,36.6096799307607,8.940529709775802,4799.999999999999,5224.050797651905,-5232.99132736168,471.3378195845333,424.0507976519051,47.28702193262819,0.6354991873206213,0.9817151449382354,0.899674882923017,1600,800,516.8880292250698,10.183778599033323,9.286343905461049,constant,0.455,0.455,0.000182,False,False,0.091,0.20901420966719725,1003.1847529263478,29474.273768491654,4418.690789640489,25055.582978851166,29474.273768491654,480.2783492943091,5224.050797651926,5224.050797651905,2.091837814077735e-11,1.000000000000004,True,True,True,False,0,False,0.0,,none,,1.0,
flow_scan,0.6,0.51,4800.0,0.4044457071121087,647.113131379374,0.24,1.6,160.0,12.240000000000002,1127565.6633229507,1691348.494984426,1691348.494984426,1127565.6633229507,1127565.6633229507,1691348.494984426,1691348.494984426,16.31371861591208,42.33928849467071,20.766986121806156,11.212696014112112,11.31371861591208,25.766986121806156,25.766986121806156,430373.2960132687,447773.7805485761,426365.7231675713,232702.7348231284,232702.7348231284,424339.13400726503,241130.99543723505,1809.9659198469706,1830.2455754981263,1760.4930452272554,1112.5437958606362,1115.1905932070097,1788.9359243076228,1140.976873009313,41.96328311663636,cooling,True,True,4799.999999993385,4800.0,-6.614754965994507e-09,-2606.802458923669,4855.881370695051,True,,False,False,5.3660187404602766e-11,26,19.974974710044137,20.017078919375116,26,26,15,14.999999999999948,20.200637357930617,23.265860960099133,17.1354137557621,0.647113131379374,0.8088914142242174,0.00020400000000000003,0.024282826795755674,2946.183292959471,49.10305488265785,0.8183842480442975,1.5,True,33.54346165572673,12.525655327301974,4800.0,5222.532952133095,-5235.058607460397,469.4686508055435,422.5329521330945,46.93569867244901,0.6353706949624189,0.9820645285929412,0.9000237852050104,1600,800,515.5377677885722,10.224324865491788,9.310666065436614,constant,0.51,0.51,0.00020400000000000003,False,False,0.10200000000000001,0.19868497176017572,1056.3160912985245,36840.162727358744,5361.079849449373,31479.082877909368,36840.162727358744,481.9943061328455,5222.532952133041,5222.532952133095,-5.3660187404602766e-11,0.9999999999999897,True,True,True,False,0,False,0.0,,none,,1.0,
flow_scan,0.6,0.5650000000000001,4800.0,0.38889484725118567,622.2317556018971,0.24,1.6,160.0,13.560000000000002,1112579.8997687933,1668869.849653189,1668869.849653189,1112579.8997687933,1112579.8997687933,1668869.849653189,1668869.849653189,15.857503703823738,41.855450242564814,20.262702085219132,10.756629668581581,10.857503703823738,25.262702085219132,25.262702085219132,430250.45493218,447664.37560395995,426337.73170491465,231875.85894914,231875.85894914,424240.33730115293,240278.73005319445,1810.784452533558,1831.1176546156596,1761.5189439563144,1109.7987839179718,1112.4137611173678,1789.8049146334404,1138.1945406372251,41.3874199373451,cooling,True,True,4799.999999999064,4799.999999999999,-9.349605534225702e-10,-2538.6729306089924,5155.831845254253,True,,False,False,4.729372449219227e-11,26,19.734050139796523,19.775064055957888,26,26,15,14.99999999999999,20.00130000340559,22.769859604706994,17.232740402104184,0.6222317556018971,0.7777896945023713,0.00022600000000000005,0.0241966466331726,2975.7532831624717,49.59588805270786,0.8265981342117977,1.4999999999999993,True,31.41850828153999,16.955616960425107,4799.999999999999,5221.3584849931585,-5238.314101953583,468.02282565923633,421.35848499315915,46.66434066607718,0.6352709169759344,0.9823356636788895,0.9002947332742846,1600,800,516.3969509012014,10.255910047205349,9.295174945597905,constant,0.5650000000000001,0.5650000000000001,0.00022600000000000005,False,False,0.11300000000000002,0.19095074888847954,1104.5175142155485,45014.912284314436,6380.1170836200035,38634.79520069443,45014.912284314436,484.97844261966145,5221.358484993111,5221.3584849931585,-4.729372449219227e-11,0.9999999999999909,True,True,True,False,0,False,0.0,,none,,1.0,
flow_scan,0.6,0.6200000000000001,4800.0,0.3772406270809824,603.5850033295719,0.24,1.6,160.0,14.880000000000004,1100728.8049854608,1651093.207477047,1651093.207477047,1100728.8049854608,1100728.8049854608,1651093.207477047,1651093.207477047,15.493434864658525,41.469454217675036,19.860270945082675,10.392680693276532,10.493434864658525,24.860270945082675,24.860270945082675,430151.2924411933,447575.69988821173,426312.90293900174,231217.3472193249,231217.3472193249,424160.1670367388,239600.27106899317,1811.438022499083,1831.8137837825673,1762.3345108354772,1107.6088136840747,1110.1986265518121,1790.4981820703283,1135.9757591229372,40.93276699581106,cooling,True,True,4799.999999994029,4800.0,-5.970832717139274e-09,-2484.304172312916,5395.1984643328415,True,,False,False,0.049664594024761755,26,19.54047406659157,19.58066888267204,26,26,15,14.999999999999982,19.84983449725823,22.37493036354158,17.324738630974878,0.6035850033295719,0.7544812541619648,0.00024800000000000007,0.0241286121111539,2999.6877376221346,49.99479562703558,0.8332465937839263,1.4999999999989606,True,29.868309094969625,22.31867439020051,4800.0,5220.42676855581,-5242.74544294601,466.87616218058497,420.426768555809,46.44939362477595,0.6351915562157724,0.9825512105821245,0.9005102479256382,1600,800,519.0631456657551,10.281098905502457,9.247429797473824,constant,0.6200000000000001,0.6200000000000001,0.00024800000000000007,False,False,0.12400000000000003,0.1850112522164731,1148.5260941737092,53996.79287951734,7474.072932311012,46522.71994720633,53996.79287951734,489.19483657078547,5220.377103961785,5220.42676855581,-0.049664594024761755,0.9999904864877477,True,True,True,False,0,False,0.0,,none,,1.0,
flow_scan,0.6,0.675,4800.0,0.36822582572908685,589.161321166539,0.24,1.6,160.0,16.200000000000003,1091168.661004763,1636752.9915050238,1636752.9915050238,1091168.661004763,1091168.661004763,1636752.9915050238,1636752.9915050238,15.197590418372386,41.15586799159496,19.533252205423196,10.096934482421204,10.197590418372386,24.533252205423196,24.533252205423196,430069.9780383167,447502.75355305884,426291.120592073,230683.11304105245,230683.11304105245,424094.1601601274,239050.0284461108,1811.9693801692754,1832.379612600086,1762.995271802243,1105.8296054144269,1108.3991178746296,1791.0614327574142,1134.173760823175,40.56648428826996,cooling,True,True,4799.999999998131,4799.999999999999,-1.8681021174415946e-09,-2440.1238045828745,5589.709164680243,True,,False,False,2.091837814077735e-11,26,19.382333765041892,19.421893842558955,26,26,15,15.000000000000032,19.732748276555668,22.05458655688352,17.410909996227815,0.589161321166539,0.7364516514581737,0.00027000000000000006,0.024073802454669512,3019.3604333699286,50.32267388949881,0.8387112314916468,1.4999999999980564,True,28.694159744524363,28.70292840576525,4799.999999999999,5219.6731939785,-5248.376122384266,465.9489588900436,419.67319397850156,46.27576491154207,0.635127242971764,0.9827258185636266,0.9006849054416228,1600,800,523.3460470403332,10.301557517017054,9.17175170643846,constant,0.6750000000000002,0.6750000000000002,0.00027000000000000006,False,False,0.13500000000000004,0.1803509567986379,1188.9284042404468,63784.285346144985,8641.428228699913,55142.85711744507,63784.285346144985,494.6518872958089,5219.6731939784795,5219.6731939785,-2.091837814077735e-11,0.999999999999996,True,True,True,False,0,False,0.0,,none,,1.0,
flow_scan,0.6,0.7300000000000001,4800.0,0.361072050235407,577.7152803766512,0.24,1.6,160.0,17.520000000000003,1083323.24262706,1624984.86394221,1624984.86394221,1083323.24262706,1083323.24262706,1624984.86394221,1624984.86394221,14.953349430709295,40.89703148703518,19.26327429382627,9.85277514789749,9.953349430709295,24.26327429382627,24.26327429382627,430002.3542526516,447441.9347031779,426272.0642094851,230242.65199785065,230242.65199785065,424039.0901444915,238596.48455021024,1812.408245572599,1832.8468601162604,1763.5394805555982,1104.3609814430993,1106.913833930551,1791.5263847332842,1132.68673567228,40.26621718948866,cooling,True,True,4800.0000000032205,4800.0,3.220520738977939e-09,-2403.6497156311875,5750.291816003495,True,,False,False,-2.7284841053187847e-12,26,19.251220602146248,19.290276283125984,26,26,15,14.999999999999995,19.64107610521333,21.790793099727807,17.491359110698852,0.5777152803766512,0.722144100470814,0.00029200000000000005,0.024028870416904307,3035.754356018392,50.59590593363987,0.8432650988939978,1.5000000000014955,True,27.777951782283953,36.19633922709697,4800.0,5219.053418770873,-5255.24975799797,465.1865374872015,419.05341877087324,46.13311871632828,0.6350742681643909,0.982869596590301,0.9008287751285203,1600,800,529.1608284965824,10.318441341678037,9.070966219546994,constant,0.7300000000000001,0.7300000000000001,0.00029200000000000005,False,False,0.14600000000000002,0.17662628110681425,1226.1980435484804,74376.03950773348,9880.832796322842,64495.20671141064,74376.03950773348,501.3828767142985,5219.053418770875,5219.053418770873,2.7284841053187847e-12,1.0000000000000004,True,True,True,False,0,False,0.0,,none,,1.0,
flow_scan,0.6,0.7850000000000001,4800.0,0.3552839538625905,568.4543261801448,0.24,1.6,160.0,18.840000000000007,1076799.699893603,1615199.549841606,1615199.549841606,1076799.699893603,1076799.699893603,1615199.549841606,1615199.549841606,14.749245586623772,40.68076646252126,19.037662947771594,9.648739916171337,9.749245586623772,24.037662947771594,24.037662947771594,429945.5033453343,447390.69877659675,426255.40142430604,229874.9792578982,229874.9792578982,423992.67260817235,238217.97003371717,1812.7751307522265,1833.237410227109,1763.9933776755388,1103.1338632441302,1105.6728621778427,1791.914902644817,1131.444523427053,40.01675947949328,cooling,True,True,4800.000000007285,4800.0,7.285052561201155e-09,-2373.169566349995,5884.485248244822,True,,False,False,9.094947017729282e-12,26,19.14127309359418,19.179920229194757,26,26,15,14.99999999999999,19.568688873354148,21.57089818155316,17.566479565155134,0.5684543261801448,0.710567907725181,0.0003140000000000001,0.023991540092643898,3049.5611234325274,50.82601872387546,0.8471003120645909,1.5000000000011158,True,27.04674692759601,44.88674145491603,4800.0,5218.537105613141,-5263.423847068057,464.5515004949582,418.53710561314074,46.01439488181745,0.6350300834048446,0.9829894855697776,0.9009487756840926,1600,800,536.4849888774702,10.33254654195675,8.947128250584267,constant,0.7850000000000003,0.7850000000000003,0.0003140000000000001,False,False,0.15700000000000006,0.1736014049447721,1260.7241567882293,85770.8435444255,11191.074815322418,74579.76872910309,85770.8435444255,509.4382419498742,5218.537105613132,5218.537105613141,-9.094947017729282e-12,0.9999999999999982,True,True,True,False,0,False,0.0,,none,,1.0,
flow_scan,0.6,0.8400000000000001,4800.0,0.3505267078655834,560.8427325849334,0.24,1.6,160.0,20.160000000000004,1071315.5435347816,1606973.3153030896,1606973.3153030896,1071315.5435347816,1071315.5435347816,1606973.3153030896,1606973.3153030896,14.576940478117763,40.49822021096168,18.84720121197529,9.476492994725788,9.576940478117763,23.84720121197529,23.84720121197529,429897.2697467073,447347.1546447743,426240.8154705216,229564.8747938531,229564.8747938531,423953.2066177969,237898.77671031983,1813.0849604078041,1833.5671802536642,1764.3759475946258,1102.0980361598713,1104.6253882794524,1792.2428775430647,1130.396152437584,39.807199451053215,cooling,True,True,4800.000000005546,4800.000000000001,5.5451891967095435e-09,-2347.4381282543245,5997.771766716501,True,,False,False,0.03257442085669027,26,19.04818845728255,19.086499519892705,26,26,15,15.000000000000002,19.511291611168446,21.38579542006522,17.63678780227167,0.5608427325849334,0.7010534157311668,0.0003360000000000001,0.023960178787507745,3061.2932245747365,51.021553742912275,0.8503592290485379,1.5000000000008562,True,26.45254397346352,54.86185641702972,4800.000000000001,5218.102361979118,-5272.964218396148,464.0168689458804,418.1023619791164,45.91450696676401,0.6349928429094663,0.9830905096137972,0.9010499185706993,1600,800,545.3312693363737,10.344451508636507,8.801989304301646,constant,0.8400000000000002,0.8400000000000002,0.0003360000000000001,False,False,0.16800000000000004,0.1711102683166176,1292.829818569641,97967.6007446959,12571.057574173554,85396.54317052235,97967.6007446959,518.8787253629101,5218.069787558261,5218.102361979118,-0.03257442085669027,0.9999937574201123,True,True,True,False,0,False,0.0,,none,,1.0,
flow_scan,0.6,0.895,4800.0,0.3465712194882599,554.5139511812159,0.24,1.6,160.0,21.48,1066668.7697509108,1600003.1546270845,1600003.1546270845,1066668.7697509108,1066668.7697509108,1600003.1546270845,1600003.1546270845,14.430424838224383,40.343014516697735,18.685246618736812,9.330027021197623,9.430424838224383,23.685246618736812,23.685246618736812,429856.0833246494,447309.9193215529,426228.04105353187,229301.38985172592,229301.38985172592,423919.4467564038,237627.60875743776,1813.3484945248808,1833.8476430606813,1764.7008237949403,1101.2173215519315,1103.7348047931987,1792.5217573282478,1129.5049131060266,39.629745588283626,cooling,True,True,4800.000000007901,4800.0,7.900780474301428e-09,-2325.5579985782338,6094.102321794575,True,,False,False,1.5234036254696548e-09,26,18.96884600697649,19.006877441259416,26,26,15,14.999999999999982,19.465810698206724,21.22878450963134,17.70283688678211,0.5545139511812159,0.6931424389765198,0.00035800000000000003,0.023933620883562316,3071.324726051441,51.18874543419068,0.8531457572365113,1.5000000000006735,True,25.963146979780795,66.20930251663371,4800.0,5217.733493713762,-5283.942796230396,463.5633066060314,417.7334937137622,45.82981289226922,0.634961220162351,0.9831762778539206,0.9011358055325578,1600,800,555.735756102446,10.35457278778835,8.637198429814823,constant,0.895,0.895,0.00035800000000000003,False,False,0.17900000000000002,0.16903327194960108,1322.78673395995,110965.31148039168,14019.781444723283,96945.5300356684,110965.31148039168,529.7726091226651,5217.733493712239,5217.733493713762,-1.5234036254696548e-09,0.999999999999708,True,True,True,False,0,False,0.0,,none,,1.0,
flow_scan,0.6,0.9500000000000001,4800.0,0.34324887421639677,549.1981987462349,0.24,1.6,160.0,22.8,1062703.154961372,1594054.7324426346,1594054.7324426346,1062703.154961372,1062703.154961372,1594054.7324426346,1594054.7324426346,14.305006367348426,40.210170626097806,18.546612408114072,9.204651201395393,9.305006367348426,23.546612408114072,23.546612408114072,429820.70219863235,447277.8937603948,426216.83618939255,229075.994083857,229075.994083857,423890.4019607187,237395.6692048398,1813.5741400955803,1834.0877598794852,1764.9786083253348,1100.4634779971568,1102.9725386685425,1792.7604781976831,1128.74216297054,39.478382462061,cooling,True,True,4799.999999992585,4800.0,-7.415110303554684e-09,-2306.828445825096,6176.561989071841,True,,False,False,5.791662260890007e-09,26,18.90079066005069,18.938587090491602,26,26,15,14.999999999999991,19.4300055809222,21.094839151293115,17.765172010551282,0.5491981987462349,0.6864977484327935,0.00038,0.02391096654590571,3079.952431089881,51.332540518164684,0.8555423419694114,1.5000000000005427,True,25.555362214097478,79.01660401652948,4800.0,5217.418323418769,-5296.434927435299,463.17581459970415,417.41832341877,45.75749118093415,0.6349341830673547,0.9832495968935803,0.9012092390435376,1600,800,567.7477808303312,10.363235403705955,8.45445840929576,constant,0.95,0.95,0.00038,False,False,0.19,0.1672825453957708,1350.8246811835038,124763.05897346759,15536.329648926243,109226.72932454135,124763.05897346759,542.1924186162337,5217.418323412978,5217.418323418769,-5.791662260890007e-09,0.9999999999988899,True,True,True,False,0,False,0.0,,none,,1.0,
flow_scan,0.6,1.0050000000000001,4800.0,0.340439079244834,544.7025267917345,0.24,1.6,160.0,24.120000000000005,1059303.6594792884,1588955.4892194069,1588955.4892194069,1059303.6594792884,1059303.6594792884,1588955.4892194069,1588955.4892194069,14.197211693399368,40.096003775860254,18.427459179703135,9.096893284898044,9.197211693399368,23.427459179703135,23.427459179703135,429790.2007679104,447250.25677914685,426207.00781112106,228882.3806387295,228882.3806387295,423865.3311944125,237196.45560289515,1813.7681220941006,1834.2941649939112,1765.2171314497477,1099.815603878515,1102.3174440862995,1792.9656536683876,1128.086709000468,39.3486846526303,cooling,True,True,4800.000000002202,4799.999999999999,2.202796167694032e-09,-2290.730768839119,6247.43442824304,True,,False,False,0.006741127986970241,26,18.84219773131116,18.879795318059344,26,26,15,15.000000000000028,19.40221784123898,20.980125919900274,17.824309762577684,0.5447025267917345,0.680878158489668,0.00040200000000000007,0.023891553832566928,3087.3978918646744,51.4566315310779,0.857610525517965,1.5000000000004476,True,25.212825056764952,93.37119857790476,4799.999999999999,5217.147868112089,-5310.519066689993,462.8433303538577,417.1478681120894,45.695462241768325,0.6349109690910021,0.9833125397128568,0.9012722896820555,1600,800,581.4273539885274,10.370679850415591,8.255545541627049,constant,1.0050000000000001,1.0050000000000001,0.00040200000000000007,False,False,0.20100000000000004,0.16579237494322077,1377.1404409544937,139359.99787746978,17119.85684032862,122240.14103714116,139359.99787746978,556.2145289317625,5217.141126984102,5217.147868112089,-0.006741127986970241,0.9999987078901811,True,True,True,False,0,False,0.0,,none,,1.0,
flow_scan,0.6,1.06,4800.0,0.33804090754388205,540.8654520702113,0.24,1.6,160.0,25.440000000000005,1056368.416658228,1584552.6249877398,1584552.6249877398,1056368.416658228,1056368.416658228,1584552.6249877398,1584552.6249877398,14.103928464371108,39.997424493385324,18.442564785875675,9.003741377991048,9.103928464371108,23.32434659498591,23.32434659498591,429763.736952484,447226.5043712976,426198.3553628766,228908.3931015681,228908.3931015681,423843.55561429897,237024.15989756284,1813.9360236239163,1834.473595638417,1765.4233765986862,1099.9186384714114,1102.4361319823531,1793.1432087652481,1127.5195775884374,39.236741393385586,cooling,True,True,4800.000000001955,4800.000000000001,1.9545041141100228e-09,-2276.800179932517,6308.76593686769,True,,False,False,8.849383448250592e-10,26,18.79141796336421,18.82884576833399,26,26,15,14.999999645222843,19.381537351300636,20.882126155374067,17.880948547227206,0.5408654520702113,0.6760818150877641,0.00042400000000000006,0.02389779583640444,3096.7671397624317,51.612785662707196,0.8602130943784533,1.5000000000003766,True,24.922164018107242,109.36044379260191,4800.000000000001,5217.321650513423,-5326.682094306025,462.99560525970986,417.3216505134228,45.67395474628705,0.6348819114314349,0.9833913158716877,0.9013512132136395,1600,800,597.2782130704189,10.367269031220111,8.036455867567502,constant,1.06,1.06,0.00042400000000000006,False,False,0.21200000000000002,0.16451282913096893,1402.341112084158,154755.34498953097,18769.57981606321,135985.76517346778,154755.34498953097,572.3560490523117,5217.321650512538,5217.321650513423,-8.849383448250592e-10,0.9999999999998304,True,True,True,False,0,False,3.5477711435305537e-07,,none,,1.0,
flow_scan,0.6,1.1150000000000002,4800.0,0.335992358966405,537.587774346248,0.24,1.6,160.0,26.760000000000005,1053836.0569015604,1580754.0853526776,1580754.0853526776,1053836.0569015604,1053836.0569015604,1580754.0853526776,1580754.0853526776,14.023292213547961,39.91230035860457,18.50343824867099,8.923258708768742,9.023292213547961,23.235213696254846,23.235213696254846,429740.8098721249,447206.0090056888,426190.7663068774,229009.18882130503,229009.18882130503,423824.67271011043,236875.29758697827,1814.0811872907468,1834.629033236058,1765.6015355674263,1100.2762029864853,1102.8164614706868,1793.296692619147,1127.0293983147926,39.14019461066392,cooling,True,True,4800.000000003332,4799.999999999999,3.333298081997782e-09,-2264.7582462120736,6361.782357550569,True,,False,False,-9.185896487906575e-11,26,18.747467170783978,18.784749897045394,26,26,15,14.999999328855438,19.366771234595802,20.79816775436467,17.935374714826935,0.537587774346248,0.67198471793281,0.0004460000000000001,0.023912525464957844,3106.0736726388764,51.76789454398127,0.8627982423996878,1.5000000000003197,True,24.67511561395693,127.07162289132056,4799.999999999999,5217.637019031904,-5344.708641923225,463.3054286405924,417.6370190319051,45.66840960868734,0.6348532172603475,0.9834690942416606,0.901429150651903,1600,800,615.0521671458699,10.360336191362832,7.804216059060887,constant,1.1150000000000002,1.1150000000000002,0.0004460000000000001,False,False,0.22300000000000006,0.1634054238799082,1426.287300362892,170948.37160267335,20484.76986915206,150463.6017335213,170948.37160267335,590.377051531913,5217.637019031996,5217.637019031904,9.185896487906575e-11,1.0000000000000175,True,True,True,False,0,False,6.711445621476742e-07,,none,,1.0,
flow_scan,0.6,1.1700000000000002,4800.0,0.3342445136299375,534.7912218079001,0.24,1.6,160.0,28.080000000000005,1051656.915603177,1577485.373405059,1577485.373405059,1051656.915603177,1051656.915603177,1577485.373405059,1577485.373405059,13.953786488835988,39.83894187582678,18.562731043078088,8.853890952527593,8.953786488835988,23.158384214996772,23.158384214996772,429721.0095271436,447188.3097955086,426184.1434218747,229107.28754868117,229107.28754868117,423808.35204705794,236747.03839553226,1814.206332783542,1834.763071015884,1765.7550108388386,1100.6227872821228,1103.184317733431,1793.4289916046514,1126.6069265970589,39.05713764685429,cooling,True,True,4799.999999991877,4800.000000000001,-8.123606676235795e-09,-2254.378506062592,6407.480721544202,True,,False,False,7.639755494892597e-11,26,18.70954192396499,18.746700832061187,26,26,15,14.999999174505742,19.357069105277134,20.726235323687433,17.987902886866834,0.5347912218079001,0.668489027259875,0.0004680000000000001,0.023926578664022397,3114.291919765299,51.90486532942165,0.8650810888236943,1.5000000000002793,True,24.465233460122274,146.5919497693271,4800.000000000001,5217.932733919136,-5364.524683688463,463.5982778068497,417.932733919135,45.665543887714705,0.6348280173740745,0.9835373908833567,0.9014975980848219,1600,800,634.655461036299,10.353791698078393,7.563158744686931,constant,1.1700000000000002,1.1700000000000002,0.0004680000000000001,False,False,0.23400000000000004,0.1624401112001453,1448.9367279771955,187938.3971401629,22264.7464228613,165673.6507173016,187938.3971401629,610.1902275761768,5217.9327339190595,5217.932733919136,-7.639755494892597e-11,0.9999999999999853,True,True,True,False,0,False,8.254942827079503e-07,,none,,1.0,
flow_scan,0.6,1.225,4800.0,0.33275560553970546,532.4089688635287,0.24,1.6,160.0,29.400000000000006,1049787.001867148,1574680.5028009794,1574680.5028009794,1049787.001867148,1049787.001867148,1574680.5028009794,1574680.5028009794,13.894057431069143,39.775917245627795,18.62080853089242,8.794286331008209,8.894057431069143,23.092361612793866,23.092361612793866,429703.9662496382,447173.0801591676,426178.39206911734,229203.30179796164,229203.30179796164,423794.2943835808,236636.86079467912,1814.313889794038,1834.8783102632376,1765.886830897767,1100.9607031565004,1103.5421778702196,1793.5426824591468,1126.2439136845505,38.985883892426365,cooling,True,True,4800.000000001841,4800.000000000001,1.8399077816866338e-09,-2245.4587789241086,6446.75115911085,True,,False,False,-8.822098607197404e-10,26,18.676920919734698,18.71397432744989,26,26,15,14.999999146095746,19.351880822750275,20.6648629664179,18.03889867908265,0.5324089688635287,0.6655112110794109,0.0004900000000000001,0.02394007028917786,3121.5525821336964,52.02587636889494,0.8670979394815823,1.5000000000002451,True,24.287100423685594,168.0085734411045,4800.000000000001,5218.21181488379,-5386.220388324894,463.8768858995982,418.21181488378863,45.66507101580959,0.6348058612758016,0.9835974304421066,0.9015577787902685,1600,800,656.1725597643883,10.347573129649136,7.315148932353305,constant,1.225,1.225,0.0004900000000000001,False,False,0.24500000000000005,0.16159315300531016,1470.4026169190101,205724.783805434,24108.871680625234,181615.91212480876,205724.783805434,631.8854593407027,5218.211814884672,5218.21181488379,8.822098607197404e-10,1.000000000000169,True,True,True,False,0,False,8.53904282394069e-07,,none,,1.0,
flow_scan,0.6,1.2800000000000002,4800.0,0.3314925809920623,530.3881295872998,0.24,1.6,160.0,30.720000000000006,1048190.858420296,1572286.287630675,1572286.287630675,1048190.858420296,1048190.858420296,1572286.287630675,1572286.287630675,13.843009829609741,39.72206840056924,18.678002947702055,8.743351344356938,8.843009829609741,23.035935258015797,23.035935258015797,429689.3796468491,447160.0543255681,426173.43276759883,229297.7875316286,229297.7875316286,423782.25607160263,236542.72694985478,1814.4058243979118,1834.976855828899,1765.9994421825527,1101.292026720809,1103.8922640746914,1793.6398495511187,1125.9336884621891,38.92507476490191,cooling,True,True,4799.999999997469,4800.000000000002,-2.532942744437605e-09,-2237.8355098970087,6480.313745245454,True,,False,False,-4.155481292400509e-09,26,18.649019153086385,18.685983047753993,26,26,15,14.999999215189025,19.350780381302116,20.61286619682852,18.08869456577571,0.5303881295872998,0.6629851619841246,0.0005120000000000001,0.02395310077301104,3127.962967622139,52.13271612703565,0.8688786021172609,1.5000000000002203,True,24.13646533699273,191.40858201277064,4800.000000000002,5218.476831151849,-5409.885413164619,464.1436015651918,418.47683115184753,45.66677041334424,0.634786383084946,0.9836502072492155,0.9016106863062507,1600,800,679.6886489149551,10.341626996070554,7.062057028115227,constant,1.2800000000000002,1.2800000000000002,0.0005120000000000001,False,False,0.25600000000000006,0.16084559408691862,1490.784927482633,224306.93204621554,26016.546090172757,198290.3859560428,224306.93204621554,655.5521835779624,5218.476831156005,5218.476831151849,4.155481292400509e-09,1.0000000000007963,True,True,True,False,0,False,7.848109930819192e-07,,none,,1.0,
flow_scan,0.6,1.3350000000000002,4800.0,0.3304290328110711,528.6864524977138,0.24,1.6,160.0,32.040000000000006,1046839.6798392421,1570259.5197590732,1570259.5197590732,1046839.6798392421,1046839.6798392421,1570259.5197590732,1570259.5197590732,13.799750927129594,39.676451499589064,18.734616882708792,8.700194654121503,8.799750927129594,22.988118308667538,22.988118308667538,429677.0038402372,447149.01447153237,426169.1985347053,229391.25039881576,229391.25039881576,423772.03731770697,236462.97720562655,1814.4837396779133,1835.0604239199465,1766.0948363204702,1101.6186288794615,1104.2365764616593,1793.7221918943612,1125.6708142935358,38.87360718765389,cooling,True,True,4799.999999991961,4800.0,-8.039023668970913e-09,-2231.375377745929,6508.755446698033,True,,False,False,-1.282114681089297e-08,26,18.62535863439973,18.662247140414348,26,26,15,14.999999359187207,19.353437013757457,20.569280666337647,18.137593361177267,0.5286864524977138,0.6608580656221422,0.0005340000000000001,0.02396575851014725,3133.6118399583215,52.22686399930536,0.870447733321756,1.5000000000002005,True,24.009957920909343,216.87900624389258,4800.0,5218.729987476346,-5435.608993720239,464.4004594217714,418.72998747634506,45.67047194542636,0.6347692831147969,0.983696535529721,0.9016571344432109,1600,800,705.2894235865733,10.335907087552233,6.805716688038221,constant,1.3350000000000002,1.3350000000000002,0.0005340000000000001,False,False,0.267,0.16018214921639065,1510.1723254091462,243684.27667853097,27987.20446752738,215697.0722110036,243684.27667853097,681.279465665664,5218.729987489167,5218.729987476346,1.282114681089297e-08,1.0000000000024567,True,True,True,False,0,False,6.408128001567093e-07,,none,,1.0,
flow_scan,0.6,1.3900000000000001,4800.0,0.32954369681451684,527.2699149032269,0.24,1.6,160.0,33.36,1045709.9054462602,1568564.8581695845,1568564.8581695845,1045709.9054462602,1045709.9054462602,1568564.8581695845,1568564.8581695845,13.763548172176002,39.638292200558,18.790926625090265,8.664084895019812,8.763548172176002,22.948101012736004,22.948101012736004,429666.6362884809,447139.7809553525,426165.63271209033,229484.15161713434,229484.15161713434,423763.4732644415,236396.25087697225,1814.5489513991013,1835.130423152147,1766.174645566181,1101.9422023055356,1104.5769221920525,1793.7911035881755,1125.4508311456532,38.83057941328432,cooling,True,True,4799.999999991476,4800.000000000001,-8.524693839717656e-09,-2225.9689858167635,6532.557898658607,True,,False,False,-2.9363036446738988e-08,26,18.605546283183457,18.64237202401544,26,26,15,14.999999560000258,19.35959384408389,20.533316121028918,18.18587156713886,0.5272699149032269,0.6590873936290337,0.000556,0.023978121801617625,3138.573117854398,52.309551964239965,0.871825866070666,1.5000000000001856,True,23.904883682103964,244.5068227570489,4800.000000000001,5218.973191079533,-5463.480013836582,464.6492355712377,418.97319107953217,45.67604449170551,0.6347543140463318,0.9837370870674601,0.9016977948203195,1600,800,733.0609420103906,10.330373177304171,6.547886710259301,constant,1.39,1.39,0.000556,False,False,0.27799999999999997,0.15959038096754102,1528.6437991386322,263856.2835507722,30020.312661080978,233835.9708896912,263856.2835507722,709.1560583282866,5218.973191108896,5218.973191079533,2.9363036446738988e-08,1.0000000000056262,True,True,True,False,0,False,4.399997237669595e-07,,none,,1.0,
flow_scan,0.6,1.4450000000000003,4800.0,0.32881934061783813,526.1109449885411,0.24,1.6,160.0,34.68000000000001,1044782.1535761401,1567173.23036439,1567173.23036439,1044782.1535761401,1044782.1535761401,1567173.23036439,1567173.23036439,13.733797063205316,39.60695162279387,18.847185252604163,8.634418564344514,8.733797063205316,22.915215163422204,22.915215163422204,429658.10922518105,447132.20481666183,426162.687190414,229576.91333505797,229576.91333505797,423756.42713747534,236341.42604160012,1814.6025456274522,1835.1880162535203,1766.2402152951895,1102.2642849884385,1104.9149409353347,1793.84773503536,1125.2700593862537,38.7952500258382,cooling,True,True,4799.999999996385,4800.000000000001,-3.6161509342491627e-09,-2221.5260599778576,6552.118546541796,True,,False,False,6.8130248109810054e-09,26,18.589257039481254,18.626031421650552,26,26,15,14.999999803053422,19.36905191875624,20.504321374625533,18.23378246288695,0.526110944988541,0.6576386812356763,0.0005780000000000002,0.023990260447243512,3142.9087290081425,52.38181215013571,0.8730302025022618,1.500000000000172,True,23.81907392455941,274.3789569431279,4800.000000000001,5219.208104319655,-5493.587061262783,464.89149175346625,419.2081043196537,45.68338743381253,0.6347412704182983,0.9837724198246497,0.9017332253995335,1600,800,763.0895226211536,10.32498999260124,6.290218719701945,constant,1.4450000000000003,1.4450000000000003,0.0005780000000000002,False,False,0.2890000000000001,0.15906008467620528,1546.2699993681722,284822.44665376586,32115.364661660016,252707.08199210587,284822.44665376586,739.2704486965941,5219.208104312842,5219.208104319655,-6.8130248109810054e-09,0.9999999999986946,True,True,True,False,0,False,1.969465870388376e-07,,none,,1.0,
flow_scan,0.6,1.5,4800.0,0.32824119108349814,525.185905733597,0.24,1.6,160.0,36.0,1044039.4531061472,1566059.1796593908,1566059.1796593908,1044039.4531061472,1044039.4531061472,1566059.1796593908,1566059.1796593908,13.70996584668984,39.58186786685951,18.903625316511466,8.61066479362654,8.70996584668984,22.888872969803344,22.888872969803344,429651.2742646942,447126.1540458876,426160.3179153374,229669.92370027443,229669.92370027443,423750.77767996857,236297.51696755463,1814.6454781338725,1835.234226326845,1766.2927270124105,1102.586286052718,1105.252137155562,1793.8930982123118,1125.125263193851,38.76697030899749,cooling,True,True,4800.000000007146,4800.0,7.145899871829897e-09,-2217.967190030068,6567.787005668699,True,,False,False,0.039156994019322156,26,18.576204084174037,18.61293747022916,26,26,15,14.99999995477243,19.381658032786106,20.48175727462302,18.28155879094919,0.525185905733597,0.6564823821669963,0.0006,0.024002238140969957,3146.6738407861058,52.44456401310176,0.8740760668850294,1.5000000000001628,True,23.75068698871049,306.58228560216196,4800.0,5219.436225993024,-5526.018511595186,465.1286419103738,419.4362259930247,45.69241591734908,0.6347299715350565,0.9838030243465173,0.9017639169033292,1600,800,795.4616145012463,10.319725700583534,6.034232089262529,constant,1.4999999999999998,1.4999999999999998,0.0006,False,True,0.3,0.15858282301514878,1563.1143817671511,306582.285602162,34271.88008391488,272310.4055182471,306582.285602162,771.7109275125358,5219.397068999005,5219.436225993024,-0.039156994019322156,0.9999924978498972,True,True,True,False,0,False,4.522757990343962e-08,,none,,1.0,
flow_scan,0.7,0.4,5600.0,0.6664813167435116,1066.3701067896188,0.24,1.6,160.0,9.600000000000003,1231851.0250759732,1847776.5376139598,1847776.5376139598,1231851.0250759732,1231851.0250759732,1847776.5376139598,1847776.5376139598,19.368354300095632,45.616223981848634,24.143289460314577,14.266387914325037,14.368354300095632,29.143289460314577,29.143289460314577,431153.8968081987,448496.5986319054,426459.2050578821,238289.25188838283,238289.25188838283,424951.2575932468,246899.73944856622,1804.4936046127896,1824.5363725923442,1753.4984567751317,1130.9493183609632,1133.817645536239,1783.1040304308422,1159.6698307423333,46.0010300288618,cooling,True,True,5599.999999996725,5600.000000000001,-3.2759999157860875e-09,-3862.970994458742,2047.5309226963273,True,,False,False,0.0023970204556462704,26,21.734421739004347,21.794381270888433,26,26,15,15.000000000000039,21.821579799834723,26.38267100042043,17.260488599249015,1.0663701067896187,1.3329626334870233,0.00016000000000000004,0.029035907552305503,3206.4142654014004,53.44023775669,0.8906706292781668,1.5,True,78.71696590846771,6.111798148187902,5600.000000000001,6103.561086860348,-6109.672885008536,558.1222729366675,503.56108686034725,54.56118607632027,0.6345541544100023,0.9842790037574304,0.9022415181726469,1600,800,642.9510369933231,10.033643650403926,8.709838973411836,constant,0.4000000000000001,0.4000000000000001,0.00016000000000000004,True,False,0.08000000000000002,0.2233042563235414,977.0912820565197,22919.24305570463,3554.9475521848244,19364.295503519803,22919.24305570463,564.2340710848554,6103.558689839892,6103.561086860348,-0.0023970204556462704,0.9999996072750937,True,True,True,False,0,False,0.0,,none,,1.0,
flow_scan,0.7,0.455,5600.0,0.6046176940673377,967.3883105077404,0.24,1.6,160.0,10.92,1200107.857236812,1800161.785855218,1800161.785855218,1200107.857236812,1200107.857236812,1800161.785855218,1800161.785855218,18.459843053109466,44.65046589160113,23.139154509286925,13.358147567366473,13.459843053109466,28.139154509286925,28.139154509286925,430929.49898164807,448302.43146446283,426449.0523253872,236618.41042236474,236618.41042236474,424778.3878940083,245172.35265250446,1806.1202767594864,1826.2710083681695,1755.6033309262182,1125.4698790603454,1128.2707454541014,1784.8417674270895,1154.0977247218045,44.76626649998093,cooling,True,True,5599.999999994732,5600.000000000001,-5.268702807370573e-09,-3727.297124346931,2644.8555003355204,True,,False,False,3.456079866737127e-11,26,21.29797383709507,21.353810292037284,26,26,15,15.000000000000004,21.38499154461155,25.394710210012477,17.375272879210627,0.9673883105077403,1.2092353881346753,0.000182,0.028819765467432236,3268.7407344432886,54.479012240721474,0.9079835373453579,1.5000000000000002,True,66.49987406342328,8.940529709775802,5600.000000000001,6100.683839636257,-6109.624369346033,554.6380927083891,500.6838396362568,53.9542530721323,0.6343774056160154,0.9847570430998281,0.9027216958563651,1600,800,630.0784964815881,10.096673981864965,8.887781492736027,constant,0.455,0.455,0.000182,False,False,0.091,0.20901420966719725,1040.329311267987,29474.273768491654,4418.690789640489,25055.582978851166,29474.273768491654,563.5786224181649,6100.683839636223,6100.683839636257,-3.456079866737127e-11,0.9999999999999943,True,True,True,False,0,False,0.0,,none,,1.0,
flow_scan,0.7,0.51,5600.0,0.5643135440250716,902.9016704401147,0.24,1.6,160.0,12.240000000000002,1176507.3758634015,1764761.0637951032,1764761.0637951032,1176507.3758634015,1176507.3758634015,1764761.0637951032,1764761.0637951032,17.772602961861026,43.92033740762571,22.37954959240625,12.6711180861804,12.772602961861026,27.37954959240625,27.37954959240625,430755.3357197658,448150.2517190767,426431.2590399765,235359.79896846187,235359.79896846187,424642.38542643085,243872.3287768917,1807.351088073062,1827.5828564997166,1757.1812001103167,1121.328105642174,1124.0788369184525,1786.1542223731633,1149.8900064579316,43.85152197095746,cooling,True,True,5600.00000000414,5600.000000000002,4.1382008930668235e-09,-3624.667109380161,3096.6995458588717,True,,False,False,-5.275069270282984e-11,26,20.962147823376824,21.01526662538007,26,26,15,14.999999999999982,21.07087964837126,24.649018692374227,17.492740604368294,0.9029016704401147,1.1286270880501432,0.00020400000000000003,0.02865981533205431,3317.1966836719785,55.286611394532976,0.9214435232422162,1.5000000000000009,True,59.04605391136989,12.525655327301974,5600.000000000002,6098.535080256849,-6111.060735584151,552.0369069079004,498.5350802568475,53.50182665105291,0.6342444681003494,0.9851162847079016,0.9030828809060425,1600,800,623.6086161465722,10.144249288271379,8.979991384025048,constant,0.51,0.51,0.00020400000000000003,False,False,0.10200000000000001,0.19868497176017572,1097.5064959973004,36840.162727358744,5361.079849449373,31479.082877909368,36840.162727358744,564.5625622352023,6098.535080256902,6098.535080256849,5.275069270282984e-11,1.0000000000000087,True,True,True,False,0,False,0.0,,none,,1.0,
flow_scan,0.7,0.5650000000000001,5600.0,0.5360870194911058,857.7392311857693,0.24,1.6,160.0,13.560000000000002,1158336.824810595,1737505.2372158922,1737505.2372158922,1158336.824810595,1158336.824810595,1737505.2372158922,1737505.2372158922,17.236385462772944,43.35090637409519,21.786855044782214,12.135068160930189,12.236385462772944,26.786855044782214,26.786855044782214,430616.8450237182,448028.38752901397,426411.4904082419,234380.88088466594,234380.88088466594,424533.1974593578,242861.87651522213,1808.3117835179337,1828.606401052192,1758.404230199464,1118.0982180141787,1120.8103578645678,1787.1772499011333,1146.6110464879819,43.149116031921956,cooling,True,True,5599.999999999466,5600.0,-5.338733899407089e-10,-3544.59027646885,3449.2498221796795,True,,False,False,5.820766091346741e-11,26,20.696890406410148,20.748091368845277,26,26,15,14.999999999999986,20.83720215553211,24.06849043286627,17.605913878197953,0.8577392311857693,1.0721740389822116,0.00022600000000000005,0.028537072827444897,3355.8081173965543,55.93013528994257,0.9321689214990428,1.4999999999999998,True,54.06740791916992,16.955616960425107,5600.0,6096.874456511778,-6113.8300734722025,550.0272055696125,496.87445651177785,53.15274905783468,0.6341412204796003,0.9853951142652443,0.9033634181734896,1600,800,621.0502304492076,10.181314566432393,9.016984014239078,constant,0.5650000000000001,0.5650000000000001,0.00022600000000000005,False,False,0.11300000000000002,0.19095074888847954,1149.5710913746818,45014.912284314436,6380.1170836200035,38634.79520069443,45014.912284314436,566.9828225300377,6096.8744565117195,6096.874456511778,-5.820766091346741e-11,0.9999999999999905,True,True,True,False,0,False,0.0,,none,,1.0,
flow_scan,0.7,0.6200000000000001,5600.0,0.5153131871104507,824.5010993767211,0.24,1.6,160.0,14.880000000000004,1143978.6346756804,1715967.9520135208,1715967.9520135208,1143978.6346756804,1143978.6346756804,1715967.9520135208,1715967.9520135208,16.808181072527816,42.8963367182032,21.313542705892985,11.706999560069278,11.808181072527816,26.313542705892985,26.313542705892985,430504.6349094856,447929.1250285361,426392.0761858732,233601.08368988064,233601.08368988064,424444.098170574,242057.37008866546,1809.0792662573685,1829.4238330695591,1759.3760313472949,1115.519955618273,1118.2016046885697,1787.9936689099457,1143.9950481398735,42.59522276779674,cooling,True,True,5599.999999996037,5599.999999999999,-3.961758920922875e-09,-3480.6437408413058,3730.7840435720036,True,,False,False,9.276845958083868e-11,26,20.483106027226142,20.532887957965407,26,26,15,15.000000000000053,20.659380190913026,23.605970952696566,17.712789429129487,0.8245010993767211,1.0306263742209014,0.00024800000000000007,0.028440319970432452,3387.158173326519,56.452636222108644,0.9408772703684775,1.5,True,50.53184156075301,22.31867439020051,5599.999999999999,6095.558074307434,-6117.876748697635,548.4345001063451,495.5580743074346,52.87642579891053,0.634059079862469,0.9856168302197854,0.903586616471689,1600,800,621.2850160572987,10.210882063243872,9.01357646694562,constant,0.6200000000000001,0.6200000000000001,0.00024800000000000007,False,False,0.12400000000000003,0.1850112522164731,1197.2676229315616,53996.79287951734,7474.072932311012,46522.71994720633,53996.79287951734,570.7531744965456,6095.5580743073415,6095.558074307434,-9.276845958083868e-11,0.9999999999999848,True,True,True,False,0,False,0.0,,none,,1.0,
flow_scan,0.7,0.675,5600.0,0.49944972719108593,799.1195635057376,0.24,1.6,160.0,16.200000000000003,1132392.9527743405,1698589.4291615111,1698589.4291615111,1132392.9527743405,1132392.9527743405,1698589.4291615111,1698589.4291615111,16.459705756096128,42.526508873542866,20.928354361476295,11.358636005457356,11.459705756096128,25.928354361476295,25.928354361476295,430412.26882158767,447847.0804344697,426373.93825395126,232967.73322071208,232967.73322071208,424370.3542023549,241404.2126645634,1809.704089760482,1830.0891480267933,1760.1638158847866,1113.42237661498,1116.0794241607025,1788.6577779671884,1141.867687168649,42.14901122472893,cooling,True,True,5599.99999999847,5600.0,-1.5297700883820653e-09,-3428.6036643143893,3959.89829162975,True,,False,False,1.1823431123048067e-10,26,20.307879129195953,20.356573182378686,26,26,15,15.000000000000005,20.52162124135711,23.23047259336363,17.81276988935059,0.7991195635057375,0.9988994543821719,0.00027000000000000006,0.028362395459351302,3413.0149594616905,56.883582657694845,0.9480597109615807,1.5000000000000002,True,47.90599216223417,28.70292840576525,5600.0,6094.493021723851,-6123.195950129616,547.1461542657756,494.4930217238501,52.653132541925515,0.6339924407314467,0.9857966312176144,0.9037677005834363,1600,800,623.755074833775,10.23492526876065,8.977882867714301,constant,0.6750000000000002,0.6750000000000002,0.00027000000000000006,False,False,0.13500000000000004,0.1803509567986379,1241.1907728972512,63784.285346144985,8641.428228699913,55142.85711744507,63784.285346144985,575.8490826715408,6094.493021723732,6094.493021723851,-1.1823431123048067e-10,0.9999999999999806,True,True,True,False,0,False,0.0,,none,,1.0,
flow_scan,0.7,0.7300000000000001,5600.0,0.4869884207375891,779.1814731801426,0.24,1.6,160.0,17.520000000000003,1122884.0673660971,1684326.1010491448,1684326.1010491448,1122884.0673660971,1122884.0673660971,1684326.1010491448,1684326.1010491448,16.17168798291334,42.22091337355192,20.609990816752997,11.070711435710734,11.17168798291334,25.609990816752997,25.609990816752997,430335.2227697069,447778.4197286136,426357.38408376137,232445.10543285927,232445.10543285927,424308.57591019926,240865.41410890597,1810.2206977442302,1830.6391155916872,1760.81290791058,1111.6891143743237,1114.3259709767356,1789.206496770317,1140.1104258551313,41.78326695932827,cooling,True,True,5600.000000006245,5600.000000000001,6.243681127671152e-09,-3385.592104382332,4149.263140209999,True,,False,False,2.4647306418046355e-10,26,20.162226256304336,20.21006317945129,26,26,15,14.999999999999982,20.413430566935006,22.920897245900278,17.905963887969733,0.7791814731801425,0.9739768414751782,0.00029200000000000005,0.028298532920002804,3434.6218572058833,57.243697620098054,0.9540616270016342,1.4999999999999991,True,45.88851527734123,36.19633922709697,5600.000000000001,6093.616883371714,-6129.813222598811,546.0865231444604,493.61688337171285,52.4696397727476,0.6339375059210369,0.9859448033460089,0.9039169846737504,1600,800,628.1713776488986,10.254785208311375,8.914764663362277,constant,0.7300000000000001,0.7300000000000001,0.00029200000000000005,False,False,0.14600000000000002,0.17662628110681425,1281.8236255721176,74376.03950773348,9880.832796322842,64495.20671141064,74376.03950773348,582.2828623715574,6093.616883371467,6093.616883371714,-2.4647306418046355e-10,0.9999999999999596,True,True,True,False,0,False,0.0,,none,,1.0,
flow_scan,0.7,0.7850000000000001,5600.0,0.4769805544012797,763.1688870420476,0.24,1.6,160.0,18.840000000000007,1114970.723757727,1672456.0856365908,1672456.0856365908,1114970.723757727,1114970.723757727,1672456.0856365908,1672456.0856365908,15.930596621025927,41.96515717434397,20.343496676927998,10.829698659587791,10.930596621025927,25.343496676927998,25.343496676927998,430270.2426061831,447720.357715698,426342.45122184197,232008.21044859177,232008.21044859177,424256.29115886893,240415.11964672152,1810.653277778463,1831.0995454265449,1761.3548750800594,1110.2385206864762,1112.858574453922,1789.6657094567433,1138.6401649399809,41.479221417540614,cooling,True,True,5600.000000001853,5600.0,1.8526407075114548e-09,-3349.5883694519143,4307.774987355078,True,,False,False,7.09405867382884e-11,26,20.039739796872823,20.086886727538708,26,26,15,15.000000000000043,20.327630138702347,22.66244236821626,17.99281790918843,0.7631688870420476,0.9539611088025594,0.0003140000000000001,0.02824544840511249,3452.874427391931,57.54790712319885,0.9591317853866475,1.5000000000000002,True,44.297195547021424,44.88674145491603,5600.0,6092.886325989077,-6137.773067443993,545.203102243179,492.8863259890773,52.31677625410174,0.633891622489144,0.986068527797514,0.9040416754071097,1600,800,634.3870392451164,10.271401569359028,8.82741867908221,constant,0.7850000000000003,0.7850000000000003,0.0003140000000000001,False,False,0.15700000000000006,0.1736014049447721,1319.5642234473153,85770.8435444255,11191.074815322418,74579.76872910309,85770.8435444255,590.089843698095,6092.886325989006,6092.886325989077,-7.09405867382884e-11,0.9999999999999883,True,True,True,False,0,False,0.0,,none,,1.0,
flow_scan,0.7,0.8400000000000001,5600.0,0.46880098749738863,750.0815799958218,0.24,1.6,160.0,20.160000000000004,1108310.4819919462,1662465.7229877568,1662465.7229877568,1108310.4819919462,1108310.4819919462,1662465.7229877568,1662465.7229877568,15.726683597791464,41.7488756102955,20.11809750799182,10.625852501302347,10.726683597791464,25.11809750799182,25.11809750799182,430214.9383136423,447670.8330428078,426329.0627234977,231639.0997643752,231639.0997643752,424211.6649268399,240034.7715462201,1811.0192592285466,1831.489028903427,1761.8123132917792,1109.011806342347,1111.6177180241978,1790.0540433184933,1137.397112190239,41.22355256190815,cooling,True,True,5600.000000002867,5600.0,2.86672729998827e-09,-3319.1367166846035,4441.842959416752,True,,False,False,1.9099388737231493e-11,26,19.93574610147374,19.98232803009202,26,26,15,14.999999999999993,20.259187261836132,22.44445201608238,18.073922507589884,0.7500815799958218,0.9376019749947773,0.0003360000000000001,0.02820081255056933,3468.4315110661064,57.80719185110177,0.9634531975183628,1.4999999999998535,True,43.01581111666354,54.86185641702972,5600.0,6092.270415159668,-6147.132271576698,544.458419044363,492.2704151596684,52.18800388469464,0.6338528872808691,0.9861729530427493,0.9041469429818068,1600,800,642.3360865780562,10.2854502825563,8.71817747284465,constant,0.8400000000000002,0.8400000000000002,0.0003360000000000001,False,False,0.16800000000000004,0.1711102683166176,1354.7445476024575,97967.6007446959,12571.057574173554,85396.54317052235,97967.6007446959,599.3202754613927,6092.270415159649,6092.270415159668,-1.9099388737231493e-11,0.9999999999999969,True,True,True,False,0,False,0.0,,none,,1.0,
flow_scan,0.7,0.895,5600.0,0.4620219529158476,739.2351246653561,0.24,1.6,160.0,21.48,1102653.7174907725,1653980.5762352468,1653980.5762352468,1102653.7174907725,1102653.7174907725,1653980.5762352468,1653980.5762352468,15.552768554131887,41.564436830237526,19.925856781384994,10.451994770331055,10.552768554131887,24.925856781384994,24.925856781384994,430167.5215257819,447628.29379421455,426317.0987917637,231324.58601282357,231324.58601282357,424173.31258972175,239710.74201393634,1811.3314840857438,1831.8212598715759,1762.2017795087943,1107.9656862077932,1110.5595864326365,1790.385208034944,1136.33726914031,41.00656895050186,cooling,True,True,5599.999999997679,5600.0,-2.321030478924513e-09,-3293.1648565428227,4556.187972033464,True,,False,False,2.270098775625229e-09,26,19.846768106754496,19.892881056448083,26,26,15,14.999999999999972,20.204497119343813,22.259083115727947,18.14991112295968,0.7392351246653561,0.9240439058316952,0.00035800000000000003,0.028162931640259632,3481.786968178497,58.02978280297495,0.9671630467162492,1.499999999999173,True,41.96697325310354,66.20930251663371,5600.0,6091.74653578201,-6157.955838298644,543.825084647692,491.7465357820101,52.07854886568197,0.6338199035480507,0.9862618556836978,0.9042365820631091,1600,800,652.0013604174293,10.297428636687227,8.588939134137274,constant,0.895,0.895,0.00035800000000000003,False,False,0.17900000000000002,0.16903327194960108,1387.6444159959012,110965.31148039168,14019.781444723283,96945.5300356684,110965.31148039168,610.0343871643257,6091.74653577974,6091.74653578201,-2.270098775625229e-09,0.9999999999996273,True,True,True,False,0,False,0.0,,none,,1.0,
flow_scan,0.7,0.9500000000000001,5600.0,0.45634145651624747,730.146330425996,0.24,1.6,160.0,22.8,1097814.6296640472,1646721.9444946027,1646721.9444946027,1097814.6296640472,1097814.6296640472,1646721.9444946027,1646721.9444946027,15.403459377168815,41.40611138493176,19.76081444772001,10.302735003905468,10.403459377168815,24.76081444772001,24.76081444772001,430126.63164617465,447591.5533553787,426306.429814925,231054.7871637496,231054.7871637496,424140.1735732423,239432.82346683455,1811.5995989707244,1832.1065220617431,1762.535653444049,1107.0676664956027,1109.6512913604763,1790.6694926204054,1135.4276222275744,40.8210693782367,cooling,True,True,5600.000000006271,5600.0,6.27096596872434e-09,-3270.8675498787725,4654.355211418757,True,,False,False,6.718437361996621e-09,26,19.770173243148008,19.815892713519094,26,26,15,14.999999999999964,20.1609295067926,22.100450471332238,18.22140854225296,0.730146330425996,0.9126829130324949,0.00038,0.0281305476149059,3493.317190145285,58.22195316908809,0.9703658861514681,1.4999999999986628,True,41.097295971636676,79.01660401652948,5600.0,6091.297811731368,-6170.314415747897,543.2826646058834,491.2978117313678,51.98485287451558,0.6337916257113768,0.9863380615975398,0.9043134333906508,1600,800,663.3965645940496,10.307709715093596,8.441406390801545,constant,0.95,0.95,0.00038,False,False,0.19,0.1672825453957708,1418.5018721975819,124763.05897346759,15536.329648926243,109226.72932454135,124763.05897346759,622.2992686224129,6091.297811724649,6091.297811731368,-6.718437361996621e-09,0.999999999998897,True,True,True,False,0,False,0.0,,none,,1.0,
flow_scan,0.7,1.0050000000000001,5600.0,0.4515406338078265,722.4650140925224,0.24,1.6,160.0,24.120000000000005,1093652.3944285754,1640478.5916409714,1640478.5916409714,1093652.3944285754,1093652.3944285754,1640478.5916409714,1640478.5916409714,15.274637898853598,41.269524592137884,19.618418532487908,10.17395630811609,10.274637898853598,24.618418532487908,24.618418532487908,430091.2180808961,447559.6916703026,426296.93114262156,230822.1696123512,230822.1696123512,424111.42437780544,239193.23699514224,1811.83097359161,1832.3526700659131,1762.823355644245,1106.2929375560564,1108.8677241550981,1790.91475146828,1134.6429750631999,40.66160375453482,cooling,True,True,5599.999999995762,5599.999999999999,-4.237335815560073e-09,-3251.62980397906,4739.05227530295,True,,False,False,1.3894350558985025e-08,26,19.703937136097636,19.749323708706807,26,26,15,15.000000000000007,20.126534515579095,21.96406289772557,18.289006133432622,0.7224650140925224,0.903081267615653,0.00040200000000000007,0.028102708589407308,3503.3133015577578,58.38855502596263,0.9731425837660439,1.4999999999982703,True,40.3688482953979,93.37119857790476,5599.999999999999,6090.911422784847,-6184.282621362751,542.8156383314024,490.9114227848478,51.90421554655461,0.6337672574251151,0.9864037222679747,0.9043796606411221,1600,800,676.5556852047051,10.316578234949562,8.277219632417411,constant,1.0050000000000001,1.0050000000000001,0.00040200000000000007,False,False,0.20100000000000004,0.16579237494322077,1447.521089959846,139359.99787746978,17119.85684032862,122240.14103714116,139359.99787746978,636.1868369093072,6090.911422770952,6090.911422784847,-1.3894350558985025e-08,0.9999999999977188,True,True,True,False,0,False,0.0,,none,,1.0,
flow_scan,0.7,1.06,5600.0,0.447457295736831,715.9316731789297,0.24,1.6,160.0,25.440000000000005,1090058.5721927066,1635087.858291217,1635087.858291217,1090058.5721927066,1090058.5721927066,1635087.858291217,1635087.858291217,15.163111884219461,41.151286132101404,19.495140501639696,10.062467444821777,10.163111884219461,24.495140501639696,24.495140501639696,430060.4588119149,447531.98634226294,426288.48909827525,230620.90274713765,230620.90274713765,424086.4176648619,238985.9640379045,1812.0313223075464,1832.5657929612207,1763.0721660037896,1105.6222725903338,1108.1894277877607,1791.1270707114948,1133.9638078317857,40.523980552269705,cooling,True,True,5600.0000000059235,5600.0,5.923538992647082e-09,-3234.9749017158747,4812.377982395854,True,,False,False,2.4851942725945264e-08,26,19.646481478452415,19.691584652457074,26,26,15,15.000000000000021,20.09984663868937,21.84644184837873,18.35325142900001,0.7159316731789297,0.894914591473662,0.00042400000000000006,0.028078682636964655,3512.0034515834836,58.533390859724726,0.9755565143287455,1.5000000000019786,True,39.75399986161294,109.36044379260191,5600.0,6090.577476707634,-6199.937920500235,542.4120318896722,490.5774767076336,51.83455518203863,0.6337461828953294,0.9864605008555913,0.9044369369878177,1600,800,691.526475543887,10.324254756094813,8.098026898529934,constant,1.06,1.06,0.00042400000000000006,False,False,0.21200000000000002,0.16451282913096893,1474.878481378111,154755.34498953097,18769.57981606321,135985.76517346778,154755.34498953097,651.7724756822741,6090.577476682782,6090.577476707634,-2.4851942725945264e-08,0.9999999999959196,True,True,True,False,0,False,0.0,,none,,1.0,
flow_scan,0.7,1.1150000000000002,5600.0,0.443968942503261,710.3503080052177,0.24,1.6,160.0,26.760000000000005,1086948.4942399268,1630422.7413617861,1630422.7413617861,1086948.4942399268,1086948.4942399268,1630422.7413617861,1630422.7413617861,15.066374336209037,41.04873396107229,19.388209229668462,9.965762206012187,10.066374336209037,24.388209229668462,24.388209229668462,430033.7030573336,447507.86375280796,426281.0028042456,230446.4137734184,230446.4137734184,424064.63891625963,238806.28568509308,1812.2051340989512,1832.7506732234228,1763.2877865768737,1105.040575055106,1107.6011259601546,1791.31122862941,1133.3747984568815,40.404930607343026,cooling,True,True,5600.000000000031,5600.000000000001,3.001332515850663e-11,-3220.528456977585,4875.980623748798,True,,False,False,-1.7333150026388466e-08,26,19.596560606169703,19.641421492674816,26,26,15,15.000000000000028,20.079751615385817,21.74485777171958,18.414645459052053,0.7103503080052177,0.887937885006522,0.0004460000000000001,0.028057898977895016,3519.5685338233475,58.65947556372246,0.9776579260620409,1.5000000000017444,True,39.23219210455468,127.07162289132056,5600.000000000001,6090.288235517124,-6217.359858408445,542.0624803066227,490.2882355171234,51.77424478949928,0.6337279195525565,0.9865097003360997,0.9044865736506746,1600,800,708.3662953024979,10.33091240115403,7.905514473424515,constant,1.1150000000000002,1.1150000000000002,0.0004460000000000001,False,False,0.22300000000000006,0.1634054238799082,1500.727482148018,170948.37160267335,20484.76986915206,150463.6017335213,170948.37160267335,669.1341031979432,6090.288235534457,6090.288235517124,1.7333150026388466e-08,1.000000000002846,True,True,True,False,0,False,0.0,,none,,1.0,
flow_scan,0.7,1.1700000000000002,5600.0,0.44098152099145416,705.5704335863267,0.24,1.6,160.0,28.080000000000005,1084255.238927069,1626382.8583922898,1626382.8583922898,1084255.238927069,1084255.238927069,1626382.8583922898,1626382.8583922898,14.982433524860028,40.959753533317496,19.2954231338789,9.881849492887966,9.982433524860028,24.2954231338789,24.2954231338789,430010.4301510082,447486.86378872744,426274.384043715,230295.07409860182,230295.07409860182,424045.6750848327,238650.45829131108,1812.3559762672778,1832.9111107748245,1763.4747370293073,1104.5358533208437,1107.0906849688788,1791.4710205080578,1132.863779308269,40.30187244607251,cooling,True,True,5599.999999995376,5600.000000000001,-4.62478055851534e-09,-3207.993031825915,4931.169714530083,True,,False,False,-4.274625098332763e-11,26,19.55318061929563,19.597833877570913,26,26,15,14.999999999999956,20.065393965965683,21.657144020781004,18.47364391115036,0.7055704335863267,0.8819630419829083,0.0004680000000000001,0.02803990694902064,3526.1534774276784,58.76922462379464,0.979487077063244,1.5000000000015554,True,38.787847398022315,146.5919497693271,5600.000000000001,6090.0375730023825,-6236.629522771709,541.7595702583253,490.0375730023821,51.72199725594322,0.6337120847505696,0.9865523536369764,0.9045296103744309,1600,800,727.1393674256748,10.336688648305323,7.701412206336649,constant,1.1700000000000002,1.1700000000000002,0.0004680000000000001,False,False,0.23400000000000004,0.1624401112001453,1525.2023457082294,187938.3971401629,22264.7464228613,165673.6507173016,187938.3971401629,688.3515200276524,6090.037573002425,6090.0375730023825,4.274625098332763e-11,1.000000000000007,True,True,True,False,0,False,0.0,,none,,1.0,
flow_scan,0.7,1.225,5600.0,0.4384217906216237,701.4748649945979,0.24,1.6,160.0,29.400000000000006,1081925.3407334022,1622888.011101625,1622888.011101625,1081925.3407334022,1081925.3407334022,1622888.011101625,1622888.011101625,14.909690875184424,40.882647961298346,19.21501520301547,9.809131240069064,9.909690875184424,24.21501520301547,24.21501520301547,429990.21960881125,447468.61402911495,426268.55627669324,230163.97448902446,230163.97448902446,424029.1916095143,238515.48101032033,1812.4867126759514,1833.0501557861335,1763.6366375296436,1104.0984842897535,1106.6483682108726,1791.6094918775875,1132.4209882796697,40.212745394088856,cooling,True,True,5599.99999999552,5600.0,-4.4801709009334445e-09,-3197.129900701873,4978.996279845569,True,,False,False,9.094947017729282e-12,26,19.515540794563663,19.560016051855342,26,26,15,14.999999999999975,20.056111725308796,21.581563220769112,18.53066022984848,0.7014748649945979,0.8768435812432473,0.0004900000000000001,0.02802434683513696,3531.875479588372,58.86459132647287,0.9810765221078811,1.5000000000014064,True,38.4089764377582,168.0085734411045,5600.0,6089.820587355913,-6257.829160797017,541.497370795842,489.8205873559134,51.67678343992861,0.6336983719077217,0.986589288172895,0.9045668802343788,1600,800,747.9149206747047,10.341693795797466,7.487482660391586,constant,1.225,1.225,0.0004900000000000001,False,False,0.24500000000000005,0.16159315300531016,1548.4211847580275,205724.783805434,24108.871680625234,181615.91212480876,205724.783805434,709.5059442369466,6089.820587355904,6089.820587355913,-9.094947017729282e-12,0.9999999999999986,True,True,True,False,0,False,0.0,,none,,1.0,
flow_scan,0.7,1.2800000000000002,5600.0,0.4362284644273586,697.9655430837738,0.24,1.6,160.0,30.720000000000006,1079912.405511583,1619868.608268762,1619868.608268762,1079912.405511583,1079912.405511583,1619868.608268762,1619868.608268762,14.846749319431012,40.81598221688881,19.175447379321668,9.746236386246494,9.846749319431012,24.1454411598055,24.1454411598055,429972.70047060633,447452.8409147694,426263.444980875,230099.8827238535,230099.8827238535,424014.8920241328,238398.7363757974,1812.5998473670566,1833.170653336442,1763.7766424414797,1103.8887370208306,1106.4399152469232,1791.729303808137,1132.0378986009537,40.1357635687408,cooling,True,True,5600.000000005962,5599.999999999999,5.9626472648233175e-09,-3187.730430427561,5020.3788585765205,True,,False,False,-7.639755494892597e-11,26,19.48293738741347,19.527260051629355,26,26,15,14.999999842186192,20.051487582011674,21.516836166628025,18.586138997395324,0.6979655430837738,0.8724569288547172,0.0005120000000000001,0.02801781684538731,3537.6910318950477,58.961517198250796,0.9826919533041799,1.500000000001285,True,38.08570430639104,191.40858201277064,5599.999999999999,6089.755373396207,-6281.163955408977,541.4026772244363,489.75537339620774,51.64730382822853,0.6336844792823947,0.9866267041340361,0.9046046390220964,1600,800,770.896963543598,10.343502600890432,7.264265219385952,constant,1.2800000000000002,1.2800000000000002,0.0005120000000000001,False,False,0.25600000000000006,0.16084559408691862,1570.6122646449248,224306.93204621554,26016.546090172757,198290.3859560428,224306.93204621554,732.811259237207,6089.755373396283,6089.755373396207,7.639755494892597e-11,1.0000000000000124,True,True,True,False,0,False,1.5781375850565382e-07,,none,,1.0,
flow_scan,0.7,1.3350000000000002,5600.0,0.4343479458145794,694.9567133033271,0.24,1.6,160.0,32.040000000000006,1078174.2477024382,1617261.3715549386,1617261.3715549386,1078174.2477024382,1078174.2477024382,1617261.3715549386,1617261.3715549386,14.792328617778935,40.75849661477815,19.237592808888337,9.691938085741867,9.792328617778935,24.085285861621514,24.085285861621514,429957.5293548189,447439.35429083277,426258.97434579564,230202.84177828813,230202.84177828813,424002.50062388676,238297.83084876067,1812.6976762465408,1833.2754175269008,1763.8976331539602,1104.2490978207295,1106.8194576731983,1791.8328943934746,1131.7067011841402,40.06930528855279,cooling,True,True,5600.0000000059745,5600.0,5.974470695946366e-09,-3179.6034344967675,5056.159178013391,True,,False,False,1.1823431123048067e-11,26,19.454721627072672,19.49891340835269,26,26,15,14.99999927316279,20.051320308911556,21.4620713304663,18.64056928735681,0.6949567133033271,0.8686958916291588,0.0005340000000000001,0.028034385915747313,3545.4748909793834,59.09124818298972,0.9848541363831621,1.5000000000011884,True,37.80954163721365,216.87900624389258,5600.0,6090.092226767746,-6306.971233011639,541.7449005162285,490.0922267677467,51.652673748481845,0.633665954311821,0.986676591649362,0.9046549885393254,1600,800,796.4334483973348,10.3369685522905,7.031347077736244,constant,1.3350000000000002,1.3350000000000002,0.0005340000000000001,False,False,0.267,0.16018214921639065,1592.1425499491538,243684.27667853097,27987.20446752738,215697.0722110036,243684.27667853097,758.6239067601211,6090.092226767734,6090.092226767746,-1.1823431123048067e-11,0.9999999999999981,True,True,True,False,0,False,7.268371859936451e-07,,none,,1.0,
flow_scan,0.7,1.3900000000000001,5600.0,0.43275524446466973,692.4083911434716,0.24,1.6,160.0,33.36,1076693.1428554896,1615039.714284429,1615039.714284429,1076693.1428554896,1076693.1428554896,1615039.714284429,1615039.714284429,14.74590399717141,40.70947239309828,19.299082037222774,9.645625023351101,9.74590399717141,24.033969237861186,24.033969237861186,429944.57001481287,447427.8436177369,426255.12306081323,230304.64860532276,230304.64860532276,423991.9096612478,238211.77673677736,1812.7811384974295,1833.3648424207931,1764.0008023123128,1104.6042330699318,1107.1927950587867,1791.9212633055747,1131.4241892350208,40.01268641260249,cooling,True,True,5599.999999999551,5600.000000000001,-4.501998773775995e-10,-3172.670545149289,5086.682263983367,True,,False,False,4.18367562815547e-11,26,19.43063255171154,19.474713444240503,26,26,15,14.999998854951048,20.054961471134533,21.415895962997695,18.69402697927137,0.6924083911434716,0.8655104889293395,0.000556,0.028050501925983018,3552.3743300985,59.206238834975004,0.9867706472495834,1.5000000000011096,True,37.576372475021486,244.5068227570489,5600.000000000001,6090.414599871309,-6334.921422628358,542.0746157092516,490.41459987130827,51.66001583794332,0.633649600512766,0.986720628056004,0.9046994374190512,1600,800,824.1578109413219,10.33068112343344,6.794815174540289,constant,1.39,1.39,0.000556,False,False,0.27799999999999997,0.15959038096754102,1612.682002694314,263856.2835507722,30020.312661080978,233835.9708896912,263856.2835507722,786.5814384663005,6090.4145998712675,6090.414599871309,-4.18367562815547e-11,0.9999999999999931,True,True,True,False,0,False,1.1450489978415135e-06,,none,,1.0,
flow_scan,0.7,1.4450000000000003,5600.0,0.4314203695097149,690.2725912155438,0.24,1.6,160.0,34.68000000000001,1075445.4025343987,1613168.1038027229,1613168.1038027229,1075445.4025343987,1075445.4025343987,1613168.1038027229,1613168.1038027229,14.706756798537526,40.66814888139129,19.360199523742438,9.606579730880469,9.706756798537526,23.99069689987516,23.99069689987516,429933.62976572674,447418.13925770926,426251.84869038925,230405.77903381674,230405.77903381674,423982.9644487275,238139.2303414795,1812.851522774747,1833.4403068004194,1764.0877673514037,1104.955883367201,1107.56176703498,1791.995779037627,1131.1859791578015,39.96499632438863,cooling,True,True,5600.000000001119,5600.0,1.1186784831807017e-09,-3166.824440370383,5112.420617765243,True,,False,False,-4.092726157978177e-11,26,19.410306010135912,19.45429393798722,26,26,15,14.999998559810749,20.062168226774673,21.377539719524123,18.746796734025224,0.6902725912155439,0.8628407390194298,0.0005780000000000002,0.02806625731424473,3558.4712166218605,59.30785361036434,0.9884642268394057,1.5000000000010458,True,37.38146207491038,274.3789569431279,5600.0,6090.724742415336,-6365.103699358464,542.393963711159,490.72474241533587,51.66922129582315,0.6336352005887933,0.9867593999623774,0.9047385761038105,1600,800,854.1543827291973,10.324598676732633,6.556191846849581,constant,1.4450000000000003,1.4450000000000003,0.0005780000000000002,False,False,0.2890000000000001,0.15906008467620528,1632.3052751120354,284822.44665376586,32115.364661660016,252707.08199210587,284822.44665376586,816.772920654287,6090.724742415377,6090.724742415336,4.092726157978177e-11,1.0000000000000067,True,True,True,False,0,False,1.440189294044103e-06,,none,,1.0,
flow_scan,0.7,1.5,5600.0,0.4303188836424397,688.5102138279036,0.24,1.6,160.0,36.0,1074411.3916640456,1611617.0874971373,1611617.0874971373,1074411.3916640456,1074411.3916640456,1611617.0874971373,1611617.0874971373,14.674289354937855,40.63389357738623,19.421205889742794,9.574205551109515,9.674289354937855,23.95480820017525,23.95480820017525,429924.54768035625,447410.0993433875,426249.11445305275,230506.6687938019,230506.6687938019,423975.53554289317,238079.0751870163,1812.9099010291611,1833.502957581756,1764.1598715772598,1105.3056318169254,1107.9280460426605,1792.0575795984903,1130.9884262897044,39.92548066247586,cooling,True,True,5599.99999999838,5600.0,-1.6198100638575852e-09,-3161.9758666841276,5133.767191183606,True,,False,False,7.639755494892597e-11,26,19.393438391553445,19.437349590412733,26,26,15,14.999998364977756,20.07275118755524,21.346363010929963,18.79913936418052,0.6885102138279036,0.8606377672848794,0.0006,0.028081734853802904,3563.8346839727456,59.397244732879095,0.9899540788813183,1.5000000000009948,True,37.22098243926911,306.58228560216196,5600.0,6091.024625573717,-6397.606911175879,542.7048337506316,491.0246255737168,51.68020817691479,0.6336225726995658,0.9867933981571557,0.9047728987048945,1600,800,886.5081017920627,10.31868458089532,6.316919144539892,constant,1.4999999999999998,1.4999999999999998,0.0006,False,True,0.3,0.15858282301514878,1651.0795310925575,306582.285602162,34271.88008391488,272310.4055182471,306582.285602162,849.2871193527935,6091.02462557364,6091.024625573717,-7.639755494892597e-11,0.9999999999999875,True,True,True,False,0,False,1.6350222722394392e-06,,none,,1.0,
flow_scan,0.8,0.4,6400.0,0.9735842634965137,1557.734821594422,0.24,1.6,160.0,9.600000000000003,1292793.3201331308,1939189.9801996958,1939189.9801996958,1292793.3201331308,1292793.3201331308,1939189.9801996958,1939189.9801996958,21.064369313919315,47.44644113608399,26.017651953254187,15.961921905919155,16.064369313919315,31.017651953254187,31.017651953254187,431554.5469401936,448869.2470011505,426435.607901929,241430.28771490027,241430.28771490027,425252.23536245397,250152.2323256938,1801.456464544135,1821.3950574937858,1749.505884651515,1141.192590385188,1144.1905601589694,1779.849471326909,1170.1039981068907,48.386123439248166,cooling,True,True,6399.999999998617,6400.0,-1.3833414413966238e-09,-4916.247903750211,132.44131300502795,True,,False,False,5.729816621169448e-11,26,22.66278416755847,22.74232340317867,26,26,15,15.000000000000009,22.80332549958584,28.020838204242523,17.585812794929154,1.557734821594422,1.9471685269930274,0.00016000000000000004,0.03366219558765581,3525.9175205861325,58.76529200976888,0.9794215334961479,1.4999999999999998,True,152.53766418719547,6.111798148187902,6400.0,6982.850819993526,-6988.962618141713,644.3700739747558,582.8508199935264,61.519253981229326,0.6337126511570573,0.9865508280027389,0.9045280709550154,1600,800,803.0195363101391,9.932180680772476,7.969918178339583,constant,0.4000000000000001,0.4000000000000001,0.00016000000000000004,True,False,0.08000000000000002,0.2233042563235414,1004.2372674691933,22919.24305570463,3554.9475521848244,19364.295503519803,22919.24305570463,650.4818721229436,6982.850819993469,6982.850819993526,-5.729816621169448e-11,0.9999999999999918,True,True,True,False,0,False,0.0,,none,,1.0,
flow_scan,0.8,0.455,6400.0,0.8545821041688668,1367.331366670187,0.24,1.6,160.0,10.92,1255022.818744623,1882534.2281169347,1882534.2281169347,1255022.818744623,1255022.818744623,1882534.2281169347,1882534.2281169347,20.02049786528545,46.33548219519764,24.864038528322737,14.918342576458201,15.02049786528545,29.864038528322737,29.864038528322737,431310.8007929654,448662.64105514484,426456.8263442555,239493.60938356264,239493.60938356264,425070.38636129716,248146.01293250383,1803.325977646795,1823.389777582498,1751.9733922633893,1134.88570090209,1137.803298962309,1781.8543966364768,1163.6767652506644,46.90562709419789,cooling,True,True,6400.000000002917,6400.0,2.916749508585781e-09,-4760.3598178237025,818.7620098960042,True,,False,False,-5.629772203974426e-10,26,22.19807060958925,22.27019991931939,26,26,15,14.999999999999982,22.30283780308025,26.88895586522841,17.716719740932092,1.367331366670187,1.7091642083377336,0.000182,0.03336510118292909,3603.392341270768,60.05653902117947,1.0009423170196579,1.5,True,121.41929396095892,8.940529709775802,6400.0,6978.945906057639,-6987.886435767415,639.7030009779885,578.9459060576397,60.75709492034878,0.633523519410724,0.98702,0.9050229640513452,1600,800,770.0628246487232,10.004642764244617,8.311010212601115,constant,0.455,0.455,0.000182,False,False,0.091,0.20901420966719725,1071.0649474105655,29474.273768491654,4418.690789640489,25055.582978851166,29474.273768491654,648.6435306877643,6978.945906058202,6978.945906057639,5.629772203974426e-10,1.0000000000000806,True,True,True,False,0,False,0.0,,none,,1.0,
flow_scan,0.8,0.51,6400.0,0.7806856845659694,1249.0970953055512,0.24,1.6,160.0,12.240000000000002,1227004.7015871683,1840507.0523807534,1840507.0523807534,1227004.7015871683,1227004.7015871683,1840507.0523807534,1840507.0523807534,19.23079615569435,45.498330547727846,23.99125626491076,14.128870218741838,14.23079615569435,28.99125626491076,28.99125626491076,431120.352707959,448502.5005875461,426458.66455780546,238035.75119710815,238035.75119710815,424925.59637084993,246637.5413551301,1804.739887292544,1824.9082257325674,1753.8186005497487,1130.119354239541,1132.977379519117,1783.3673642715946,1158.8254223756169,45.81218422718246,cooling,True,True,6399.999999999914,6399.999999999999,-8.549250196665525e-11,-4642.4285456137395,1337.9721371313753,True,,False,False,1.382431946694851e-10,26,21.838195982595096,21.905610736968775,26,26,15,14.999999999999972,21.942724400168288,26.034723366851665,17.85072543348491,1.2490970953055511,1.5613713691319389,0.00020400000000000003,0.033146092178874945,3665.1806640913283,61.08634440152214,1.018105740025369,1.5000000000000009,True,103.67004937934907,12.525655327301974,6399.999999999999,6976.150275883628,-6988.67593121093,636.3467534619004,576.150275883629,60.19647757827147,0.6332575849133473,0.98702,0.9054030255504784,1600,800,752.5424581685514,10.05740968297905,8.504503540671392,constant,0.51,0.51,0.00020400000000000003,False,False,0.10200000000000001,0.19868497176017572,1131.6936572061254,36840.162727358744,5361.079849449373,31479.082877909368,36840.162727358744,648.8724087892024,6976.1502758834895,6976.150275883628,-1.382431946694851e-10,0.9999999999999802,True,True,True,False,0,False,0.0,,none,,1.0,
flow_scan,0.8,0.5650000000000001,6400.0,0.730551224891542,1168.8819598264672,0.24,1.6,160.0,13.560000000000002,1205461.2497858233,1808191.874678734,1808191.874678734,1205461.2497858233,1205461.2497858233,1808191.874678734,1808191.874678734,18.61431685129969,44.84515031642337,23.309890684735933,13.512574688961251,13.61431685129969,28.309890684735933,28.309890684735933,430968.1255737133,448373.21680392174,426451.8645144179,236901.9371310548,236901.9371310548,424808.341214241,245465.3465376744,1805.8436719457902,1826.0931169023206,1755.246999643352,1126.4012029208077,1129.2134438906953,1784.5465335788606,1155.0443561422858,44.97414882816387,cooling,True,True,6400.000000001714,6400.000000000001,1.7134880181401968e-09,-4550.365697356747,1743.292645096918,True,,False,False,3.2741809263825417e-11,26,21.55259000648391,21.616757146653306,26,26,15,15.000000000000039,21.674634124099924,25.369497934882645,17.979770313317204,1.1688819598264673,1.461102449783084,0.00022600000000000005,0.032978439218901,3714.5926626007054,61.909877710011756,1.0318312951668627,1.4999999999999993,True,92.3390687350525,16.955616960425107,6400.000000000001,6973.992743234857,-6990.948360195282,633.7572697583256,573.9927432348566,59.764526523469044,0.6330512840499312,0.98702,0.9056980813075969,1600,800,743.0519554538032,10.098503489262617,8.613125842716256,constant,0.5650000000000001,0.5650000000000001,0.00022600000000000005,False,False,0.11300000000000002,0.19095074888847954,1187.0710857009053,45014.912284314436,6380.1170836200035,38634.79520069443,45014.912284314436,650.7128867187507,6973.992743234824,6973.992743234857,-3.2741809263825417e-11,0.9999999999999953,True,True,True,False,0,False,0.0,,none,,1.0,
flow_scan,0.8,0.6200000000000001,6400.0,0.6944697320888282,1111.1515713421252,0.24,1.6,160.0,14.880000000000004,1188449.1206131254,1782673.6809196859,1782673.6809196859,1188449.1206131254,1188449.1206131254,1782673.6809196859,1782673.6809196859,18.121625775217694,44.323343290858645,22.76532661558076,13.020033343323348,13.121625775217694,27.76532661558076,27.76532661558076,430844.2575876511,448267.23539079167,426441.36662918347,235998.43560483545,235998.43560483545,424712.0130868007,244531.85459624088,1806.7259542895547,1827.039900870697,1756.3813542055602,1123.431232208775,1126.2073297870372,1785.4878750023097,1152.0261879753373,44.314032387489696,cooling,True,True,6400.000000001706,6400.0,1.7062120605260134e-09,-4476.788947169727,2067.2253315700436,True,,False,False,0.05633352494351129,26,21.32152278460643,21.383328246758666,26,26,15,15.000000000000021,21.470400577811887,24.83925404311401,18.101547112509763,1.1111515713421252,1.3889394641776565,0.00024800000000000007,0.03284648310582942,3754.84191214703,62.58069853578384,1.043011642263064,1.4999999999999982,True,84.5478003981575,22.31867439020051,6400.0,6972.283546064098,-6994.602220454299,631.70638324954,572.2835460640982,59.42283718544172,0.6328872514596124,0.98702,0.9059328213848866,1600,800,738.572858037898,10.131289107888971,8.665360404662474,constant,0.6200000000000001,0.6200000000000001,0.00024800000000000007,False,False,0.12400000000000003,0.1850112522164731,1237.944802621309,53996.79287951734,7474.072932311012,46522.71994720633,53996.79287951734,654.0250576397405,6972.227212539155,6972.283546064098,-0.05633352494351129,0.9999919203623072,True,True,True,False,0,False,0.0,,none,,1.0,
flow_scan,0.8,0.675,6400.0,0.6673781665644583,1067.8050665031333,0.24,1.6,160.0,16.200000000000003,1174731.417685118,1762097.126527677,1762097.126527677,1174731.417685118,1174731.417685118,1762097.126527677,1762097.126527677,17.72046962728416,43.89862214050771,22.32192583077631,12.619000920999838,12.72046962728416,27.32192583077631,27.32192583077631,430741.97053030273,448179.217620388,426429.5613161759,235264.50546146953,235264.50546146953,424631.8871155547,243773.93993177224,1807.4444749909044,1827.810729108084,1757.3004134374924,1121.0140180485232,1123.7609771747705,1786.253721562275,1149.571057573051,43.78279842569715,cooling,True,True,6400.000000002437,6400.0,2.4374458007514477e-09,-4416.881700792934,2330.975975743866,True,,False,False,2.2737367544323206e-11,26,21.131604566742112,21.19162343754893,26,26,15,15.000000000000016,21.311926794840446,24.408494031996213,18.21535955768468,1.0678050665031333,1.3347563331289165,0.00027000000000000006,0.03274034681054605,3788.12071775291,63.135345295881834,1.0522557549313638,1.5,True,78.90089834110606,28.70292840576525,6400.0,6970.901517150578,-6999.604445556343,630.0484280207078,570.9015171505774,59.14691087013034,0.6327542588607643,0.98702,0.9061232307872906,1600,800,737.652254767579,10.157949318444537,8.676174930172923,constant,0.6750000000000002,0.6750000000000002,0.00027000000000000006,False,False,0.13500000000000004,0.1803509567986379,1284.9147754985004,63784.285346144985,8641.428228699913,55142.85711744507,63784.285346144985,658.751356426473,6970.901517150555,6970.901517150578,-2.2737367544323206e-11,0.9999999999999968,True,True,True,False,0,False,0.0,,none,,1.0,
flow_scan,0.8,0.7300000000000001,6400.0,0.6463571488352046,1034.1714381363274,0.24,1.6,160.0,17.520000000000003,1163470.3648738735,1745205.5473108103,1745205.5473108103,1163470.3648738735,1163470.3648738735,1745205.5473108103,1745205.5473108103,17.38851466872694,43.54726344791379,21.955008373672797,12.287149542478005,12.388514668726941,26.955008373672797,26.955008373672797,430656.3656482202,448105.2213303173,426417.6159831181,234658.3331303754,234658.3331303754,424564.44598434016,243148.2075444704,1808.0391872894204,1828.4485819538186,1758.0579467631214,1119.0144163236807,1121.7374583925152,1786.8870895066348,1147.5409593510203,43.3473954108174,cooling,True,True,6400.000000003956,6400.0,3.956301952712238e-09,-4367.308716331081,2549.228480677848,True,,False,False,-1.0913936421275139e-11,26,20.973273175342285,21.03189794348164,26,26,15,14.999999999999979,21.187183841954692,24.053048126811973,18.32131955709741,1.0341714381363274,1.2927142976704091,0.00029200000000000005,0.03265338900489885,3816.0082612418764,63.60013768736461,1.06000229478941,1.5,True,74.64072132418885,36.19633922709697,6400.0,6969.764272277857,-7005.960611504955,628.6843869787633,569.7642722778577,58.92011470090563,0.6326445978225748,0.98702,0.9062802959302758,1600,800,739.521447530049,10.179988771084576,8.654245284400556,constant,0.7300000000000001,0.7300000000000001,0.00029200000000000005,False,False,0.14600000000000002,0.17662628110681425,1328.4692666972387,74376.03950773348,9880.832796322842,64495.20671141064,74376.03950773348,664.8807262058602,6969.764272277868,6969.764272277857,1.0913936421275139e-11,1.0000000000000016,True,True,True,False,0,False,0.0,,none,,1.0,
flow_scan,0.8,0.7850000000000001,6400.0,0.6296349006363469,1007.4158410181551,0.24,1.6,160.0,18.840000000000007,1154094.8638739497,1731142.295810925,1731142.295810925,1154094.8638739497,1154094.8638739497,1731142.295810925,1731142.295810925,17.110294718378725,43.252847869101515,21.647482250826613,12.009017222411956,12.110294718378725,26.647482250826613,26.647482250826613,430583.95153973816,448042.3980258199,426406.10545434133,234151.08144664133,234151.08144664133,424507.1356793826,242624.758082859,1808.5377483956938,1828.983199572698,1758.6908312004578,1117.338922029205,1120.0420534436778,1787.4177014054733,1145.8405064305318,42.98537036551316,cooling,True,True,6399.999999997836,6400.0,-2.1636878955177963e-09,-4325.760328756047,2732.151493336023,True,,False,False,7.275957614183426e-11,26,20.839770134926766,20.897281021502394,26,26,15,14.999999999999968,21.087942798521368,23.755958957396672,18.419926639646064,1.007415841018155,1.2592698012726937,0.0003140000000000001,0.03258110517331851,3839.6283553258786,63.99380592209798,1.0665634320349662,1.5000000000000004,True,71.32815469620047,44.88674145491603,6400.0,6968.815481125783,-7013.702222580699,627.5465709067839,568.8154811257826,58.73108978100129,0.6325529634657455,0.98702,0.9064115836118157,1600,800,743.7614670579004,10.198446293399728,8.604909347235344,constant,0.7850000000000003,0.7850000000000003,0.0003140000000000001,False,False,0.15700000000000006,0.1736014049447721,1369.0124874791015,85770.8435444255,11191.074815322418,74579.76872910309,85770.8435444255,672.4333123616999,6968.81548112571,6968.815481125783,-7.275957614183426e-11,0.9999999999999896,True,True,True,False,0,False,0.0,,none,,1.0,
flow_scan,0.8,0.8400000000000001,6400.0,0.61606625768095,985.70601228952,0.24,1.6,160.0,20.160000000000004,1146197.3808484888,1719296.0712727325,1719296.0712727325,1146197.3808484888,1146197.3808484888,1719296.0712727325,1719296.0712727325,16.874613717695922,43.00349540729695,21.386973877907963,11.773411026064366,11.874613717695922,26.386973877907963,26.386973877907963,430522.1368781193,447988.6090157909,426395.2968901083,233721.9516293484,233721.9516293484,424458.03126314445,242182.044469445,1808.9601768838977,1829.436099557574,1759.2255399423966,1115.9198967092,1118.6062572991675,1787.867035631972,1144.4007606455607,42.68074956967257,cooling,True,True,6399.999999994109,6400.0,-5.890797183383256e-09,-4290.5645581142035,2887.1061564262654,True,,False,False,1.2460077414289117e-10,26,20.72611788448762,20.782721794840494,26,26,15,15.00000000000001,21.00843156176407,23.505017643705514,18.511845479822625,0.98570601228952,1.2321325153619,0.0003360000000000001,0.0325202945917449,3859.8149555796344,64.33024925966058,1.072170820994343,1.4999999999999993,True,68.69039131392454,54.86185641702972,6400.0,6968.014819395585,-7022.876675812615,626.5865352397683,568.0148193955848,58.57171584418347,0.6324755381977235,0.98702,0.9065225430965085,1600,800,750.1387829707226,10.214072023668669,8.531754583671203,constant,0.8400000000000002,0.8400000000000002,0.0003360000000000001,False,False,0.16800000000000004,0.1711102683166176,1406.8825075151378,97967.6007446959,12571.057574173554,85396.54317052235,97967.6007446959,681.448391656798,6968.01481939546,6968.014819395585,-1.2460077414289117e-10,0.9999999999999821,True,True,True,False,0,False,0.0,,none,,1.0,
flow_scan,0.8,0.895,6400.0,0.6048814418034907,967.8103068855852,0.24,1.6,160.0,21.48,1139481.1473701796,1709221.7210552685,1709221.7210552685,1139481.1473701796,1139481.1473701796,1709221.7210552685,1709221.7210552685,16.673221681675784,42.7904557726788,21.164365270737335,11.572083320859178,11.673221681675784,26.164365270737335,26.164365270737335,430468.97406605794,447942.23255223944,426385.29885524616,233355.66349180468,233355.66349180468,424415.6689837862,241804.2472105933,1809.3212236716574,1829.8231320306904,1759.6814506879584,1114.7075289264812,1117.3796277100635,1788.2508979269894,1143.1709895950507,42.421929512154094,cooling,True,True,6400.000000001527,6400.0,1.5270416042767465e-09,-4260.489380699295,3019.516639240528,True,,False,False,1.3096723705530167e-10,26,20.6285989388752,20.684453096699873,26,26,15,14.999999999999975,20.944513208817853,23.2912363050346,18.597790112601103,0.9678103068855852,1.2097628836069814,0.00035800000000000003,0.032468634316753044,3877.1951011662672,64.61991835277112,1.076998639212852,1.4999999999999991,True,66.54997569724057,66.20930251663371,6400.0,6967.332840109929,-7033.542142626563,625.7689105298133,567.332840109929,58.436070419884345,0.6324095229162421,0.98702,0.9066171721915541,1600,800,758.5281887436876,10.227417649402522,8.437392433101268,constant,0.895,0.895,0.00035800000000000003,False,False,0.17900000000000002,0.16903327194960108,1442.3651368587323,110965.31148039168,14019.781444723283,96945.5300356684,110965.31148039168,691.978213046447,6967.332840109798,6967.332840109929,-1.3096723705530167e-10,0.9999999999999812,True,True,True,False,0,False,0.0,,none,,1.0,
flow_scan,0.8,0.9500000000000001,6400.0,0.5955448755635644,952.8718009017031,0.24,1.6,160.0,22.8,1133725.4393905646,1700588.1590858465,1700588.1590858465,1133725.4393905646,1133725.4393905646,1700588.1590858465,1700588.1590858465,16.499920462857062,42.607157282272794,20.972805976186066,11.398837758084483,11.499920462857062,25.972805976186066,25.972805976186066,430422.9758135039,447902.0212698374,426376.13753183576,233040.76599111484,233040.76599111484,424378.92056741455,241479.5175902414,1809.6319718376078,1830.1562024525913,1760.0730418649664,1113.664413416003,1116.324290367931,1788.5811508212807,1142.113118956391,42.20029781073096,cooling,True,True,6400.000000000594,6400.000000000001,5.929905455559492e-10,-4234.609186997535,3133.4580765960372,True,,False,False,2.2464519133791327e-10,26,20.544389597370127,20.59961643449353,26,26,15,14.999999999999945,20.89316683975531,23.107868787958978,18.67846489155164,0.9528718009017031,1.1910897511271288,0.00038,0.03242440139746601,3892.247987405447,64.87079979009079,1.0811799965015132,1.4999999999999998,True,64.78683987761067,79.01660401652948,6400.000000000001,6966.7475859207125,-7045.764189937242,625.0673284049992,566.7475859207117,58.31974248428753,0.6323528237293731,0.98702,0.906698462975015,1600,800,768.8707722991394,10.238897010232561,8.323895549914331,constant,0.95,0.95,0.00038,False,False,0.19,0.1672825453957708,1475.7042122854066,124763.05897346759,15536.329648926243,109226.72932454135,124763.05897346759,704.0839324215287,6966.747585920488,6966.7475859207125,-2.2464519133791327e-10,0.9999999999999678,True,True,True,False,0,False,0.0,,none,,1.0,
flow_scan,0.8,1.0050000000000001,6400.0,0.5876730732317357,940.2769171707771,0.24,1.6,160.0,24.120000000000005,1128763.0475335899,1693144.5713003853,1693144.5713003853,1128763.0475335899,1128763.0475335899,1693144.5713003853,1693144.5713003853,16.349973730878958,42.44857970206101,20.807061092817207,11.248939402000019,11.349973730878958,25.807061092817207,25.807061092817207,430382.98995565576,447867.0031501661,426367.79712599627,232768.5275185444,232768.5275185444,424346.9052983647,241198.82492551208,1809.9008915799452,1830.4444071808484,1760.4113263065808,1112.761977980337,1115.4113178250993,1788.8668517396716,1141.1980799401938,42.0093416072894,cooling,True,True,6399.999999997439,6400.0,-2.561137080192566e-09,-4212.216670112823,3232.044493268724,True,,False,False,2.7557689463719726e-10,26,20.471312424629843,20.526009327505406,26,26,15,15.000000000000005,20.85215051069514,22.949764918111384,18.754536103278895,0.9402769171707771,1.1753461464634714,0.00040200000000000007,0.032386293599522,3905.3451740649,65.089086234415,1.0848181039069167,1.5000000000000004,True,63.317048328603704,93.37119857790476,6400.0,6966.242384615329,-7059.613583193233,624.4617709301511,566.2423846153291,58.21938631482203,0.6323038466031954,0.98702,0.9067686942178977,1600,800,781.1500178366597,10.248825945689266,8.193048523156092,constant,1.0050000000000001,1.0050000000000001,0.00040200000000000007,False,False,0.20100000000000004,0.16579237494322077,1507.1094442901563,139359.99787746978,17119.85684032862,122240.14103714116,139359.99787746978,717.832969508056,6966.242384615053,6966.242384615329,-2.7557689463719726e-10,0.9999999999999605,True,True,True,False,0,False,0.0,,none,,1.0,
flow_scan,0.8,1.06,6400.0,0.580984707924972,929.5755326799552,0.24,1.6,160.0,25.440000000000005,1124465.2492799922,1686697.8739199887,1686697.8739199887,1124465.2492799922,1124465.2492799922,1686697.8739199887,1686697.8739199887,16.21970771808799,42.31083008384286,20.66307006536522,11.118715579936293,11.219707718087989,25.66307006536522,25.66307006536522,430348.1123709779,447836.41166317,426360.24162004486,232532.18783183215,232532.18783183215,424318.92769136996,240955.1801639056,1810.1345538459175,1830.6948013195197,1760.7048128395854,1111.9780676162875,1114.618281639768,1789.1150215598252,1140.403342038514,41.84405467223102,cooling,True,True,6399.999999993906,6400.000000000001,-6.094523996580392e-09,-4192.7632025217345,3317.6913042787482,True,,False,False,6.002665031701326e-10,26,20.407665513334507,20.461911412761758,26,26,15,15.000000000000021,20.819776904209334,22.812933793524167,18.8266200148945,0.9295755326799553,1.161969415849944,0.00042400000000000006,0.03235331035613115,3916.778520042463,65.27964200070771,1.0879940333451286,1.5000000000000004,True,62.08029172108275,109.36044379260191,6400.000000000001,6965.804374601201,-7075.164818393802,623.9367980140537,565.8043746011996,58.13242341285411,0.632261359207112,0.98702,0.90682962826061,1600,800,795.3775335277384,10.257449184550012,8.046493306913105,constant,1.06,1.06,0.00042400000000000006,False,False,0.21200000000000002,0.16451282913096893,1536.7624961890535,154755.34498953097,18769.57981606321,135985.76517346778,154755.34498953097,733.2972418066556,6965.804374600601,6965.804374601201,-6.002665031701326e-10,0.9999999999999138,True,True,True,False,0,False,0.0,,none,,1.0,
flow_scan,0.8,1.1150000000000002,6400.0,0.575269085935588,920.4305374969409,0.24,1.6,160.0,26.760000000000005,1120731.5433080907,1681097.3149621354,1681097.3149621354,1120731.5433080907,1120731.5433080907,1681097.3149621354,1681097.3149621354,16.10623507265717,42.19084952192776,20.537641508613547,11.005279809587591,11.10623507265717,25.537641508613547,25.537641508613547,430317.62535459595,447809.63577525766,426353.42655400536,232326.4423235923,232326.4423235923,424294.43271870876,240743.10100701955,1810.338123832102,1830.9129295293533,1760.9601664637353,1111.2952746801504,1113.92756070442,1789.331175329352,1139.7112090288063,41.70053344947737,cooling,True,True,6400.000000001092,6400.000000000001,1.0913936421275139e-09,-4175.817597270841,3392.296874909177,True,,False,False,7.030394044704735e-10,26,20.352102524206316,20.40596247668066,26,26,15,14.999999999999984,20.794760855541142,22.694241913988662,18.89527979709362,0.9204305374969409,1.150538171871176,0.0004460000000000001,0.032324671745598985,3926.7799436929868,65.44633239488311,1.0907722065813852,1.4999999999999996,True,61.03221549492052,127.07162289132056,6400.000000000001,6965.423495018487,-7092.495117909808,623.4803335963062,565.4234950184866,58.056838577819576,0.6322243958460428,0.98702,0.9068826465737242,1600,800,811.5841719825472,10.264958901083642,7.885811750574197,constant,1.1150000000000002,1.1150000000000002,0.0004460000000000001,False,False,0.22300000000000006,0.1634054238799082,1564.8217585123723,170948.37160267335,20484.76986915206,150463.6017335213,170948.37160267335,750.5519564876267,6965.423495017784,6965.423495018487,-7.030394044704735e-10,0.9999999999998991,True,True,True,False,0,False,0.0,,none,,1.0,
flow_scan,0.8,1.1700000000000002,6400.0,0.5703655818701464,912.5849309922343,0.24,1.6,160.0,28.080000000000005,1117482.4790808028,1676223.7186212044,1676223.7186212044,1117482.4790808028,1117482.4790808028,1676223.7186212044,1676223.7186212044,16.007259844769294,42.086206147814494,20.42823768561675,10.90633683872369,11.007259844769294,25.42823768561675,25.42823768561675,430290.95324067026,447786.18361613114,426347.3053544786,232147.0788413021,232147.0788413021,424272.973172027,240558.23548454038,1810.5157094706617,1831.103200742623,1761.1826716194662,1110.6997603222924,1113.3251474332026,1789.5196965631644,1139.107617115831,41.57569554086586,cooling,True,True,6399.9999999965385,6400.000000000001,-3.462446329649538e-09,-4161.036985300111,3457.3707376610046,True,,False,False,8.276401786133647e-10,26,20.303546844986272,20.35707529544592,26,26,15,14.999999999999986,20.776113478282525,22.591200124543604,18.961026832021446,0.9125849309922343,1.1407311637402928,0.0004680000000000001,0.03229976207642182,3935.5356541552756,65.59226090258792,1.0932043483764653,1.5000000000000002,True,60.13954185510062,146.5919497693271,6400.000000000001,6965.091778599574,-7111.683728368901,623.0828158689495,565.0917785995742,57.99103726937528,0.6321921906323252,0.98702,0.9069288451030364,1600,800,829.8143074933773,10.271507794793825,7.712568874996264,constant,1.1700000000000002,1.1700000000000002,0.0004680000000000001,False,False,0.23400000000000004,0.1624401112001453,1591.426143702001,187938.3971401629,22264.7464228613,165673.6507173016,187938.3971401629,769.6747656382767,6965.091778598747,6965.091778599574,-8.276401786133647e-10,0.9999999999998812,True,True,True,False,0,False,0.0,,none,,1.0,
flow_scan,0.8,1.225,6400.0,0.5661498483164451,905.8397573063122,0.24,1.6,160.0,29.400000000000006,1114654.5544114735,1671981.8316172103,1671981.8316172103,1114654.5544114735,1114654.5544114735,1671981.8316172103,1671981.8316172103,15.920937372776393,41.994946452093416,20.332819654853893,10.820042570512214,10.920937372776393,25.332819654853893,25.332819654853893,430267.6299847657,447765.6557333942,426341.8326498911,231990.71738796117,231990.71738796117,424254.1855790232,240397.09230594002,1810.6706118128757,1831.2691573160994,1761.3765632373224,1110.180408111837,1112.7997905398972,1789.684105881175,1138.5812723320753,41.46707977544224,cooling,True,True,6399.999999995788,6399.999999999999,-4.210960469208658e-09,-4148.145891335398,3514.125713777131,True,,False,False,9.913492249324918e-11,26,20.261129225739865,20.314372381205924,26,26,15,15.000000000000007,20.76306743636019,22.50181062813516,19.024324244585216,0.9058397573063122,1.1322996966328902,0.0004900000000000001,0.032278089850099584,3943.1965519863606,65.719942533106,1.0953323755517668,1.5,True,59.3768719293891,168.0085734411045,6399.999999999999,6964.8028473135855,-7132.81142075469,622.7365912914413,564.8028473135862,57.9337439778551,0.6321641296672635,0.98702,0.9069691025258189,1600,800,850.122036661935,10.277218473267444,7.528330903090169,constant,1.225,1.225,0.0004900000000000001,False,False,0.24500000000000005,0.16159315300531016,1616.698135291499,205724.783805434,24108.871680625234,181615.91212480876,205724.783805434,790.7451647325458,6964.802847313486,6964.8028473135855,-9.913492249324918e-11,0.9999999999999858,True,True,True,False,0,False,0.0,,none,,1.0,
flow_scan,0.8,1.2800000000000002,6400.0,0.5625230385264786,900.0368616423657,0.24,1.6,160.0,30.720000000000006,1112195.6348535798,1668293.452280369,1668293.452280369,1112195.6348535798,1112195.6348535798,1668293.452280369,1668293.452280369,15.845744838441988,41.9154580699506,20.249704201369582,10.744874656696425,10.845744838441988,25.249704201369582,25.249704201369582,430247.2677948945,447747.718669557,426336.964130796,231854.57134141793,231854.57134141793,424237.7662778705,240256.79386341802,1810.8055565683803,1831.4137236976326,1761.5453282136175,1109.7280430304606,1112.342204298253,1789.8273086677486,1138.1228558319328,41.372667679647414,cooling,True,True,6399.9999999974525,6400.0,-2.547494659665972e-09,-4136.916903064196,3563.5630200976793,True,,False,False,0.034460818647858105,26,20.224128443046936,20.277125944229,26,26,15,15.000000000000052,20.755023217700767,22.424455187218598,19.085591248182936,0.9000368616423657,1.1250460770529571,0.0005120000000000001,0.03225925205115003,3949.8883565168344,65.83147260861391,1.097191210143565,1.4999999999999993,True,58.72429887343195,191.40858201277064,6400.0,6964.551455774506,-7155.960037787277,622.4353663650813,564.5514557745064,57.88391059057494,0.6321397074432791,0.98702,0.9070041425688786,1600,800,872.568247251284,10.28219208907574,7.334669832601547,constant,1.2800000000000002,1.2800000000000002,0.0005120000000000001,False,False,0.25600000000000006,0.16084559408691862,1640.7461586889556,224306.93204621554,26016.546090172757,198290.3859560428,224306.93204621554,813.843948377852,6964.5169949558585,6964.551455774506,-0.034460818647858105,0.9999950519686922,True,True,True,False,0,False,0.0,,none,,1.0,
flow_scan,0.8,1.3350000000000002,6400.0,0.559411643100657,895.0586289610512,0.24,1.6,160.0,32.040000000000006,1110066.6590294226,1665099.9885441333,1665099.9885441333,1110066.6590294226,1110066.6590294226,1665099.9885441333,1665099.9885441333,15.780540779648959,41.84653243389346,20.177629630039064,10.679691987758474,10.780540779648959,25.177629630039064,25.177629630039064,430229.57579756406,447732.1222436993,426332.66609284683,231736.55216302857,231736.55216302857,424223.4874144353,240135.18349261378,1810.9225867287685,1831.5390918267688,1761.6915793359078,1109.3357879728646,1111.9454286592775,1789.9514824716089,1137.7253829227848,41.290947136895674,cooling,True,True,6400.0000000045075,6399.999999999999,4.508365236688405e-09,-4127.1795585538275,3606.433140867356,True,,False,False,-7.275957614183426e-12,26,20.19200358371006,20.244790183582634,26,26,15,15.000000000000004,20.75151040536295,22.35781282059753,19.14520799012837,0.8950586289610513,1.118823286201314,0.0005340000000000001,0.03224294679385635,3955.705336341164,65.92842227235273,1.0988070378725456,1.4999999999999996,True,58.167088092059906,216.87900624389258,6399.999999999999,6964.333673819738,-7181.212680063631,622.1744256109185,564.333673819739,57.840751791179514,0.6321185450874199,0.98702,0.9070345076714056,1600,800,897.220519946871,10.286504453659893,7.1331404684981745,constant,1.3350000000000002,1.3350000000000002,0.0005340000000000001,False,False,0.267,0.16018214921639065,1663.6671220165788,243684.27667853097,27987.20446752738,215697.0722110036,243684.27667853097,839.0534318548112,6964.333673819745,6964.333673819738,7.275957614183426e-12,1.000000000000001,True,True,True,False,0,False,0.0,,none,,1.0,
flow_scan,0.8,1.3900000000000001,6400.0,0.5567497371041555,890.7995793666489,0.24,1.6,160.0,33.36,1108230.7607807368,1662346.1411709338,1662346.1411709338,1108230.7607807368,1108230.7607807368,1662346.1411709338,1662346.1411709338,15.724237242408208,41.787018026026544,20.115393378891326,10.623406950293827,10.724237242408208,25.115393378891326,25.115393378891326,430214.272914275,447718.62335007417,426328.897904834,231634.67380448058,231634.67380448058,424211.1273034571,240030.21129836125,1811.023650559378,1831.6473513336118,1761.817795970571,1108.997090394374,1111.6028327987747,1790.0587018552453,1137.3822018627227,41.22049354774679,cooling,True,True,6400.000000006101,6399.999999999999,6.1017999541945755e-09,-4118.771386587021,3643.451380006928,True,,False,False,6.148184183984995e-10,26,20.164234660873376,20.216840712091948,26,26,15,15.000000000000018,20.75215807551143,22.300796695023735,19.20351945599913,0.8907995793666489,1.113499474208311,0.000556,0.032228889718230555,3960.738851006561,66.01231418344268,1.1002052363907113,1.4999999999998455,True,57.69230053543559,244.5068227570489,6399.999999999999,6964.1457797846315,-7208.652602541681,621.9493049375394,564.1457797846322,57.80352515290724,0.632100283168652,0.987020000000004,0.907060712675429,1600,800,924.1484282300239,10.290227755207047,6.925294470562055,constant,1.39,1.39,0.000556,False,False,0.27799999999999997,0.15959038096754102,1685.5470554670796,263856.2835507722,30020.312661080978,233835.9708896912,263856.2835507722,866.4561276945883,6964.145779784017,6964.1457797846315,-6.148184183984995e-10,0.9999999999999117,True,True,True,False,0,False,0.0,,none,,1.0,
flow_scan,0.8,1.4450000000000003,6400.0,0.5544861551243685,887.1778481989898,0.24,1.6,160.0,34.68000000000001,1106658.9527879588,1659988.429181547,1659988.429181547,1106658.9527879588,1106658.9527879588,1659988.429181547,1659988.429181547,15.675977096794952,41.73600769983926,20.062048022700594,10.575162683445228,10.675977096794952,25.062048022700594,25.062048022700594,430201.1370931649,447707.0297266609,426325.6261899577,231547.37231111404,231547.37231111404,424200.51057617663,239940.26320331663,1811.1102830799591,1831.7401485184332,1761.9259296083426,1108.7067883474576,1111.3091932207317,1790.150601023313,1137.088073099698,41.16018720351378,cooling,True,True,6399.999999996988,6400.000000000001,-3.0131559469737113e-09,-4111.564386399375,3675.181280094429,True,,False,False,0.06809659477039531,26,20.14041128289864,20.1928637189567,26,26,15,14.999999999999954,20.75667379673203,22.2525076196668,19.26083997379726,0.8871778481989897,1.108972310248737,0.0005780000000000002,0.0322168573398125,3965.0611009720283,66.08435168286714,1.1014058613811188,1.4999999999996465,True,57.28995787565984,274.3789569431279,6400.000000000001,6963.984845579417,-7238.3638025225455,621.756492309632,563.9848455794161,57.771646730215934,0.6320846387655653,0.9870200000000092,0.9070831628703832,1600,800,953.4254071284197,10.293418853136526,6.7126384006021835,constant,1.4450000000000003,1.4450000000000003,0.0005780000000000002,False,False,0.2890000000000001,0.15906008467620528,1706.4633258848971,284822.44665376586,32115.364661660016,252707.08199210587,284822.44665376586,896.1354492527598,6963.916748984647,6963.984845579417,-0.06809659477039531,0.9999902216049746,True,True,True,False,0,False,0.0,,none,,1.0,
flow_scan,0.8,1.5,6400.0,0.5525871376319172,884.1394202110678,0.24,1.6,160.0,36.0,1105332.6828462898,1657999.0242688654,1657999.0242688654,1105332.6828462898,1105332.6828462898,1657999.0242688654,1657999.0242688654,15.635215737899443,41.692924923196756,20.01699158597671,10.534414751676195,10.635215737899443,25.01699158597671,25.01699158597671,430190.0286507968,447697.2209196632,426322.83280901884,231473.65229885775,231473.65229885775,424191.5274505279,239864.31159366638,1811.1834591001857,1831.818529123703,1762.017223942876,1108.4616013159555,1111.0611900186814,1790.2282185029671,1136.8396656227428,41.10931059986115,cooling,True,True,6400.000000003794,6399.999999999999,3.7953213904984295e-09,-4105.4772286116,3701.9809059295867,True,,False,False,1.2058080756105483e-08,26,20.120274257046958,20.172597759470733,26,26,15,14.999999999999979,20.76482759076231,22.212198049388576,19.31745713213604,0.8841394202110677,1.1051742752638345,0.0006,0.0322067064501277,3968.7173757952023,66.14528959658671,1.1024214932764451,1.4999999999994849,True,56.95340737851539,306.58228560216196,6399.999999999999,6963.849002169324,-7270.4312877714865,621.5937454495534,563.8490021693254,57.74474328022791,0.6320714314673095,0.9870200000000133,0.9071021166108013,1600,800,985.1294384302307,10.296113895694601,6.496608212417421,constant,1.4999999999999998,1.4999999999999998,0.0006,False,True,0.3,0.15858282301514878,1726.4863134557447,306582.285602162,34271.88008391488,272310.4055182471,306582.285602162,928.1760310517153,6963.849002157266,6963.849002169324,-1.2058080756105483e-08,0.9999999999982685,True,True,True,False,0,False,0.0,,none,,1.0,
flow_scan,0.9,0.4,7200.0,1.0,1600.0,0.24,1.6,160.0,9.600000000000003,1256044.1906991655,2048004.0932998655,2048004.0932998655,1256044.1906991655,1256044.1906991655,2048004.0932998655,2048004.0932998655,20.049034271863547,51.435156634971975,28.163784091558227,14.949909005272445,15.049034271863547,33.16378409155823,33.16378409155823,431317.5859600354,451643.7598830601,426336.15530162153,245063.7464611783,245063.7464611783,425075.5031321856,253923.80939835423,1803.2748815080918,1825.153438833172,1744.8198362833464,1152.9494859096064,1157.124021527621,1781.799667336727,1182.1111171283314,46.94556392275952,cooling,True,True,7199.999999999941,7200.0,-5.911715561524034e-11,-5564.6213442851285,-1.8189894035458565e-11,True,,False,True,3.7602785596391186e-07,26,22.344806579348187,22.425959995938705,26,26,15,14.999999995864073,23.92308076310212,29.889291870176066,17.956869656028175,1.6,2.0,0.00016000000000000004,0.03865692121769217,4185.720060775175,69.76200101291958,1.162700016881993,1.6305191397444885,False,159.856,6.111798148187902,7200.0,7985.747303999477,-7991.859102147664,856.0397193792436,785.747303999476,70.29241537976759,0.6536158341643372,0.9836317231322331,0.9178865024735767,1600,800,1022.0075175274314,8.410824681384028,7.044957964124512,constant,0.4000000000000001,0.4000000000000001,0.00016000000000000004,True,False,0.08000000000000002,0.2233042563235414,1028.0729947059735,22919.24305570463,3554.9475521848244,19364.295503519803,22919.24305570463,862.1515175274315,7985.747303623449,7985.747303999477,-3.7602785596391186e-07,0.9999999999529127,True,True,False,False,0,False,4.135927156312391e-09,,none,,15.197789079957595,
flow_scan,0.9,0.455,7200.0,1.0,1600.0,0.24,1.6,160.0,10.92,1256044.1906991655,1974828.4993636443,1974828.4993636443,1256044.1906991655,1256044.1906991655,1974828.4993636443,1974828.4993636443,20.049034271863547,49.24547776070301,26.730344995261646,14.948570170387313,15.049034271863547,31.730344995261646,31.730344995261646,431317.5859600354,450380.7328924982,426411.4397798649,242632.4186287204,242632.4186287204,425075.5031321856,251398.91702790477,1803.2748815080918,1824.4783837918026,1747.9641270053255,1145.0932179348238,1148.6868432454821,1781.799667336727,1174.083775275261,46.94556392275952,cooling,True,True,7199.999999999941,7200.0,-5.911715561524034e-11,-5564.6213442851285,-1.8189894035458565e-11,True,,False,True,4.137718860874884e-07,26,22.344806579348187,22.425959995938705,26,26,15,14.999999779342284,23.294067562374863,28.50266935446217,18.085465770287556,1.6,2.0,0.000182,0.038158802315167765,4125.4412736140775,68.75735456023463,1.1459559093372438,1.5722603663047667,False,159.856,8.940529709775802,7200.0,7927.426855300845,-7936.367385010621,796.0592166775391,727.4268553008452,68.6323613766939,0.6444009359952655,0.9851441208907282,0.9137848542685802,1600,800,964.8557463873149,9.044553280910652,7.462255396165467,constant,0.455,0.455,0.000182,False,False,0.091,0.20901420966719725,1097.6318860776535,29474.273768491654,4418.690789640489,25055.582978851166,29474.273768491654,804.9997463873149,7927.426854887073,7927.426855300845,-4.137718860874884e-07,0.999999999947805,True,True,False,False,0,False,2.2065768234824645e-07,,none,,13.63314396706343,
flow_scan,0.9,0.51,7200.0,1.0,1600.0,0.24,1.6,160.0,12.240000000000002,1256044.1906991655,1921404.8349408957,1921404.8349408957,1256044.1906991655,1256044.1906991655,1921404.8349408957,1921404.8349408957,20.049034271863547,47.59146312225255,25.658284189202618,14.947575326067636,15.049034271863547,30.658284189202618,30.658284189202618,431317.5859600354,449415.5523636799,426444.559250111,240825.7786088302,240825.7786088302,425075.5031321856,249525.72626567975,1803.2748815080918,1823.9184074485302,1750.2781796326074,1139.2270119304742,1142.4174526121133,1781.799667336727,1168.0999222861235,46.94556392275952,cooling,True,True,7199.999999999941,7200.000000000002,-6.093614501878619e-11,-5564.62134428513,-2.000888343900442e-11,True,,False,True,-2.2208068912732415e-06,26,22.344806579348187,22.425959995938705,26,26,15,14.999999999992339,22.844651620821622,27.468240931906223,18.22106230973702,1.6,2.0,0.00020400000000000003,0.037796901085229005,4081.740375072007,68.02900625120012,1.1338167708533353,1.529727098113772,False,159.856,12.525655327301974,7200.000000000002,7884.047046002352,-7896.572701329654,751.4653627388378,684.04704600235,67.41831673648778,0.6371327573273505,0.9862482845329664,0.9102841992733095,1600,800,923.8470180661398,9.581279932528666,7.793498121660378,constant,0.51,0.51,0.00020400000000000003,False,False,0.10200000000000001,0.19868497176017572,1160.9191103337146,36840.162727358744,5361.079849449373,31479.082877909368,36840.162727358744,763.9910180661398,7884.0470482231585,7884.047046002352,2.2208068912732415e-06,1.0000000002816836,True,True,False,False,0,False,7.673861546209082e-12,,none,,12.422553873920355,
flow_scan,0.9,0.5650000000000001,7200.0,0.9932905881419629,1589.2649410271406,0.24,1.6,160.0,13.560000000000002,1254021.116248465,1881031.6743726989,1881031.6743726989,1254021.116248465,1254021.116248465,1881031.6743726989,1881031.6743726989,19.992494051639653,46.34476692029142,24.83308938384289,14.890346775799287,14.992494051639653,29.83308938384289,29.83308938384289,431304.1356584261,448705.18325406313,426457.0978957738,239441.80586854272,239441.80586854272,425065.3572133152,248092.38592279278,1803.3761197582253,1823.594245081064,1752.0391334060544,1134.7166108020383,1137.6320783892654,1781.908100418079,1163.5045740524206,46.86646461796511,cooling,True,True,7200.000000000662,7199.999999999999,6.630216375924647e-10,-5556.177826915147,37.17385258232571,True,,False,False,-2.000888343900442e-11,26,22.32011672687895,22.400861210195337,26,26,15,14.999999999999968,22.51387676632683,26.673318441540175,18.354435091113487,1.5892649410271407,1.9865811762839258,0.00022600000000000005,0.037526908006824615,4056.249311428099,67.60415519046832,1.1267359198411386,1.500000000000001,True,157.98334803836758,16.955616960425107,7199.999999999999,7853.007512343846,-7869.963129304271,719.5311152603224,653.0075123438477,66.52360291647472,0.6317623542963574,0.98702,0.9075458982862654,1600,800,894.4700802591151,10.006516531804296,8.049458734175058,constant,0.5650000000000001,0.5650000000000001,0.00022600000000000005,False,False,0.11300000000000002,0.19095074888847954,1218.8983260352154,45014.912284314436,6380.1170836200035,38634.79520069443,45014.912284314436,736.4867322207475,7853.007512343866,7853.007512343846,2.000888343900442e-11,1.0000000000000024,True,True,True,False,0,False,0.0,,none,,1.0,
flow_scan,0.9,0.6200000000000001,7200.0,0.9312085250753173,1489.9336401205076,0.24,1.6,160.0,14.880000000000004,1234204.563203418,1851306.8448051277,1851306.8448051277,1234204.563203418,1234204.563203418,1851306.8448051277,1851306.8448051277,19.435010491700723,45.75354279319373,24.216959318930606,14.333024580313577,14.435010491700723,29.216959318930606,29.216959318930606,431170.095305272,448592.11762351205,426459.33738067717,238412.15704785887,238412.15704785887,424963.62574107555,247026.87689903646,1804.3742640730861,1824.664949152754,1753.3431353574495,1131.3515343882298,1134.2248648643533,1782.9763968355846,1160.0791001278305,46.092783220691146,cooling,True,True,7200.000000003045,7200.0,3.0449882615357637e-09,-5472.925195369272,403.7060590750698,True,,False,False,-3.183231456205249e-11,26,22.07478526857585,22.151711767299545,26,26,15,15.000000000000043,22.283037865296734,26.07499588325436,18.49107984733911,1.4899336401205077,1.8624170501506345,0.00024800000000000007,0.03735254726778081,4105.171853239988,68.41953088733314,1.1403255147888856,1.5000000000000007,True,141.10585756664636,22.31867439020051,7200.0,7850.756912142393,-7873.075586532594,716.86169006982,650.7569121423927,66.10477792742734,0.6315953497710428,0.98702,0.9077858688180297,1600,800,880.2862220266669,10.043778457876224,8.179157891876999,constant,0.6200000000000001,0.6200000000000001,0.00024800000000000007,False,False,0.12400000000000003,0.1850112522164731,1272.5426473297719,53996.79287951734,7474.072932311012,46522.71994720633,53996.79287951734,739.1803644600205,7850.756912142425,7850.756912142393,3.183231456205249e-11,1.000000000000004,True,True,True,False,0,False,0.0,,none,,1.0,
flow_scan,0.9,0.675,7200.0,0.8855443471951278,1416.8709555122045,0.24,1.6,160.0,16.200000000000003,1218229.5876717274,1827344.38150759,1827344.38150759,1218229.5876717274,1218229.5876717274,1827344.38150759,1827344.38150759,18.98068054872857,45.27189207318321,23.71481811155428,13.878828683680297,13.980680548728571,28.71481811155428,28.71481811155428,431058.9643713037,448497.699907754,426456.76423645526,237575.2980283162,237575.2980283162,424878.466425987,246161.39972619028,1805.1876971180882,1825.5372463929552,1754.3993647211792,1128.6105665551672,1131.4499408353959,1783.8459609469294,1157.29075350614,45.4705504257546,cooling,True,True,7200.000000001523,7199.999999999999,1.5243131201714277e-09,-5405.077161704093,702.4172111878761,True,,False,False,7.275957614183426e-12,26,21.872376767769936,21.946455714969964,26,26,15,15.000000000000002,22.10370035831781,25.5887036714297,18.61869704520592,1.4168709555122045,1.7710886943902555,0.00027000000000000006,0.03721244348986336,4145.73967874669,69.09566131244483,1.151594355207414,1.4999999999999991,True,129.2192600515387,28.70292840576525,7199.999999999999,7848.93796068483,-7877.640889090595,714.7046097501974,648.9379606848305,65.76664906536689,0.6314598546778367,0.98702,0.9079806563884434,1600,800,872.6267982075012,10.07409201196636,8.250949907554773,constant,0.6750000000000002,0.6750000000000002,0.00027000000000000006,False,False,0.13500000000000004,0.1803509567986379,1322.1786879044785,63784.285346144985,8641.428228699913,55142.85711744507,63784.285346144985,743.4075381559626,7848.937960684822,7848.93796068483,-7.275957614183426e-12,0.9999999999999991,True,True,True,False,0,False,0.0,,none,,1.0,
flow_scan,0.9,0.7300000000000001,7200.0,0.8506705985953431,1361.0729577525492,0.24,1.6,160.0,17.520000000000003,1205120.6060375874,1807680.9090563792,1807680.9090563792,1205120.6060375874,1205120.6060375874,1807680.9090563792,1807680.9090563792,18.60450284859786,44.873213627684095,23.29904354340249,13.502763644334038,13.60450284859786,28.29904354340249,28.29904354340249,430965.6772786886,448417.9932967161,426451.698954716,236883.9173081263,236883.9173081263,424806.4450074778,245446.72348331547,1805.8612447523246,1826.2593484315344,1755.2696566397553,1126.3420301522567,1129.1535473147812,1784.5652929947544,1154.9842054739952,44.96091669861515,cooling,True,True,7199.999999996652,7200.0,-3.347849997226149e-09,-5348.900108755325,949.7451188976202,True,,False,False,3.9108272176235914e-11,26,21.703162391311366,21.775044317069455,26,26,15,15.000000000000043,21.962288573075426,25.187176449712865,18.737400696437987,1.361072957752549,1.7013411971906862,0.00029200000000000005,0.03709776746198135,4179.811232206389,69.66352053677315,1.1610586756128858,1.4999999999999984,True,120.44901683308899,36.19633922709697,7200.0,7847.441961309796,-7883.638300536893,712.9307902273372,647.441961309796,65.48882891754113,0.631348089002254,0.98702,0.90814139350517,1600,800,869.5761462875231,10.09915702715559,8.2798959363581,constant,0.7300000000000001,0.7300000000000001,0.00029200000000000005,False,False,0.14600000000000002,0.17662628110681425,1368.2985789290615,74376.03950773348,9880.832796322842,64495.20671141064,74376.03950773348,749.1271294544341,7847.441961309757,7847.441961309796,-3.9108272176235914e-11,0.999999999999995,True,True,True,False,0,False,0.0,,none,,1.0,
flow_scan,0.9,0.7850000000000001,7200.0,0.8232603582462162,1317.216573193946,0.24,1.6,160.0,18.840000000000007,1194205.1788284702,1791307.7682427054,1791307.7682427054,1194205.1788284702,1194205.1788284702,1791307.7682427054,1791307.7682427054,18.28891789141784,44.53883654182573,22.95023352103283,13.187274340196552,13.288917891417839,27.95023352103283,27.95023352103283,430886.5350179892,448350.06436027586,426445.4293746688,236304.95608334523,236304.95608334523,424744.97960998863,244848.49154283604,1806.4263576826645,1826.8650656037032,1755.9968880720432,1124.4395270085017,1127.2278527591006,1785.1683416003611,1153.0506444028877,44.537220925882814,cooling,True,True,7199.999999996404,7200.0,-3.5961420508101583e-09,-5301.7717626487465,1157.2347365354617,True,,False,False,-2.546585164964199e-11,26,21.56010029629431,21.630241847611615,26,26,15,14.999999999999982,21.849513348723406,24.85128470230194,18.847741995144872,1.317216573193946,1.6465207164924325,0.0003140000000000001,0.03700247494866065,4208.736251373168,70.1456041895528,1.1690934031592133,1.5,True,113.74562561916285,44.88674145491603,7200.0,7846.193807003161,-7891.080548458077,711.4510479714393,646.1938070031615,65.25724096827776,0.6312546258369237,0.98702,0.9082758523522514,1600,800,870.0834150455181,10.120162196020884,8.275068660656329,constant,0.7850000000000003,0.7850000000000003,0.0003140000000000001,False,False,0.15700000000000006,0.1736014049447721,1411.3103334976051,85770.8435444255,11191.074815322418,74579.76872910309,85770.8435444255,756.3377894263552,7846.1938070031865,7846.193807003161,2.546585164964199e-11,1.0000000000000033,True,True,True,False,0,False,0.0,,none,,1.0,
flow_scan,0.9,0.8400000000000001,7200.0,0.8012255885974354,1281.9609417558968,0.24,1.6,160.0,20.160000000000004,1185006.1707610104,1777509.2561415148,1777509.2561415148,1185006.1707610104,1185006.1707610104,1777509.2561415148,1777509.2561415148,18.021269753310037,44.25531114351418,22.654403081890734,12.919708122848249,13.021269753310037,27.654403081890734,27.654403081890734,430818.7887488622,448291.6999188562,426438.6854997947,235814.6869329679,235814.6869329679,424692.11008424155,244342.069705578,1806.9056893812233,1827.378741055893,1756.611649179547,1122.8264445712293,1125.5952283730014,1785.6795129052148,1151.4118045534372,44.18061243697861,cooling,True,True,7200.000000004458,7199.999999999999,4.459252522792667e-09,-5261.802132282839,1333.2070336110473,True,,False,False,2.3621396394446492e-08,26,21.437997147529188,21.50673100533878,26,26,15,14.999999999999996,21.758857248972305,24.567255541297868,18.95045895664674,1.2819609417558968,1.6024511771948708,0.0003360000000000001,0.036922300264214974,4233.51467402649,70.5585779004415,1.1759762983406918,1.4999999999999993,True,108.47949732458602,54.86185641702972,7199.999999999999,7845.140072708473,-7900.001929125503,710.2019538277458,645.1400727084736,65.06188111927224,0.6311755768905529,0.98702,0.9083896055641484,1600,800,873.5433075693616,10.137961408293036,8.24229312686744,constant,0.8400000000000002,0.8400000000000002,0.0003360000000000001,False,False,0.16800000000000004,0.1711102683166176,1451.5562468135297,97967.6007446959,12571.057574173554,85396.54317052235,97967.6007446959,765.0638102447755,7845.1400726848515,7845.140072708473,-2.3621396394446492e-08,0.9999999999969891,True,True,True,False,0,False,0.0,,none,,1.0,
flow_scan,0.9,0.895,7200.0,0.7831923086570443,1253.1076938512708,0.24,1.6,160.0,21.48,1177176.5257663252,1765764.7886494878,1765764.7886494878,1177176.5257663252,1177176.5257663252,1765764.7886494878,1765764.7886494878,17.792230544747326,44.012729055333125,22.401244225473363,12.690739588419888,12.792230544747326,27.401244225473363,27.401244225473363,430760.36198065843,448241.20835688076,426431.88560753583,235395.68251326852,235395.68251326852,424646.3313309587,243909.37934289343,1807.3159298035248,1827.8183032425527,1757.1363004079428,1121.4463595687055,1124.1985121432008,1786.1167599731368,1150.0100956956858,43.8774198380067,cooling,True,True,7200.0000000031,7199.999999999999,3.1004674383439124e-09,-5227.598223485745,1483.794876052606,True,,False,False,9.458744898438454e-11,26,21.33295541816409,21.400531508383317,26,26,15,15.0,21.685647167263568,24.32494866587922,19.046345668647916,1.2531076938512709,1.5663846173140885,0.00035800000000000003,0.036854154085727744,4254.9005845799375,70.91500974299896,1.1819168290499826,1.5,True,104.25181097954106,66.20930251663371,7199.999999999999,7844.241805898232,-7910.451108414866,709.1372678528998,644.241805898233,64.89546195466676,0.6311080910799801,0.98702,0.9084867417120033,1600,800,879.5983813490745,10.153182361716652,8.18555394446847,constant,0.895,0.895,0.00035800000000000003,False,False,0.17900000000000002,0.16903327194960108,1489.326435541365,110965.31148039168,14019.781444723283,96945.5300356684,110965.31148039168,775.3465703695334,7844.2418058981375,7844.241805898232,-9.458744898438454e-11,0.9999999999999879,True,True,True,False,0,False,0.0,,none,,1.0,
flow_scan,0.9,0.9500000000000001,7200.0,0.7682210442475026,1229.1536707960042,0.24,1.6,160.0,22.8,1170458.3440316734,1755687.5160475122,1755687.5160475122,1170458.3440316734,1170458.3440316734,1755687.5160475122,1755687.5160475122,17.5947901406073,43.803646805665835,22.18300992383473,12.493360524028049,12.594790140607302,27.18300992383473,27.18300992383473,430709.66232850356,448197.2802201952,426425.2690641859,235034.88400771166,235034.88400771166,424606.4742073194,243536.88272460093,1807.6696189939414,1828.1972185715792,1757.5875318606709,1120.256894838825,1122.994778198259,1786.4935542275027,1148.8022955849442,43.617508733646865,cooling,True,True,7199.9999999946485,7199.999999999999,-5.350557330530137e-09,-5198.1131688593105,1613.607254713942,True,,False,False,1.0913936421275139e-11,26,21.242003004188064,21.308614016179153,26,26,15,14.999999999999982,21.626468621559553,24.116751582305938,19.13618566081317,1.2291536707960042,1.5364420884950052,0.00038,0.036795748853213066,4273.471782787392,71.2245297131232,1.1870754952187201,1.5000000000000018,True,100.7985685484126,79.01660401652948,7199.999999999999,7843.46999598364,-7922.486600000169,708.2225568826526,643.4699959836404,64.75256089901222,0.6310500353785713,0.98702,0.908570321193905,1600,800,888.0377294475948,10.166295792232141,8.107763624501372,constant,0.95,0.95,0.00038,False,False,0.19,0.1672825453957708,1524.8690070306807,124763.05897346759,15536.329648926243,109226.72932454135,124763.05897346759,787.2391608991821,7843.469995983629,7843.46999598364,-1.0913936421275139e-11,0.9999999999999986,True,True,True,False,0,False,0.0,,none,,1.0,
flow_scan,0.9,1.0050000000000001,7200.0,0.7556468101034173,1209.0348961654677,0.24,1.6,160.0,24.120000000000005,1164655.484054018,1746983.2260810265,1746983.2260810265,1164655.484054018,1164655.484054018,1746983.2260810265,1746983.2260810265,17.423563208127234,43.62234814624446,21.993748536213673,12.322187095234938,12.423563208127234,26.993748536213673,26.993748536213673,430665.44495156343,448158.88372134115,426418.969438964,234722.28517794484,234722.28517794484,424571.61489352566,243214.21269243243,1807.9763894273035,1828.5258281486797,1757.978089855198,1119.225512423738,1121.9510714219728,1786.820231703391,1147.7552382594768,43.393188130846205,cooling,True,True,7199.9999999974825,7200.0,-2.5174813345074654e-09,-5172.54274177433,1726.1848980435116,True,,False,False,0.02982421385240741,26,21.16282822639016,21.228625950292585,26,26,15,15.000000000000032,21.578785453399604,23.93685111236232,19.22071979443689,1.2090348961654678,1.5112936202068346,0.00040200000000000007,0.0367453500715129,4289.6798558253,71.49466426375501,1.1915777377292502,1.4999999999999996,True,97.93814118446251,93.37119857790476,7200.0,7842.802531550058,-7936.173730127963,707.4315802272358,642.8025315500581,64.6290486771777,0.6309997778796338,0.98702,0.9086426864681132,1600,800,898.7409199896032,10.177662690273554,8.011207501360115,constant,1.0050000000000001,1.0050000000000001,0.00040200000000000007,False,False,0.20100000000000004,0.16579237494322077,1558.3977491425967,139359.99787746978,17119.85684032862,122240.14103714116,139359.99787746978,800.8027788051406,7842.772707336206,7842.802531550058,-0.02982421385240741,0.999996197250443,True,True,True,False,0,False,0.0,,none,,1.0,
flow_scan,0.9,1.06,7200.0,0.744994742899371,1191.9915886389936,0.24,1.6,160.0,25.440000000000005,1159620.3896059117,1739430.5844088658,1739430.5844088658,1159620.3896059117,1159620.3896059117,1739430.5844088658,1739430.5844088658,17.274470538966682,43.46450422881213,21.828951789006737,12.173141243669079,12.274470538966682,26.828951789006737,26.828951789006737,430626.75589981244,448125.22409304226,426413.0621190068,234450.31986068792,234450.31986068792,424541.04048751516,242933.5332860684,1808.2435367263072,1828.81196281901,1758.3175905211003,1118.3275747473551,1121.0424404933037,1787.1046148199441,1146.8438213287445,43.19868074135396,cooling,True,True,7200.000000002697,7200.0,2.6966517907567322e-09,-5150.277767623031,1824.2097886883512,True,,False,False,2.1827872842550278e-11,26,21.093665484902715,21.158772299246927,26,26,15,14.999999999999986,21.54068723956277,23.780741462768333,19.30063301635721,1.1919915886389936,1.489989485798742,0.00042400000000000006,0.036701655639029274,4303.870780098344,71.73117966830573,1.195519661138429,1.4999999999999984,True,95.54364094744258,109.36044379260191,7200.0,7842.222753838428,-7951.583197631029,706.7445700155753,642.2227538384273,64.52181617714803,0.6309560858935381,0.98702,0.9087056074930634,1600,800,911.6486547556198,10.187556163100519,7.897779437770422,constant,1.06,1.06,0.00042400000000000006,False,False,0.21200000000000002,0.16451282913096893,1590.098587624241,154755.34498953097,18769.57981606321,135985.76517346778,154755.34498953097,816.1050138081772,7842.222753838406,7842.222753838428,-2.1827872842550278e-11,0.9999999999999972,True,True,True,False,0,False,0.0,,none,,1.0,
flow_scan,0.9,1.1150000000000002,7200.0,0.7359027910538769,1177.444465686203,0.24,1.6,160.0,26.760000000000005,1155233.0992124097,1732849.6488186158,1732849.6488186158,1155233.0992124097,1155233.0992124097,1732849.6488186158,1732849.6488186158,17.14416250576852,43.326561666907764,21.68491763013901,12.04287430320295,12.14416250576852,26.68491763013901,26.68491763013901,430592.7988751085,448095.6331189311,426407.5791680197,234212.79065975844,234212.79065975844,424514.1502055292,242688.4296153546,1808.477052136085,1829.0620514416669,1758.6138870689194,1117.5428602599497,1120.2484088605133,1787.353120378661,1146.0474538940373,43.02929924334996,cooling,True,True,7199.999999998496,7199.999999999999,-1.5033947420306504e-09,-5130.818024852314,1909.8842271185795,True,,False,False,-5.547917680814862e-11,26,21.033048569612674,21.097564256455097,26,26,15,15.000000000000018,21.510716483658285,23.644882663407543,19.376550303909028,1.177444465686203,1.4718055821077538,0.0004460000000000001,0.036663609831936096,4316.333576604223,71.93889294340372,1.1989815490567286,1.500000000000001,True,93.52073435296847,127.07162289132056,7199.999999999999,7841.717085668562,-7968.788708559882,706.1454178678144,641.7170856685624,64.42833219925205,0.6309179515311848,0.98702,0.9087605320816333,1600,800,926.7377751121035,10.196200127928593,7.769187998329998,constant,1.1150000000000002,1.1150000000000002,0.0004460000000000001,False,False,0.22300000000000006,0.1634054238799082,1620.1334917942054,170948.37160267335,20484.76986915206,150463.6017335213,170948.37160267335,833.217040759135,7841.717085668617,7841.717085668562,5.547917680814862e-11,1.000000000000007,True,True,True,False,0,False,0.0,,none,,1.0,
flow_scan,0.9,1.1700000000000002,7200.0,0.7281035542675002,1164.9656868280003,0.24,1.6,160.0,28.080000000000005,1151401.799046695,1727102.6985700435,1727102.6985700435,1151401.799046695,1151401.799046695,1727102.6985700435,1727102.6985700435,17.030063422976923,43.20578853042235,21.558799336815866,11.928811333653414,12.030063422976923,26.558799336815866,26.558799336815866,430562.9569081146,448069.5913826401,426402.5344187749,234004.93769124252,234004.93769124252,424490.4765346295,242473.9760444039,1808.681542494805,1829.2810366958474,1758.8730021808221,1116.8558232753298,1119.5532356995504,1787.570679886589,1145.3503107828406,42.881459746199816,cooling,True,True,7200.000000002201,7200.0,2.2009771782904863e-09,-5113.778869652094,1984.9016654426505,True,,False,False,6.639311322942376e-11,26,20.979844008136695,21.04385158229718,26,26,15,15.000000000000002,21.487750078864963,23.526461502506947,19.449038655222978,1.1649656868280003,1.4562071085350003,0.0004680000000000001,0.03663040576358214,4327.292181172696,72.12153635287827,1.2020256058813044,1.5000000000000009,True,91.80083939674202,146.5919497693271,7200.0,7841.275124356585,-7987.867074125912,705.6217826130767,641.2751243565854,64.34665825649131,0.6308846012695983,0.98702,0.9088085716143837,1600,800,944.0145717791459,10.203766631660343,7.627000912105046,constant,1.1700000000000002,1.1700000000000002,0.0004680000000000001,False,False,0.23400000000000004,0.1624401112001453,1648.6451012923865,187938.3971401629,22264.7464228613,165673.6507173016,187938.3971401629,852.2137323824038,7841.275124356519,7841.275124356585,-6.639311322942376e-11,0.9999999999999916,True,True,True,False,0,False,0.0,,none,,1.0,
flow_scan,0.9,1.225,7200.0,0.7213900497734811,1154.2240796375697,0.24,1.6,160.0,29.400000000000006,1148052.3771802953,1722078.5657704426,1722078.5657704426,1148052.3771802953,1148052.3771802953,1722078.5657704426,1722078.5657704426,16.930080972465248,43.09996606327229,21.448284381303438,11.828860628938855,11.930080972465248,26.448284381303438,26.448284381303438,430536.7237442267,448046.6708428309,426397.92748526833,233822.90040785653,233822.90040785653,424469.63368798146,242286.17894711674,1808.8607503809565,1829.4729332336444,1759.0998116824771,1116.2538391409385,1118.944138867955,1787.7612969334914,1144.7395450845347,42.75227307274262,cooling,True,True,7200.000000002087,7200.0,2.0872903405688703e-09,-5098.847842601872,2050.6377531590497,True,,False,False,2.41016095969826e-10,26,20.93312470583612,20.996694138514897,26,26,15,14.999999999999986,21.470914617867606,23.42321846657643,19.518610769158784,1.1542240796375698,1.4427800995469622,0.0004900000000000001,0.0366013932213009,4336.930454539637,72.28217424232729,1.2047029040387882,1.4999999999999998,True,90.33179005105919,168.0085734411045,7200.0,7840.88845904019,-8008.897032481294,705.1636872151392,640.8884590401901,64.27522817494912,0.6308554084683087,0.98702,0.9088506266838733,1600,800,963.5040507073029,10.21039530330118,7.47272416209825,constant,1.225,1.225,0.0004900000000000001,False,False,0.24500000000000005,0.16159315300531016,1675.7593495091,205724.783805434,24108.871680625234,181615.91212480876,205724.783805434,873.1722606562437,7840.888459039949,7840.88845904019,-2.41016095969826e-10,0.9999999999999692,True,True,True,False,0,False,0.0,,none,,1.0,
flow_scan,0.9,1.2800000000000002,7200.0,0.7156008905307772,1144.9614248492437,0.24,1.6,160.0,30.720000000000006,1145124.9987315636,1717687.498097346,1717687.498097346,1145124.9987315636,1145124.9987315636,1717687.498097346,1717687.498097346,16.842517044476722,43.00729386301134,21.351495909725088,11.741324580365358,11.842517044476722,26.351495909725088,26.351495909725088,430513.68514159886,448026.5200473765,426393.75034385995,233663.54965250485,233663.54965250485,424451.30457117344,242121.80219694637,1809.0177134694627,1829.6409990478528,1759.298261797463,1115.726664178888,1118.410747552914,1787.9282192212643,1144.20473589968,42.63940909833615,cooling,True,True,7199.999999998691,7200.000000000001,-1.3096723705530167e-09,-5085.771353970823,2108.208957121228,True,,False,False,2.7284841053187847e-11,26,20.89213405262808,20.955325102692235,26,26,15,14.999999999999963,21.459525982038514,23.333321929408214,19.585730034668813,1.1449614248492437,1.4312017810615545,0.0005120000000000001,0.036576047977365495,4345.398922039256,72.42331536732092,1.2070552561220154,1.5000000000000004,True,89.07351233364668,191.40858201277064,7200.000000000001,7840.550289733405,-8031.958871746176,704.7630662560472,640.5502897334045,64.21277652264268,0.630829865702351,0.98702,0.908887426715245,1600,800,985.2451606024645,10.21619937924524,7.307825795964626,constant,1.2800000000000002,1.2800000000000002,0.0005120000000000001,False,False,0.25600000000000006,0.16084559408691862,1701.588023640101,224306.93204621554,26016.546090172757,198290.3859560428,224306.93204621554,896.1716482688178,7840.550289733378,7840.550289733405,-2.7284841053187847e-11,0.9999999999999966,True,True,True,False,0,False,0.0,,none,,1.0,
flow_scan,0.9,1.3350000000000002,7200.0,0.7106086606387635,1136.9738570220215,0.24,1.6,160.0,32.040000000000006,1142570.930244566,1713856.3953668487,1713856.3953668487,1142570.930244566,1142570.930244566,1713856.3953668487,1713856.3953668487,16.76598201142758,42.926298831757265,21.266898004953475,11.664813973552498,11.765982011427582,26.266898004953475,26.266898004953475,430493.4996271173,448008.8483978541,426389.9907641561,233524.32768982428,233524.32768982428,424435.22675361356,241978.2012787761,1809.1549178193047,1829.787900124417,1759.471573890063,1115.265917331255,1117.9445771601936,1788.0741033565093,1143.7373594560465,42.540971826876955,cooling,True,True,7199.99999999469,7200.0,-5.309630068950355e-09,-5074.341881669451,2158.5289244769847,True,,False,False,2.6193447411060333e-10,26,20.856249827628744,20.919114161997133,26,26,15,15.000000000000018,21.453045265029942,23.255274847222893,19.650815682836992,1.1369738570220216,1.421217321277527,0.0005340000000000001,0.036553943590178606,4352.82173875941,72.54702897932351,1.2091171496553919,1.4999999999999998,True,87.99478829342335,216.87900624389258,7200.0,7840.255070927817,-8057.13407717171,704.4133428454969,640.2550709278163,64.15827191768062,0.6308075585870303,0.98702,0.9089195675105876,1600,800,1009.2871373828128,10.221271463875746,7.133747903168917,constant,1.3350000000000002,1.3350000000000002,0.0005340000000000001,False,False,0.267,0.16018214921639065,1726.2307948821265,243684.27667853097,27987.20446752738,215697.0722110036,243684.27667853097,921.2923490893895,7840.255070927555,7840.255070927817,-2.6193447411060333e-10,0.9999999999999666,True,True,True,False,0,False,0.0,,none,,1.0,
flow_scan,0.9,1.3900000000000001,7200.0,0.7063116745201572,1130.0986792322517,0.24,1.6,160.0,33.36,1140350.1715357353,1710525.2573036023,1710525.2573036023,1140350.1715357353,1140350.1715357353,1710525.2573036023,1710525.2573036023,16.69933030185541,42.85576676840628,21.19322448672699,11.598183580029172,11.699330301855412,26.19322448672699,26.19322448672699,430475.8838339743,447993.4140838907,426386.63442157727,233403.12822437013,233403.12822437013,424421.1816875556,241853.19892271276,1809.2744130664819,1829.9158341482594,1759.6223976418494,1114.8646907567195,1117.5386348737336,1788.2011385793896,1143.3303919877117,42.45540638281904,cooling,True,True,7200.000000002758,7200.0,2.7575879357755184e-09,-5064.388350089932,2202.3508412679967,True,,False,False,3.2650859793648124e-10,26,20.824956810835033,20.887539617789194,26,26,15,15.000000000000025,21.451046218778117,23.187844682852017,19.714247754704218,1.1300986792322516,1.4126233490403144,0.000556,0.03653473042343309,4359.30199609566,72.655033268261,1.2109172211376833,1.4999999999999996,True,87.07100474321606,244.5068227570489,7200.0,7839.998245365028,-8084.505068122077,704.1091126103993,639.9982453650289,64.1108672453704,0.6307881461695131,0.98702,0.9089475393839356,1600,800,1035.6869401106642,10.225687852990387,6.951907686728842,constant,1.39,1.39,0.000556,False,False,0.27799999999999997,0.15959038096754102,1749.7768966841409,263856.2835507722,30020.312661080978,233835.9708896912,263856.2835507722,948.6159353674482,7839.998245364702,7839.998245365028,-3.2650859793648124e-10,0.9999999999999584,True,True,True,False,0,False,0.0,,none,,1.0,
flow_scan,0.9,1.4450000000000003,7200.0,0.70262802752045,1124.2048440327198,0.24,1.6,160.0,34.68000000000001,1138429.6664098853,1707644.4996148276,1707644.4996148276,1138429.6664098853,1138429.6664098853,1707644.4996148276,1707644.4996148276,16.641611378420976,42.79469032972463,21.129424734226234,11.540483148845226,11.641611378420976,26.129424734226234,26.129424734226234,430460.60120806424,447980.01473790803,426383.66618706397,233298.20527017544,233298.20527017544,424408.9863419731,241744.99068121906,1809.3779000725601,1830.0266246097713,1759.7529271354852,1114.51725363761,1117.1871196577513,1788.3111408320337,1142.9780078024821,42.38142884082906,cooling,True,True,7199.999999995863,7200.0,-4.1372913983650506e-09,-5055.768809333541,2240.299663229898,True,,False,False,4.0381564758718014e-10,26,20.797825766289463,20.860167000713417,26,26,15,14.999999999999972,21.453190906484423,23.130010119213523,19.776371693755323,1.12420484403272,1.4052560550409,0.0005780000000000002,0.03651811982579165,4364.925809642589,72.74876349404316,1.212479391567386,1.4999999999999998,True,86.28255565597455,274.3789569431279,7200.0,7839.776042560431,-8114.154999503559,703.8459045698656,639.776042560431,64.06986200943459,0.6307713460527548,0.98702,0.9089717485127814,1600,800,1064.5074171689682,10.229511819636238,6.763691716820749,constant,1.4450000000000003,1.4450000000000003,0.0005780000000000002,False,False,0.2890000000000001,0.15906008467620528,1772.306522246581,284822.44665376586,32115.364661660016,252707.08199210587,284822.44665376586,978.2248615129936,7839.776042560027,7839.776042560431,-4.0381564758718014e-10,0.9999999999999485,True,True,True,False,0,False,0.0,,none,,1.0,
flow_scan,0.9,1.5,7200.0,0.6994912302334796,1119.1859683735674,0.24,1.6,160.0,36.0,1136781.9344394119,1705172.9016591175,1705172.9016591175,1136781.9344394119,1136781.9344394119,1705172.9016591175,1705172.9016591175,16.592032009612865,42.74222898920709,21.074621989271293,11.490919688878478,11.592032009612865,26.074621989271293,26.074621989271293,430447.45322065486,447968.48012802727,426381.07089874294,233208.10312947576,233208.10312947576,424398.4866502943,241652.07240409454,1809.4667983812792,1830.121793217935,1759.86498987223,1114.2188242960997,1116.8851914639617,1788.4056251038494,1142.675347072532,42.31797263946883,cooling,True,True,7200.000000004764,7199.999999999999,4.764842742588371e-09,-5048.364800999894,2272.8969212508264,True,,False,False,4.347384674474597e-10,26,20.774497144968905,20.836632502188934,26,26,15,15.0,21.459211281826242,23.080920075047004,19.83750248860548,1.1191859683735674,1.3989824604669592,0.0006,0.03650387205530544,4369.765500804518,72.82942501340862,1.213823750223477,1.4999999999999998,True,85.61368817429104,306.58228560216196,7199.999999999999,7839.585324504285,-8146.167610106448,703.6199980223278,639.5853245042862,64.03467351804159,0.6307569229778214,0.98702,0.908992533330456,1600,800,1095.8159717987808,10.232796140298905,6.570446302385251,constant,1.4999999999999998,1.4999999999999998,0.0006,False,True,0.3,0.15858282301514878,1793.891996083011,306582.285602162,34271.88008391488,272310.4055182471,306582.285602162,1010.2022836244897,7839.585324503851,7839.585324504285,-4.347384674474597e-10,0.9999999999999446,True,True,True,False,0,False,0.0,,none,,1.0,
flow_scan,1.0,0.4,8000.0,1.0,1600.0,0.24,1.6,160.0,9.600000000000003,1213046.3271161963,2166480.8440206614,2166480.8440206614,1213046.3271161963,1213046.3271161963,2166480.8440206614,2166480.8440206614,18.832306164058025,55.61088598737837,30.404608885605626,13.736795226670665,13.832306164058025,35.404608885605626,35.404608885605626,431022.30651796964,454564.90383491863,426142.81635133637,248902.02494776607,248902.02494776607,424850.2218483451,257920.03716629063,1805.4533554231848,1829.1182038498844,1739.7760690158273,1165.2639471005227,1170.9674917658108,1784.1297518723927,1194.727951438878,45.26893867562769,cooling,True,True,7999.969846832021,8000.000000000034,-0.030153168012475362,-6182.919453628976,-0.030153168057950097,True,,False,True,1.173430064227432e-08,26,21.938689284784232,22.01984270137475,26,26,15,14.999999962376524,25.09365132986008,31.842537333528128,18.344765326192032,1.6,2.0,0.00016000000000000004,0.043927013131243156,4952.8414090495835,82.54735681749305,1.3757892802915508,1.7859835981459073,False,159.856,6.111798148187902,8000.000000000034,9034.15598148522,-9040.267779633408,1113.8128508190289,1034.155981485188,79.65686933384086,0.672577669610931,0.9795958657921322,0.9284827165755305,1600,800,1279.7806489672168,7.182535193517771,6.251071233539931,constant,0.4000000000000001,0.4000000000000001,0.00016000000000000004,True,False,0.08000000000000002,0.2233042563235414,1048.7437321343361,22919.24305570463,3554.9475521848244,19364.295503519803,22919.24305570463,1119.9246489672169,9034.155981473486,9034.15598148522,-1.173430064227432e-08,0.9999999999987012,True,True,False,False,0,False,3.762352207559161e-08,,none,,17.05071820384117,
flow_scan,1.0,0.455,8000.0,1.0,1600.0,0.24,1.6,160.0,10.92,1213046.3271161963,2078998.5249047687,2078998.5249047687,1213046.3271161963,1213046.3271161963,2078998.5249047687,2078998.5249047687,18.832306164058025,53.13849169916108,28.759281074433773,13.735262908762024,13.832306164058025,33.75928107443377,33.75928107443377,431022.30651796964,453160.47024540603,426294.02306336496,246079.22181662612,246079.22181662612,424850.2218483451,254979.80434418702,1805.4533554231848,1828.4818155401886,1743.495457671104,1156.2178791176004,1161.1302988975958,1784.1297518723927,1185.4555226073078,45.26893867562769,cooling,True,True,7999.969846832021,8000.0,-0.030153167978824058,-6182.919453628942,-0.030153168024298793,True,,False,True,-1.1768861440941691e-09,26,21.938689284784232,22.01984270137475,26,26,15,14.999999975587553,24.37069342714662,30.2554066922998,18.48598016199344,1.6,2.0,0.000182,0.043256551132575996,4867.942246355933,81.13237077259889,1.352206179543315,1.713865726667852,False,159.856,8.940529709775802,8000.0,8957.62061125719,-8966.561140966967,1035.1656753368688,957.6206112571914,77.54506407967745,0.663657069682664,0.9814680457357026,0.9250892239501253,1600,800,1203.9622050466446,7.728231519458563,6.64472685809108,constant,0.455,0.455,0.000182,False,False,0.091,0.20901420966719725,1121.0410647035837,29474.273768491654,4418.690789640489,25055.582978851166,29474.273768491654,1044.1062050466446,8957.620611258368,8957.62061125719,1.1768861440941691e-09,1.0000000000001315,True,True,False,False,0,False,2.4412429411313497e-08,,none,,15.261565654529674,
flow_scan,1.0,0.51,8000.0,1.0,1600.0,0.24,1.6,160.0,12.240000000000002,1213046.3271161963,2015506.115685534,2015506.115685534,1213046.3271161963,1213046.3271161963,2015506.115685534,2015506.115685534,18.832306164058025,51.28148501104215,27.532037819123104,13.734128783745291,13.832306164058025,32.532037819123104,32.532037819123104,431022.30651796964,452096.2756115567,426373.81260407146,243989.96107641174,243989.96107641174,424850.2218483451,252808.11547550204,1805.4533554231848,1827.9686966155134,1746.2129805476593,1149.4851852937772,1153.8494295281546,1784.1297518723927,1178.5694026663712,45.26893867562769,cooling,True,True,7999.969846832021,8000.000000000001,-0.030153167979733553,-6182.919453628943,-0.030153168025208288,True,,False,True,-5.992205842630938e-07,26,21.938689284784232,22.01984270137475,26,26,15,14.999999985570721,23.855319552055875,29.074590320578636,18.636048783533113,1.6,2.0,0.00020400000000000003,0.04277335014493397,4806.9096233589335,80.11516038931556,1.3352526731552594,1.661524436974344,False,159.856,12.525655327301974,8000.000000000001,8901.404258983517,-8913.929914310818,977.4319595733381,901.4042589835167,76.0277005898214,0.6564587164449806,0.982826825616146,0.9222168869708246,1600,800,1149.81361490064,8.18471293233762,6.957649393194316,constant,0.51,0.51,0.00020400000000000003,False,False,0.10200000000000001,0.19868497176017572,1186.9937106081989,36840.162727358744,5361.079849449373,31479.082877909368,36840.162727358744,989.95761490064,8901.404259582738,8901.404258983517,5.992205842630938e-07,1.0000000000673175,True,True,False,False,0,False,1.4429247130465228e-08,,none,,13.881321030044749,
flow_scan,1.0,0.5650000000000001,8000.0,1.0,1600.0,0.24,1.6,160.0,13.560000000000002,1213046.3271161963,1967458.2400941674,1967458.2400941674,1213046.3271161963,1213046.3271161963,1967458.2400941674,1967458.2400941674,18.832306164058025,49.83722972563021,26.583756898611625,13.733257447002359,13.832306164058025,31.583756898611625,31.583756898611625,431022.30651796964,451262.0983087962,426417.11575344525,242384.8032483168,242384.8032483168,424850.2218483451,251142.0347410903,1805.4533554231848,1827.5427728539803,1748.2823655844386,1144.2906477464746,1148.2556114667022,1784.1297518723927,1173.264615358119,45.26893867562769,cooling,True,True,7999.969846832021,7999.999999999999,-0.030153167977914563,-6182.9194536289415,-0.0301531680233893,True,,False,True,-3.901832315023057e-06,26,21.938689284784232,22.01984270137475,26,26,15,14.999999595608921,23.473737615204612,28.164527757185624,18.7829474732236,1.6,2.0,0.00022600000000000005,0.04240938234092395,4761.025479675431,79.35042466125718,1.3225070776876195,1.621915170190946,False,159.856,16.955616960425107,7999.999999999999,8858.357068557856,-8875.312685518282,933.2433638413603,858.3570685578565,74.88629528350384,0.6505824734384832,0.983855082181843,0.9197569485249149,1600,800,1110.0549808017854,8.572254901519877,7.206850235671797,constant,0.5650000000000001,0.5650000000000001,0.00022600000000000005,False,False,0.11300000000000002,0.19095074888847954,1247.530262440138,45014.912284314436,6380.1170836200035,38634.79520069443,45014.912284314436,950.1989808017854,8858.357072459688,8858.357068557856,3.901832315023057e-06,1.000000000440469,True,True,False,False,0,False,4.0439113035972696e-07,,none,,12.782886622280726,
flow_scan,1.0,0.6200000000000001,8000.0,1.0,1600.0,0.24,1.6,160.0,14.880000000000004,1213046.3271161963,1929968.3357476895,1929968.3357476895,1213046.3271161963,1213046.3271161963,1929968.3357476895,1929968.3357476895,18.832306164058025,48.68493839157799,25.831630740323988,13.732569366210896,13.832306164058025,30.831630740323988,30.831630740323988,431022.30651796964,450591.96955959866,426440.5091560261,241117.2355970779,241117.2355970779,424850.2218483451,249827.75533059333,1805.4533554231848,1827.1829654432552,1749.9060708131417,1140.175035379835,1143.8382621584237,1784.1297518723927,1169.0663993912,45.26893867562769,cooling,True,True,7999.969846832021,8000.000000000001,-0.030153167979733553,-6182.919453628943,-0.030153168025208288,True,,False,True,-1.0200601536780596e-05,26,21.938689284784232,22.01984270137475,26,26,15,14.999999349014237,23.183709724317907,27.444608369667947,18.922811078967868,1.6,2.0,0.00024800000000000007,0.0421263105887917,4725.3934166112085,78.75655694352014,1.3126092823920024,1.5910095868604202,False,159.856,22.31867439020051,8000.000000000001,8824.397703409662,-8846.716377799863,898.3964347439744,824.397703409662,73.99873133431242,0.645731286975392,0.9846573911251035,0.9176324298800221,1600,800,1080.571109134175,8.904754839415459,7.403492405428209,constant,0.6200000000000001,0.6200000000000001,0.00024800000000000007,False,False,0.12400000000000003,0.1850112522164731,1303.3916799909175,53996.79287951734,7474.072932311012,46522.71994720633,53996.79287951734,920.7151091341749,8824.397713610264,8824.397703409662,1.0200601536780596e-05,1.0000000011559544,True,True,False,False,0,False,6.509857826131338e-07,,none,,11.887320699387837,
flow_scan,1.0,0.675,8000.0,1.0,1600.0,0.24,1.6,160.0,16.200000000000003,1213046.3271161963,1899997.4989623541,1899997.4989623541,1213046.3271161963,1213046.3271161963,1899997.4989623541,1899997.4989623541,18.832306164058025,47.746590590899984,25.222382325863066,13.73201391529085,13.832306164058025,30.222382325863066,30.222382325863066,431022.30651796964,450042.99177164707,426452.56053657044,240093.99584539267,240093.99584539267,424850.2218483451,248767.6704189716,1805.4533554231848,1826.8751370846935,1751.2105037069778,1136.8439179712825,1140.2723716871008,1784.1297518723927,1165.6713658183344,45.26893867562769,cooling,True,True,7999.969846832021,8000.000000000001,-0.030153167979733553,-6182.919453628943,-0.030153168025208288,True,,False,True,-5.5258751672226936e-06,26,21.938689284784232,22.01984270137475,26,26,15,14.99999938068409,22.95859852428174,26.863006506621673,19.054190541941807,1.6,2.0,0.00027000000000000006,0.041900543569566295,4697.009089370458,78.28348482284098,1.3047247470473495,1.5663025034495288,False,159.856,28.70292840576525,8000.000000000001,8796.977051194719,-8825.679979600483,870.2674468040317,796.977051194718,73.29039560931369,0.6416814806388559,0.9852987870104503,0.9157840548000903,1600,800,1058.8263752097969,9.192576407837825,7.5555352485575105,constant,0.6750000000000002,0.6750000000000002,0.00027000000000000006,False,False,0.13500000000000004,0.1803509567986379,1355.1767225762735,63784.285346144985,8641.428228699913,55142.85711744507,63784.285346144985,898.9703752097969,8796.977056720594,8796.977051194719,5.5258751672226936e-06,1.0000000006281562,True,True,False,False,0,False,6.193159265421855e-07,,none,,11.142795906653287,
flow_scan,1.0,0.7300000000000001,8000.0,1.0,1600.0,0.24,1.6,160.0,17.520000000000003,1213046.3271161963,1875563.3871856523,1875563.3871856523,1213046.3271161963,1213046.3271161963,1875563.3871856523,1875563.3871856523,18.832306164058025,46.9696389346243,24.720297649932775,13.731557435860168,13.832306164058025,29.720297649932775,29.720297649932775,431022.30651796964,449586.0680301488,426457.95798528293,239253.07924520352,239253.07924520352,424850.2218483451,247897.03185947254,1805.4533554231848,1826.6091957318565,1752.2785258908782,1134.1004222803701,1137.3418595692387,1784.1297518723927,1162.8771387820334,45.26893867562769,cooling,True,True,7999.969846832021,8000.0,-0.030153167978824058,-6182.919453628942,-0.030153168024298793,True,,False,True,-7.743437890894711e-09,26,21.938689284784232,22.01984270137475,26,26,15,14.99999999997642,22.78093276084394,26.385011429242013,19.176854092445865,1.6,2.0,0.00029200000000000005,0.04171680782037604,4673.932000704002,77.89886667840004,1.2983144446400006,1.5461597345951934,False,159.856,36.19633922709697,8000.0,8774.420871426872,-8810.617210653969,847.1341279796465,774.4208714268714,72.71325655277508,0.6382656221992654,0.9858216932899088,0.9141655917862843,1600,800,1043.1864672067434,9.443604897703059,7.668811139221311,constant,0.7300000000000001,0.7300000000000001,0.00029200000000000005,False,False,0.14600000000000002,0.17662628110681425,1403.3768489903848,74376.03950773348,9880.832796322842,64495.20671141064,74376.03950773348,883.3304672067434,8774.420871434615,8774.420871426872,7.743437890894711e-09,1.0000000000008824,True,True,False,False,0,False,2.3590018827235326e-11,,none,,10.51383054605685,
flow_scan,1.0,0.7850000000000001,8000.0,1.0,1600.0,0.24,1.6,160.0,18.840000000000007,1213046.3271161963,1855321.5947109337,1855321.5947109337,1213046.3271161963,1213046.3271161963,1855321.5947109337,1855321.5947109337,18.832306164058025,46.31746245063704,24.30060986687164,13.731176738639988,13.832306164058025,29.30060986687164,29.30060986687164,431022.30651796964,449200.7795443493,426459.38468721294,238551.767004941,238551.767004941,424850.2218483451,247171.30674044456,1805.4533554231848,1826.3776402140754,1753.1666187617363,1131.8082781149033,1134.8978549937171,1784.1297518723927,1160.5438959336966,45.26893867562769,cooling,True,True,7999.969846832021,7999.999999999999,-0.030153167977914563,-6182.9194536289415,-0.0301531680233893,True,,False,True,-9.921313903760165e-08,26,21.938689284784232,22.01984270137475,26,26,15,14.999999999971731,22.638870984025914,25.986575109296325,19.291166858755503,1.6,2.0,0.0003140000000000001,0.041564802697809586,4654.855988771371,77.58093314618952,1.2930155524364921,1.5294729914574934,False,159.856,44.88674145491603,7999.999999999999,8755.584644688923,-8800.47138614384,827.8197090977787,755.5846446889237,72.23506440885501,0.6353577504013387,0.9862548811417635,0.9127405839520513,1600,800,1032.5624505526948,9.663940000557623,7.747715400378812,constant,0.7850000000000003,0.7850000000000003,0.0003140000000000001,False,False,0.15700000000000006,0.1736014049447721,1448.4008387483523,85770.8435444255,11191.074815322418,74579.76872910309,85770.8435444255,872.7064505526947,8755.584644788136,8755.584644688923,9.921313903760165e-08,1.0000000000113314,True,True,False,False,0,False,2.8251179173821583e-11,,none,,9.975293126150683,
flow_scan,1.0,0.8400000000000001,8000.0,1.0,1600.0,0.24,1.6,160.0,20.160000000000004,1213046.3271161963,1838330.6213306992,1838330.6213306992,1213046.3271161963,1213046.3271161963,1838330.6213306992,1838330.6213306992,18.832306164058025,45.76380810383324,23.945650604467232,13.730855367944173,13.832306164058025,28.945650604467232,28.945650604467232,431022.30651796964,448872.3927148004,426458.43240683345,237959.74481352395,237959.74481352395,424850.2218483451,246558.9356149393,1805.4533554231848,1826.1747412324103,1753.9145316833976,1129.8704126556897,1132.8347155508752,1784.1297518723927,1158.572177153874,45.26893867562769,cooling,True,True,7999.969846832021,8000.0,-0.030153167978824058,-6182.919453628942,-0.030153168024298793,True,,False,True,1.6295507521135733e-06,26,21.938689284784232,22.01984270137475,26,26,15,14.999999999998032,22.52416512875581,25.650559387488215,19.397770870023407,1.6,2.0,0.0003360000000000001,0.04143734512466993,4638.8716869833115,77.31452811638853,1.2885754686064754,1.5154661287347582,False,159.856,54.86185641702972,8000.0,8739.660182243182,-8794.522038660212,811.4935879129283,739.6601822431818,71.83340566974653,0.6328622379312945,0.9866184992980457,0.9114800082961911,1600,800,1026.2114443299579,9.858365018724442,7.795664377162957,constant,0.8400000000000002,0.8400000000000002,0.0003360000000000001,False,False,0.16800000000000004,0.1711102683166176,1490.5926224217178,97967.6007446959,12571.057574173554,85396.54317052235,97967.6007446959,866.355444329958,8739.660180613631,8739.660182243182,-1.6295507521135733e-06,0.9999999998135453,True,True,False,False,0,False,1.9326762412674725e-12,,none,,9.508873682228225,
flow_scan,1.0,0.895,8000.0,1.0,1600.0,0.24,1.6,160.0,21.48,1213046.3271161963,1823912.8762333025,1823912.8762333025,1213046.3271161963,1213046.3271161963,1823912.8762333025,1823912.8762333025,18.832306164058025,45.28939433171479,23.642504243288954,13.730581347015686,13.832306164058025,28.642504243288954,28.642504243288954,431022.30651796964,448590.0209171537,426456.07293251954,237454.94934619826,237454.94934619826,424850.2218483451,246036.97359580136,1805.4533554231848,1825.9960332727476,1754.5510047526107,1128.2159464926929,1131.0755527115316,1784.1297518723927,1156.8894438141076,45.26893867562769,cooling,True,True,7999.969846832021,8000.0,-0.030153167978824058,-6182.919453628942,-0.030153168024298793,True,,False,True,-3.4028562367893755e-07,26,21.938689284784232,22.01984270137475,26,26,15,15.000000000000718,22.430931112910514,25.364449309689633,19.497412916131395,1.6,2.0,0.00035800000000000003,0.04132928256545246,4625.32768725065,77.08879478751084,1.284813246458514,1.5035805603313879,False,159.856,66.20930251663371,8000.0,8726.061032433045,-8792.270334949679,797.5532750371983,726.0610324330452,71.49224260415315,0.6307056787330038,0.9869270486537972,0.9103605428730529,1600,800,1023.618577553832,10.03067788747639,7.815411106662219,constant,0.895,0.895,0.00035800000000000003,False,False,0.17900000000000002,0.16903327194960108,1530.2444613116613,110965.31148039168,14019.781444723283,96945.5300356684,110965.31148039168,863.762577553832,8726.06103277333,8726.061032433045,3.4028562367893755e-07,1.0000000000389966,True,True,False,False,0,False,-7.389644451905042e-13,,none,,9.100910202981591,
flow_scan,1.0,0.9500000000000001,8000.0,0.9847570280475794,1575.611244876127,0.24,1.6,160.0,22.8,1208036.1481169497,1812054.2221754245,1812054.2221754245,1208036.1481169497,1208036.1481169497,1812054.2221754245,1812054.2221754245,18.688432748928562,44.993105524235716,23.391808724373846,13.586668279524133,13.688432748928562,28.391808724373846,28.391808724373846,430986.5901147978,448473.631283858,426453.05724365474,237038.05392541533,237038.05392541533,424822.6316941949,245606.02673890648,1805.7109627227026,1826.2168634745515,1755.0758106510034,1126.8480969318305,1129.6658092265698,1784.404849501744,1155.4986589995444,45.07418831075806,cooling,True,True,7999.999999995486,8000.0,-4.513822204899043e-09,-6161.433904493946,94.56320185185359,True,,False,False,-2.546585164964199e-11,26,21.875809050079738,21.956032379335955,26,26,15,15.000000000000021,22.360702200588605,25.126916351156808,19.594488050020402,1.575611244876127,1.9695140560951587,0.00038,0.041248055577941256,4635.7458431356545,77.26243071892758,1.287707178648793,1.5,True,155.6151598804587,79.01660401652948,8000.0,8721.30644603514,-8800.32305005167,792.584006068688,721.3064460351404,71.27756003354762,0.6300105653069824,0.98702,0.9100693939219227,1600,800,1027.2157699656764,10.093567292230588,7.788042428775518,constant,0.95,0.95,0.00038,False,False,0.19,0.1672825453957708,1567.7071298615006,124763.05897346759,15536.329648926243,109226.72932454135,124763.05897346759,871.6006100852176,8721.306446035165,8721.30644603514,2.546585164964199e-11,1.0000000000000029,True,True,True,False,0,False,0.0,,none,,1.0,
flow_scan,1.0,1.0050000000000001,8000.0,0.9649893790902294,1543.983006544367,0.24,1.6,160.0,24.120000000000005,1201355.3435324973,1802033.015298746,1802033.015298746,1201355.3435324973,1201355.3435324973,1802033.015298746,1802033.015298746,18.495885869172184,44.78901086776369,23.178991886135236,13.394179470426764,13.495885869172184,28.178991886135236,28.178991886135236,430938.5287783733,448432.3173076964,426449.7478269352,236684.54410354616,236684.54410354616,424785.3971671326,245240.68998336088,1806.0557362863208,1826.5860789701696,1755.5202452450667,1125.6871693470555,1128.4906862458383,1784.7728895307914,1154.3185705182646,44.81469588577774,cooling,True,True,8000.0000000015525,8000.0,1.5525074559263885e-09,-6132.679631565392,221.1582043988874,True,,False,False,-4.547473508864641e-11,26,21.791325675753853,21.87033730004659,26,26,15,15.000000000000005,22.306321850766892,24.925161873999343,19.68748182753444,1.5439830065443672,1.9299787581804588,0.00040200000000000007,0.04118319638792304,4655.256859457184,77.5876143242864,1.2931269054047734,1.5,True,150.18814611064994,93.37119857790476,8000.0,8720.450128571907,-8813.821327149812,791.5784932818871,720.4501285719072,71.1283647099799,0.6299591737429318,0.98702,0.9101436366530355,1600,800,1035.1378379704418,10.10638877621848,7.728439350343253,constant,1.0050000000000001,1.0050000000000001,0.00040200000000000007,False,False,0.20100000000000004,0.16579237494322077,1603.1403388655306,139359.99787746978,17119.85684032862,122240.14103714116,139359.99787746978,884.9496918597919,8720.450128571953,8720.450128571907,4.547473508864641e-11,1.000000000000005,True,True,True,False,0,False,0.0,,none,,1.0,
flow_scan,1.0,1.06,8000.0,0.948307325912583,1517.291721460133,0.24,1.6,160.0,25.440000000000005,1195547.0837966176,1793320.625694928,1793320.625694928,1195547.0837966176,1195547.0837966176,1793320.625694928,1793320.625694928,18.32783140943917,44.61090056282552,22.99324417824255,13.226176008263508,13.32783140943917,27.99324417824255,27.99324417824255,430896.33698126493,448395.96475142305,426446.3012363218,236376.29369836472,236376.29369836472,424752.6098839724,244922.19210372443,1806.3566722285068,1826.908311445604,1755.907355525732,1124.674086788441,1127.4652634170395,1785.0940015797826,1153.2889933656295,44.58927645028141,cooling,True,True,7999.9999999960155,8000.0,-3.984496288467199e-09,-6107.582970387928,331.65002220896895,True,,False,False,-7.821654435247183e-11,26,21.717289203649102,21.79527340399732,26,26,15,14.999999999999947,22.26247256549331,24.74972378931659,19.775221341670033,1.517291721460133,1.896614651825166,0.00042400000000000006,0.04112686726254323,4672.391829370259,77.87319715617099,1.2978866192695164,1.5000000000000013,True,145.67259673873278,109.36044379260191,8000.0,8719.704868447208,-8829.06531223981,790.7034461145815,719.704868447208,70.99857766737352,0.6299143946129966,0.98702,0.9102083366194346,1600,800,1045.7364866459163,10.117573205619637,7.650110809138076,constant,1.06,1.06,0.00042400000000000006,False,False,0.21200000000000002,0.16451282913096893,1636.6809415708028,154755.34498953097,18769.57981606321,135985.76517346778,154755.34498953097,900.0638899071835,8719.704868447287,8719.704868447208,7.821654435247183e-11,1.0000000000000089,True,True,True,False,0,False,0.0,,none,,1.0,
flow_scan,1.0,1.1150000000000002,8000.0,0.9341118645068947,1494.5789832110315,0.24,1.6,160.0,26.760000000000005,1190476.3740104483,1785714.5610156718,1785714.5610156718,1190476.3740104483,1190476.3740104483,1785714.5610156718,1785714.5610156718,18.180614516455705,44.45489233052001,22.830526654648736,13.07900402702137,13.180614516455705,27.830526654648736,27.830526654648736,430859.19053839537,448363.89539858,426442.8573333446,236106.48698202838,236106.48698202838,424723.6676087672,244643.4653772168,1806.6203111281482,1827.1905783905943,1756.2458692410494,1123.7867487158605,1126.5671528875291,1785.375215529035,1152.3873795203142,44.39261937114038,cooling,True,True,8000.000000003159,7999.999999999999,3.1595845939591527e-09,-6085.598118044974,428.4416345466443,True,,False,False,-1.8189894035458565e-12,26,21.652205932431855,21.729312355429247,26,26,15,15.000000000000025,22.22752423505048,24.596654856001123,19.85839361409984,1.4945789832110314,1.8682237290137893,0.0004460000000000001,0.04107773527100008,4687.483715861968,78.12472859769947,1.3020788099616578,1.4999999999999993,True,141.87686316164724,127.07162289132056,7999.999999999999,8719.053632243653,-8846.125255134973,789.9388434422804,719.0536322436528,70.88521119862753,0.629875225863039,0.98702,0.9102649378656527,1600,800,1058.8873294952482,10.127366271974632,7.555100318192919,constant,1.1150000000000002,1.1150000000000002,0.0004460000000000001,False,False,0.22300000000000006,0.1634054238799082,1668.4941630279686,170948.37160267335,20484.76986915206,150463.6017335213,170948.37160267335,917.0104663336009,8719.053632243655,8719.053632243653,1.8189894035458565e-12,1.0000000000000002,True,True,True,False,0,False,0.0,,none,,1.0,
flow_scan,1.0,1.1700000000000002,8000.0,0.9219548719387147,1475.1277951019438,0.24,1.6,160.0,28.080000000000005,1186036.51615795,1779054.774236925,1779054.774236925,1186036.51615795,1186036.51615795,1779054.774236925,1779054.774236925,18.05132549145918,44.31789616950027,22.68762374701805,12.949754625621495,13.051325491459181,27.68762374701805,27.68762374701805,430826.42486108025,448335.5591945764,426439.5076056527,235869.70795287262,235869.70795287262,424698.08081657963,244398.8959759874,1806.8518593442525,1827.4384646590447,1756.5427044864352,1123.0075673956183,1125.7785399032712,1785.6221225463464,1151.5957934528508,44.220533831003685,cooling,True,True,7999.999999998856,8000.0,-1.1441443348303437e-09,-6066.2905503704405,513.4460992746499,True,,False,False,6.184563972055912e-11,26,21.59487546889835,21.671227607808447,26,26,15,15.0,22.200218752504895,24.462816424272944,19.937621080736847,1.4751277951019437,1.8439097438774295,0.0004680000000000001,0.04103474928625658,4700.800872266356,78.34668120443928,1.305778020073988,1.5,True,138.6605774633886,146.5919497693271,8000.0,8718.482937594401,-8865.074887363728,789.2688393890189,718.4829375944021,70.78590179461685,0.6298408720393127,0.98702,0.9103145870431006,1600,800,1074.5213666217346,10.135963312821119,7.445175357612272,constant,1.1700000000000002,1.1700000000000002,0.0004680000000000001,False,False,0.23400000000000004,0.1624401112001453,1698.7254449553,187938.3971401629,22264.7464228613,165673.6507173016,187938.3971401629,935.860789158346,8718.48293759434,8718.482937594401,-6.184563972055912e-11,0.9999999999999929,True,True,True,False,0,False,0.0,,none,,1.0,
flow_scan,1.0,1.225,8000.0,0.9114949475705997,1458.3919161129595,0.24,1.6,160.0,29.400000000000006,1182142.2150508394,1773213.3225762579,1773213.3225762579,1182142.2150508394,1182142.2150508394,1773213.3225762579,1773213.3225762579,17.937623285671805,44.197426506015574,22.561948255776542,12.836087405285923,12.937623285671805,27.561948255776542,27.561948255776542,430797.49925452285,448310.50640168705,426436.3116308337,235661.60625773584,235661.60625773584,424675.44851170183,244183.97634112454,1807.0555053697867,1827.6564624214686,1756.80340618897,1122.3223971273999,1125.0850973269582,1785.8392173933503,1150.8998155747004,44.06967432046719,cooling,True,True,7999.999999997833,8000.0,-2.167325874324888e-09,-6049.310663384344,588.2026003899555,True,,False,False,8.913048077374697e-11,26,21.544324152569345,21.620025416555134,26,26,15,15.000000000000036,22.17957616527829,24.345686368752126,20.013465961804457,1.4583919161129595,1.8229898951411994,0.0004900000000000001,0.0409970706933538,4712.561568563439,78.54269280939066,1.3090448801565109,1.4999999999999991,True,135.9187994421443,168.0085734411045,8000.0,8717.9819920655,-8885.990565506605,788.6807505860902,717.9819920655011,70.69875852058908,0.6298106948107366,0.98702,0.9103582045484806,1600,800,1092.608123469339,10.143521309547598,7.321929819263784,constant,1.225,1.225,0.0004900000000000001,False,False,0.24500000000000005,0.16159315300531016,1727.5034805118457,205724.783805434,24108.871680625234,181615.91212480876,205724.783805434,956.6893240271947,8717.981992065412,8717.9819920655,-8.913048077374697e-11,0.9999999999999898,True,True,True,False,0,False,0.0,,none,,1.0,
flow_scan,1.0,1.2800000000000002,8000.0,0.9024678766359557,1443.9486026175293,0.24,1.6,160.0,30.720000000000006,1178724.5944351316,1768086.8916526972,1768086.8916526972,1178724.5944351316,1178724.5944351316,1768086.8916526972,1768086.8916526972,17.83760655055147,44.091465005105476,22.45139887403252,12.736101551257036,12.83760655055147,27.45139887403252,27.45139887403252,430771.9702517987,448288.3665607414,426433.30769995216,235478.6538242906,235478.6538242906,424655.43986114877,243995.05212192304,1807.2346508289895,1827.8482193253003,1757.0324627401835,1121.71975249655,1124.4751932630793,1786.0301480438268,1150.2877422750207,43.93734266360668,cooling,True,True,7999.999999996868,7999.999999999999,-3.131390258204192e-09,-6034.374516391404,653.9612294226636,True,,False,False,1.6370904631912708e-10,26,21.499755583451986,21.574893731148908,26,26,15,14.999999999999982,22.164827301343593,24.243218873448484,20.0864357292387,1.4439486026175292,1.8049357532719115,0.0005120000000000001,0.04096402348192781,4722.944810390939,78.71574683984899,1.3119291139974831,1.4999999999999998,True,133.57167432168734,191.40858201277064,7999.999999999999,8717.542069718282,-8908.950651731053,788.1643230130779,717.5420697182824,70.62225329479554,0.6297841769631423,0.98702,0.9103965363151515,1600,800,1113.144579347536,10.150167631816615,7.186847197054275,constant,1.2800000000000002,1.2800000000000002,0.0005120000000000001,False,False,0.25600000000000006,0.16084559408691862,1754.942685218455,224306.93204621554,26016.546090172757,198290.3859560428,224306.93204621554,979.5729050258485,8717.542069718118,8717.542069718282,-1.6370904631912708e-10,0.9999999999999812,True,True,True,False,0,False,0.0,,none,,1.0,
flow_scan,1.0,1.3350000000000002,8000.0,0.8946663764305868,1431.4662022889388,0.24,1.6,160.0,32.040000000000006,1175727.5364559183,1763591.3046838774,1763591.3046838774,1175727.5364559183,1175727.5364559183,1763591.3046838774,1763591.3046838774,17.749718030022677,43.998358887047004,22.354254546259938,12.648240248915386,12.749718030022677,27.354254546259938,27.354254546259938,430749.4714606217,448268.8324360203,426430.5197784852,235317.96487939503,235317.96487939503,424637.780118785,243829.13513989458,1807.3920816773123,1828.0167223684728,1757.2335393077337,1121.190229100141,1123.939303982406,1786.197900469435,1149.749993540296,43.821342918856004,cooling,True,True,8000.0000000052205,8000.0,5.220499588176608e-09,-6021.2495542535125,711.7458452745268,True,,False,False,3.2741809263825417e-11,26,21.460513404837627,21.535163842942723,26,26,15,15.000000000000048,22.15536468445893,24.153740548269127,20.156988820648735,1.4314662022889388,1.7893327528611735,0.0005340000000000001,0.04093505770869643,4732.098498963808,78.86830831606348,1.3144718052677247,1.5,True,131.55749936073815,216.87900624389258,8000.0,8717.156052547427,-8934.03505879132,787.711192772072,717.1560525474268,70.55514022464513,0.6297608957988622,0.98702,0.9104301920906428,1600,800,1136.1476983767027,10.156006507723749,7.041338033276999,constant,1.3350000000000002,1.3350000000000002,0.0005340000000000001,False,False,0.267,0.16018214921639065,1781.1452264637135,243684.27667853097,27987.20446752738,215697.0722110036,243684.27667853097,1004.5901990159646,8717.156052547394,8717.156052547427,-3.2741809263825417e-11,0.9999999999999962,True,True,True,False,0,False,0.0,,none,,1.0,
flow_scan,1.0,1.3900000000000001,8000.0,0.8879258995239527,1420.6814392383244,0.24,1.6,160.0,33.36,1173104.9539516836,1759657.430927525,1759657.430927525,1173104.9539516836,1173104.9539516836,1759657.430927525,1759657.430927525,17.672672707460038,43.91674453050615,22.269095071694323,12.571218849083607,12.672672707460038,27.269095071694323,27.269095071694323,430729.6981611682,448251.6476428484,426427.9621269874,235177.16099371118,235177.16099371118,424622.2397398679,243683.7632193524,1807.530096825262,1828.164436013147,1757.4096522213445,1120.726068423056,1123.469572986997,1786.3449373271633,1149.278668244758,43.719873460389415,cooling,True,True,7999.999999997919,8000.0,-2.08092387765646e-09,-6009.743877113287,762.4013158715843,True,,False,False,7.275957614183426e-11,26,21.426052979057317,21.500281257128215,26,26,15,15.0,22.150706282642858,24.075872413461582,20.225540151824134,1.4206814392383245,1.7758517990479055,0.000556,0.040909722348165596,4740.145658149635,79.00242763582725,1.3167071272637874,1.4999999999999998,True,129.82796299302996,244.5068227570489,8000.0,8716.81808829412,-8961.324911051168,787.3144837387154,716.81808829412,70.49639544459535,0.6297405032111655,0.98702,0.9104596741192547,1600,800,1161.6492694887943,10.161123877729837,6.886760238329553,constant,1.39,1.39,0.000556,False,False,0.27799999999999997,0.15959038096754102,1806.2027037564626,263856.2835507722,30020.312661080978,233835.9708896912,263856.2835507722,1031.8213064957642,8716.818088294047,8716.81808829412,-7.275957614183426e-11,0.9999999999999917,True,True,True,False,0,False,0.0,,none,,1.0,
flow_scan,1.0,1.4450000000000003,8000.0,0.8821144869476027,1411.3831791161645,0.24,1.6,160.0,34.68000000000001,1170818.7308972823,1756228.0963459213,1756228.0963459213,1170818.7308972823,1170818.7308972823,1756228.0963459213,1756228.0963459213,17.605403131593505,43.84548935638321,22.194740688255308,12.503970208119256,12.605403131593505,27.194740688255308,27.194740688255308,430712.39541110094,448236.59702351905,426425.6424013577,235054.26860249796,235054.26860249796,424608.62588853855,243556.89379994533,1807.6506059874876,1828.2934072316054,1757.5633010211388,1120.3208268948742,1123.059475680986,1786.47330336645,1148.8672060921906,43.631445632453314,cooling,True,True,7999.99999999828,7999.999999999999,-1.7189449863508344e-09,-5999.698075557313,806.6294650835416,True,,False,False,1.1823431123048067e-10,26,21.395919596560418,21.469783322119095,26,26,15,14.999999999999995,22.150468396752643,24.00847057915189,20.292466214353396,1.4113831791161644,1.7642289738952055,0.0005780000000000002,0.040887644845060654,4747.189238576751,79.11982064294585,1.318663677382431,1.4999999999999982,True,128.34480562672988,274.3789569431279,7999.999999999999,8716.52333172179,-8990.902288664918,786.9685033733491,716.5233317217909,70.44517165155821,0.6297227105685493,0.98702,0.9104853989078416,1600,800,1189.6922659432068,10.165591082372307,6.7244280130353475,constant,1.4450000000000003,1.4450000000000003,0.0005780000000000002,False,False,0.2890000000000001,0.15906008467620528,1830.1975499815305,284822.44665376586,32115.364661660016,252707.08199210587,284822.44665376586,1061.347460316477,8716.523331721672,8716.52333172179,-1.1823431123048067e-10,0.9999999999999865,True,True,True,False,0,False,0.0,,none,,1.0,
flow_scan,1.0,1.5,8000.0,0.8771253888863157,1403.4006222181054,0.24,1.6,160.0,36.0,1168837.1484628248,1753255.7226942359,1753255.7226942359,1168837.1484628248,1168837.1484628248,1753255.7226942359,1753255.7226942359,17.547017337299735,43.78364711032282,22.13020557279691,12.445602619798137,12.547017337299735,27.13020557279691,27.13020557279691,430697.3487686985,448223.4990940953,426423.5637506238,234947.6402803812,234947.6402803812,424596.7757558333,243446.82224423104,1807.755204977938,1828.4053463234195,1757.6965696440295,1119.9691212859511,1122.7035614157567,1786.5847064724117,1148.5101276592445,43.554821679483595,cooling,True,True,7999.999999995865,7999.999999999999,-4.133653419557959e-09,-5990.978946655315,845.0167388045311,True,,False,False,-1.2187229003757238e-10,26,21.36973154077657,21.44328186945065,26,26,15,14.999999999999975,22.154345148771597,23.95058062262018,20.358109674923014,1.4034006222181052,1.7542507777726315,0.0006,0.04086851552311483,4753.315861656472,79.22193102760787,1.3203655171267978,1.499999999999999,True,127.07743289058278,306.58228560216196,7999.999999999999,8716.267746633923,-9022.850032236085,786.6685099658481,716.267746633923,70.40076333192508,0.6297072771138008,0.98702,0.910507713935338,1600,800,1220.3282284585928,10.169467696561675,6.555613328804881,constant,1.4999999999999998,1.4999999999999998,0.0006,False,True,0.3,0.15858282301514878,1853.2042078200734,306582.285602162,34271.88008391488,272310.4055182471,306582.285602162,1093.25079556801,8716.267746634045,8716.267746633923,1.2187229003757238e-10,1.000000000000014,True,True,True,False,0,False,0.0,,none,,1.0,
optimal,0.3,,2400.0,0.15,240.0,0.24,1.6,160.0,0.0,933176.1684178826,1517226.104159673,1517226.104159673,933176.1684178826,933176.1684178826,1517226.104159673,1517226.104159673,10.0,40.13313872518626,16.72009625730584,4.90348448299676,5.0,21.72009625730584,21.72009625730584,428538.48883734277,448768.07429037435,426046.4849473746,226119.0216964216,226119.0216964216,422814.80246487225,234355.2160749631,1821.3618044484456,1843.4165276535225,1768.6132293836342,1090.5355787140668,1093.739547703353,1800.965247799539,1118.7054773457526,34.57268748692573,cooling,False,False,3136.0660440909332,2400.0000000000005,736.0660440909328,736.0660440909355,11407.001478556322,True,,True,False,6.824911906733178e-07,26,15.386177804545525,15.410221761630847,26,26,15,14.999997057631795,17.954273554076167,19.929582049676583,15.978965058475751,0.24,0.3,0.0,0.0,0.0,29.7377637830179,0.4956293963836317,1.6258731796933854,False,0.0,0.0,0.0,0.0,0.0,0.0,0.0,0.0,0.6616783750621585,0.9610285074357862,0.8917890751191051,1600,800,0.0,,,optimal_power,,,0.0,False,False,0.0,0.22330425632354145,779.3077428170848,0.0,0.0,0.0,0.0,0.0,2639.853437195969,2639.85343787846,-6.824911906733178e-07,0.9999999997414663,False,False,False,False,10,False,2.9423682121887396e-06,,load_hx_capacity_insufficient,0.0,,
optimal,0.4,,3200.0,0.2047615629045594,327.6185006472951,0.24,1.6,160.0,9.6,1061837.275396204,1592755.913094856,1592755.913094856,1061837.275396204,1061837.275396204,1592755.913094856,1592755.913094856,14.277574823120233,40.0749038114397,18.516290333151062,9.177229002471734,9.277574823120233,23.516290333151062,23.516290333151062,429812.94827074785,447146.1946272899,426214.3524008827,229026.71380375352,229026.71380375352,423884.031363248,237344.96169234774,1813.6235006469249,1833.7423111632197,1765.0393274127205,1100.2986038371212,1102.8058254216219,1792.8126911511263,1128.575353317976,39.44534235604146,cooling,True,True,3199.999999999415,3200.0000000000005,-5.852598405908793e-10,-702.7319156160006,7794.597578201257,True,,False,False,3.228706191293895e-11,26,18.066233593189054,18.094160151840793,26,26,15,15.000000000000012,18.8881265596674,21.48783225225378,16.288420867081015,0.3276185006472951,0.4095231258091188,0.00015999999999999999,0.015937347540256917,2081.1107798833036,34.68517966472173,0.5780863277453622,1.500000000000518,True,11.263879361110376,6.111798148187898,3200.0000000000005,3476.245971185103,-3482.357769333291,310.7959387253499,276.2459711851026,34.54996754024734,0.6394952329027196,0.9707225512466301,0.8888339156491388,1600,800,328.1716162346482,10.29614483742607,9.750995642816187,optimal_power,0.39999999999999997,0.39999999999999997,0.00015999999999999999,True,False,0.07999999999999999,0.22330425632354145,850.1967286208528,22919.243055704617,3554.9475521848217,19364.295503519796,22919.243055704617,316.90773687353783,3476.2459711850706,3476.245971185103,-3.228706191293895e-11,0.9999999999999907,True,True,True,True,22,True,0.0,,none,,1.0,bounded
optimal,0.5,,4000.0,0.2973877192338023,475.82035077408375,0.24,1.6,160.0,10.698023266318538,1098711.1625622122,1648066.7438419466,1648066.7438419466,1098711.1625622122,1098711.1625622122,1648066.7438419466,1648066.7438419466,15.431159039883369,41.359621573217,19.791432920723878,10.33042548570478,10.431159039883369,24.791432920723878,24.791432920723878,430134.23014438344,447508.47209680406,426308.4367721286,231104.82482850287,231104.82482850287,424146.33630312554,239484.36403482215,1811.5498540143303,1831.7677505014597,1762.473747427256,1107.2342596521878,1109.8197882346394,1790.6167541685038,1135.5963617449975,40.85542840617344,cooling,True,True,4000.0000000060168,4000.0000000000005,6.01630745222792e-09,-1675.0041199583866,6236.143340749455,True,,False,False,0.007395852943773207,26,19.17166486663217,19.206205787007192,26,26,15,15.000000000000025,19.59917198062118,22.518381263203935,16.679962698038423,0.47582035077408374,0.5947754384676046,0.00017830038777197563,0.020097532792461396,2516.450674581498,41.9408445763583,0.6990140762726383,1.4999999999987514,True,20.23387528610592,8.414345904327039,4000.0000000000005,4349.179397382933,-4357.59374328726,389.9734125328008,349.17939738293194,40.79401514986887,0.6370768008969196,0.9774050066759058,0.8953928297703175,1600,800,418.62163372323374,10.257109514263512,9.55516790764939,optimal_power,0.4457509694299391,0.4457509694299391,0.00017830038777197563,False,False,0.08915019388598781,0.21108768974648173,948.4518366409711,28315.179824806513,4267.880372945455,24047.299451861058,28315.179824806513,398.38775843712784,4349.172001529989,4349.179397382933,-0.007395852943773207,0.9999982994831282,True,True,True,True,16,False,0.0,,none,,1.0,bounded
optimal,0.6,,4800.0,0.40315340507518155,645.0454481202905,0.24,1.6,160.0,12.33525514675923,1126354.5044112243,1689531.7566168366,1689531.7566168366,1126354.5044112243,1126354.5044112243,1689531.7566168366,1689531.7566168366,16.27701696075161,42.30035857217837,20.72641753497703,11.17600624248331,11.27701696075161,25.72641753497703,25.72641753497703,430363.4724199233,447765.0500352486,426363.60097658576,232636.14403010535,232636.14403010535,424331.2549551885,241062.34565436898,1810.0317519145387,1830.3157241263953,1760.5757415917742,1112.3229322477573,1114.9671578528453,1789.005845285519,1140.7529562435152,41.91670174462963,cooling,True,True,4800.000000003405,4800.0,3.4051481634378433e-09,-2601.3215629945885,4880.011837698199,True,,False,False,7.003109203651547e-11,26,19.955661584167444,19.997675307029567,26,26,15,15.00000000000001,20.18425611589919,23.225923111526754,17.142589120271623,0.6450454481202905,0.8063068101503631,0.0002055875857793205,0.024275855235027684,2948.5449401726028,49.14241566954338,0.8190402611590564,1.5000000000000002,True,33.36442400546115,12.815994422707647,4800.0,5222.438179050736,-5235.254173473443,469.35196436392306,422.4381790507362,46.91378531318685,0.6353626545639094,0.9820863829851295,0.9000456184800131,1600,800,515.5323827920919,10.2268667534077,9.310763320052745,optimal_power,0.5139689644483012,0.5139689644483012,0.0002055875857793205,False,False,0.10279379288966024,0.1980517447335158,1059.949633224135,37403.02034520055,5432.072692570156,31970.947652630395,37403.02034520055,482.1679587866307,5222.438179050666,5222.438179050736,-7.003109203651547e-11,0.9999999999999866,True,True,True,True,17,False,0.0,,none,,1.0,bounded
optimal,0.7,,5600.0,0.5270409433913756,843.265509426201,0.24,1.6,160.0,14.088884143557229,1152193.0633168796,1728289.5949753174,1728289.5949753174,1152193.0633168796,1152193.0633168796,1728289.5949753174,1728289.5949753174,17.053651246740287,43.156903734717844,21.58487193946354,11.952391681629422,12.053651246740287,26.58487193946354,26.58487193946354,430569.13448809076,447986.2380733677,426403.5959397082,234047.8974123376,234047.8974123376,424495.38041755167,242518.29790051284,1808.6392662623039,1828.9552255007668,1758.8194597860079,1116.9978500551908,1119.6969427973384,1787.5257061564882,1145.494419393831,42.91198664071952,cooling,True,True,5600.000000001332,5600.000000000001,1.331500243395567e-09,-3517.3013921834417,3569.393231272331,True,,False,False,0.027090054146356124,26,20.60586838326128,20.656452203844324,26,26,15,15.000000000000004,20.760283052504803,23.87101892078573,17.649547184223877,0.843265509426201,1.0540818867827513,0.0002348147357259538,0.028495648019157164,3369.1300265857017,56.15216710976169,0.9358694518293615,1.4999999999999982,True,52.51436475633827,18.987456256204513,5600.000000000001,6096.311653279253,-6115.299109535457,549.3462194856031,496.31165327925163,53.034566206351485,0.6341061333317467,0.9854898345075255,0.903458758201682,1600,800,620.8480404981459,10.19393562996343,9.019920551745262,optimal_power,0.5870368393148845,0.5870368393148845,0.0002348147357259538,False,False,0.11740736786297691,0.18838924962878473,1169.1698163921194,48516.860402741375,6809.526296892044,41707.33410584933,48516.860402741375,568.3336757418076,6096.2845632251065,6096.311653279253,-0.027090054146356124,0.9999955563206596,True,True,True,True,17,False,0.0,,none,,1.0,bounded
optimal,0.8,,6400.0,0.6723831439173864,1075.8130302678185,0.24,1.6,160.0,15.928145955643744,1177330.9785951118,1765996.4678926677,1765996.4678926677,1177330.9785951118,1177330.9785951118,1765996.4678926677,1765996.4678926677,17.796759781717753,43.97938399082028,22.406250450013772,12.695267422767643,12.796759781717753,27.406250450013772,27.406250450013772,430761.52140117256,448196.07512137864,426432.02921335783,235403.96347439993,235403.96347439993,424647.2413711655,243917.92973380059,1807.307816785403,1827.6641378896593,1757.1259380611777,1121.4736479856886,1124.2261286249297,1786.1081150285895,1150.0378080230264,43.88339788435438,cooling,True,True,6399.999999997695,6399.999999999999,-2.3037500795908272e-09,-4428.274603784249,2280.8170102646336,True,,False,False,0.05618330640209024,26,21.16784314456993,21.228192934287804,26,26,15,14.999999999999986,21.341478009980165,24.49038284437512,18.19257317558521,1.0758130302678184,1.3447662878347728,0.0002654690992607291,0.032760442277840925,3781.756483814474,63.029274730241234,1.0504879121706872,1.5,True,79.9309016138902,27.30028754254462,6399.999999999999,6971.163690790728,-6998.463978333272,630.362919582026,571.1636907907281,59.19922879129797,0.6327795113371616,0.98702,0.9060870699206878,1600,800,737.5941087384609,10.152881461117095,8.676858890516623,optimal_power,0.6636727481518226,0.6636727481518226,0.0002654690992607291,False,False,0.13273454963036455,0.18122485247085435,1275.5351173046015,61702.7464633052,8395.077924969577,53307.66853833562,61702.7464633052,657.6632071245707,6971.107507484326,6971.163690790728,-0.05618330640209024,0.9999919406129458,True,True,True,True,21,False,0.0,,none,,1.0,bounded
optimal,0.9,,7200.0,0.8410078689142664,1345.6125902628262,0.24,1.6,160.0,17.951276530963497,1201336.8313685884,1802005.2470528812,1802005.2470528812,1201336.8313685884,1201336.8313685884,1802005.2470528812,1802005.2470528812,18.495351214852974,44.75755363545869,23.17840094433018,13.39364497789154,13.495351214852974,28.17840094433018,28.17840094433018,430938.3949079702,448394.6078139575,426449.73768466886,236683.56299388254,236683.56299388254,424785.29328302096,245239.67616157405,1806.0566936651792,1826.468854534971,1755.5214779744044,1125.6839460381211,1128.4874236041874,1784.7739112913414,1154.315294395726,44.81397715730338,cooling,True,True,7200.000000002815,7200.0,2.814886101987213e-09,-5332.599788172259,1021.5097269215476,True,,False,False,0.06970431429635937,26,21.653794030046242,21.725063793868035,26,26,15,14.999999999999986,21.92265491096856,25.070972050452042,18.77433777148508,1.3456125902628262,1.6820157378285328,0.0002991879421827249,0.03706471509127925,4189.78009486167,69.8296682476945,1.1638278041282417,1.499999999999999,True,118.06672372744579,38.8997842560772,7200.0,7847.00955793313,-7885.909342189208,712.4181350423435,647.0095579331305,65.40857710921296,0.6313157316539365,0.98702,0.9081879392285188,1600,800,869.3846430258665,10.1064243677234,8.281719786239405,optimal_power,0.7479698554568123,0.7479698554568123,0.0002991879421827249,False,False,0.14959397109136247,0.1755702382712601,1382.6754032026815,78010.73259627493,10301.185395363935,67709.547200911,78010.73259627493,751.3179192984206,7846.939853618834,7847.00955793313,-0.06970431429635937,0.9999911170855876,True,True,True,True,17,False,0.0,,none,,1.0,bounded
optimal,1.0,,8000.0,1.0,1600.0,0.24,1.6,160.0,21.811241089363246,1213046.3271161963,1820636.9288219847,1820636.9288219847,1213046.3271161963,1213046.3271161963,1820636.9288219847,1820636.9288219847,18.832306164058025,45.18099564966792,23.57337280531118,13.730518913915375,13.832306164058025,28.57337280531118,28.57337280531118,431022.30651796964,448525.3714098792,426455.33713176235,237339.93643007375,237339.93643007375,424850.2218483451,245918.0728707695,1805.4533554231848,1825.954552007209,1754.6958627448148,1127.838718289565,1130.6747439460278,1784.1297518723927,1156.5058514175703,45.26893867562769,cooling,True,True,7999.969846832021,8000.0,-0.030153167978824058,-6182.919453628942,-0.030153168024298793,True,,False,True,-6.7739165388047695e-09,26,21.938689284784232,22.01984270137475,26,26,15,15.000000000000064,22.410373211383103,25.299331623564626,19.52141479920158,1.6,2.0,0.00036352068482272076,0.04130474031461657,4622.2527175381565,77.03754529230261,1.2839590882050436,1.5008799648651736,False,159.856,69.28253753096548,8000.0,8722.959550070205,-8792.242087601171,794.374218208517,722.9595500702059,71.41466813831119,0.6302107045402905,0.9869971561121,0.9100994638278085,1600,800,1023.5127557394825,10.07082029681389,7.816219148358384,optimal_power,0.9088017120568018,0.9088017120568018,0.00036352068482272076,False,False,0.18176034241136038,0.16856617771781227,1539.8263518860965,114352.56439080386,14394.004214497278,99958.56017630658,114352.56439080386,863.6567557394825,8722.95955007698,8722.959550070205,6.7739165388047695e-09,1.0000000000007765,True,True,False,True,18,False,-5.684341886080802e-14,,none,,9.006428238475111,bounded
