water_ratio,refrigerant_ratio,UA_ratio
0.4,0.3,0.4934142532089415
0.42200000000000004,0.3,0.5042711220052888
0.444,0.3,0.5145786816821318
0.466,0.3,0.5243820436983173
0.48800000000000004,0.3,0.5337211620712418
0.51,0.3,0.542631588788166
0.532,0.3,0.5511450947487466
0.554,0.3,0.5592901842807149
0.5760000000000001,0.3,0.5670925246023941
0.5980000000000001,0.3,0.5745753067087267
0.6200000000000001,0.3,0.5817595505145912
0.642,0.3,0.5886643643471131
0.664,0.3,0.5953071667922076
0.686,0.3,0.6017038772970624
0.7080000000000001,0.3,0.6078690806864914
0.73,0.3,0.61381616977804
0.752,0.3,0.6195574695134191
0.774,0.3,0.6251043454142378
0.796,0.3,0.6304672986823487
0.8180000000000001,0.3,0.635656049872435
0.8400000000000001,0.3,0.6406796127463419
0.8620000000000001,0.3,0.6455463596594412
0.8840000000000001,0.3,0.6502640796169401
0.906,0.3,0.6548400299631724
0.928,0.3,0.6592809825221934
0.9500000000000001,0.3,0.6635932648877036
0.9720000000000001,0.3,0.6677827974598832
0.9940000000000001,0.3,0.6718551267425049
1.016,0.3,0.6758154553428108
1.038,0.3,0.6796686690567442
1.06,0.3,0.6834193613713377
1.082,0.3,0.6870718556728546
1.104,0.3,0.6906302254123766
1.1260000000000001,0.3,0.6940983124489503
1.1480000000000001,0.3,0.6974797437632563
1.1700000000000002,0.3,0.7007779467113983
1.1920000000000002,0.3,0.7039961629682004
1.214,0.3,0.7071374612919239
1.2360000000000002,0.3,0.7102047492271075
1.258,0.3,0.7132007838490227
1.2800000000000002,0.3,0.7161281816416897
1.302,0.3,0.7189894275913048
1.324,0.3,0.7217868835680855
1.346,0.3,0.7245227960617611
1.368,0.3,0.7271993033290993
1.3900000000000001,0.3,0.7298184420058199
1.412,0.3,0.732382153229911
1.4340000000000002,0.3,0.7348922883186455
1.456,0.3,0.7373506140374012
1.4780000000000002,0.3,0.7397588174946625
1.5,0.3,0.7421185106942761
0.4,0.314,0.5003673872161939
0.42200000000000004,0.314,0.5115358623717022
0.444,0.314,0.5221456756678488
0.466,0.314,0.5322423074354482
0.48800000000000004,0.314,0.5418660721794893
0.51,0.314,0.551052871654937
0.532,0.314,0.559834814332614
0.554,0.314,0.5682407290556116
0.5760000000000001,0.314,0.5762965940854565
0.5980000000000001,0.314,0.5840258978879047
0.6200000000000001,0.314,0.5914499443995584
0.642,0.314,0.5985881127991725
0.664,0.314,0.6054580797390885
0.686,0.314,0.6120760104019299
0.7080000000000001,0.314,0.6184567235136536
0.73,0.314,0.624613834478223
0.752,0.314,0.6305598800372173
0.774,0.314,0.6363064272520768
0.796,0.314,0.6418641691220063
0.8180000000000001,0.314,0.6472430087600889
0.8400000000000001,0.314,0.6524521337337023
0.8620000000000001,0.314,0.6575000819173387
0.8840000000000001,0.314,0.6623947999944733
0.906,0.314,0.6671436955709256
0.928,0.314,0.671753683717929
0.9500000000000001,0.314,0.676231228643191
0.9720000000000001,0.314,0.6805823810880267
0.9940000000000001,0.314,0.6848128119646151
1.016,0.314,0.6889278426766515
1.038,0.314,0.6929324725068549
1.06,0.314,0.6968314034040299
1.082,0.314,0.7006290624591939
1.104,0.314,0.7043296223233741
1.1260000000000001,0.314,0.707937019788077
1.1480000000000001,0.314,0.7114549727222635
1.1700000000000002,0.314,0.7148869955362569
1.1920000000000002,0.314,0.7182364133227739
1.214,0.314,0.7215063748077455
1.2360000000000002,0.314,0.7246998642283542
1.258,0.314,0.7278197122424581
1.2800000000000002,0.314,0.7308686059619867
1.302,0.314,0.7338490981927647
1.324,0.314,0.7367636159543335
1.346,0.314,0.7396144683455294
1.368,0.314,0.7424038538147053
1.3900000000000001,0.314,0.7451338668874122
1.412,0.314,0.7478065043989898
1.4340000000000002,0.314,0.7504236712747712
1.456,0.314,0.7529871858963806
1.4780000000000002,0.314,0.7554987850888636
1.5,0.314,0.7579601287600441
0.4,0.32799999999999996,0.5069601362876599
0.42200000000000004,0.32799999999999996,0.5184282305504161
0.444,0.32799999999999996,0.529328926856145
0.466,0.32799999999999996,0.5397080328891057
0.48800000000000004,0.32799999999999996,0.549606185353107
0.51,0.32799999999999996,0.5590596004723007
0.532,0.32799999999999996,0.5681006917454942
0.554,0.32799999999999996,0.5767585825186895
0.5760000000000001,0.32799999999999996,0.5850595344037226
0.5980000000000001,0.32799999999999996,0.5930273077675039
0.6200000000000001,0.32799999999999996,0.6006834669408398
0.642,0.32799999999999996,0.6080476401025937
0.664,0.32799999999999996,0.6151377417441624
0.686,0.32799999999999996,0.6219701640419572
0.7080000000000001,0.32799999999999996,0.628559942241183
0.73,0.32799999999999996,0.6349208981955659
0.752,0.32799999999999996,0.6410657654511012
0.774,0.32799999999999996,0.6470062986603179
0.796,0.32799999999999996,0.652753369631902
0.8180000000000001,0.32799999999999996,0.6583170519323478
0.8400000000000001,0.32799999999999996,0.6637066956415609
0.8620000000000001,0.32799999999999996,0.6689309936076493
0.8840000000000001,0.32799999999999996,0.6739980403356598
0.906,0.32799999999999996,0.6789153844715443
0.928,0.32799999999999996,0.6836900756989689
0.9500000000000001,0.32799999999999996,0.6883287067470382
0.9720000000000001,0.32799999999999996,0.6928374511071161
0.9940000000000001,0.32799999999999996,0.6972220969730994
1.016,0.32799999999999996,0.7014880778488806
1.038,0.32799999999999996,0.7056405002070189
1.06,0.32799999999999996,0.7096841685319595
1.082,0.32799999999999996,0.713623608037977
1.104,0.32799999999999996,0.7174630853151466
1.1260000000000001,0.32799999999999996,0.7212066271250405
1.1480000000000001,0.32799999999999996,0.7248580375406735
1.1700000000000002,0.32799999999999996,0.7284209136018006
1.1920000000000002,0.32799999999999996,0.7318986596364158
1.214,0.32799999999999996,0.735294500381741
1.2360000000000002,0.32799999999999996,0.7386114930227453
1.258,0.32799999999999996,0.7418525382529312
1.2800000000000002,0.32799999999999996,0.7450203904505248
1.302,0.32799999999999996,0.7481176670530383
1.324,0.32799999999999996,0.751146857204264
1.346,0.32799999999999996,0.7541103297399199
1.368,0.32799999999999996,0.7570103405712634
1.3900000000000001,0.32799999999999996,0.7598490395198954
1.412,0.32799999999999996,0.7626284766515905
1.4340000000000002,0.32799999999999996,0.7653506081522089
1.456,0.32799999999999996,0.7680173017845091
1.4780000000000002,0.32799999999999996,0.7706303419609137
1.5,0.32799999999999996,0.773191434463916
0.4,0.34199999999999997,0.513221903761555
0.42200000000000004,0.34199999999999997,0.5249783310374662
0.444,0.34199999999999997,0.5361591882301457
0.466,0.34199999999999997,0.54681057354001
0.48800000000000004,0.34199999999999997,0.5569734117770977
0.51,0.34199999999999997,0.5666842021029407
0.532,0.34199999999999997,0.5759756338874774
0.554,0.34199999999999997,0.5848770980163527
0.5760000000000001,0.34199999999999997,0.5934151145088579
0.5980000000000001,0.34199999999999997,0.6016136925476828
0.6200000000000001,0.34199999999999997,0.6094946354781782
0.642,0.34199999999999997,0.6170778006650012
0.664,0.34199999999999997,0.6243813220604577
0.686,0.34199999999999997,0.6314218017743037
0.7080000000000001,0.34199999999999997,0.6382144757198785
0.73,0.34199999999999997,0.6447733574599092
0.752,0.34199999999999997,0.6511113636240977
0.774,0.34199999999999997,0.657240423673072
0.796,0.34199999999999997,0.6631715763046794
0.8180000000000001,0.34199999999999997,0.6689150544127663
0.8400000000000001,0.34199999999999997,0.6744803601955965
0.8620000000000001,0.34199999999999997,0.6798763317557259
0.8840000000000001,0.34199999999999997,0.6851112023236936
0.906,0.34199999999999997,0.6901926530651943
0.928,0.34199999999999997,0.6951278602883139
0.9500000000000001,0.34199999999999997,0.6999235377483144
0.9720000000000001,0.34199999999999997,0.7045859746479004
0.9940000000000001,0.34199999999999997,0.7091210698473149
1.016,0.34199999999999997,0.7135343627281845
1.038,0.34199999999999997,0.7178310610954395
1.06,0.34199999999999997,0.7220160664510531
1.082,0.34199999999999997,0.7260939969302428
1.104,0.34199999999999997,0.7300692081539407
1.1260000000000001,0.34199999999999997,0.7339458122197619
1.1480000000000001,0.34199999999999997,0.7377276950265296
1.1700000000000002,0.34199999999999997,0.7414185321040028
1.1920000000000002,0.34199999999999997,0.7450218030991798
1.214,0.34199999999999997,0.7485408050529913
1.2360000000000002,0.34199999999999997,0.7519786645859174
1.258,0.34199999999999997,0.7553383490977563
1.2800000000000002,0.34199999999999997,0.7586226770751334
1.302,0.34199999999999997,0.7618343275901704
1.324,0.34199999999999997,0.7649758490647837
1.346,0.34199999999999997,0.7680496673672336
1.368,0.34199999999999997,0.771058093300614
1.3900000000000001,0.34199999999999997,0.7740033295368629
1.412,0.34199999999999997,0.7768874770444568
1.4340000000000002,0.34199999999999997,0.7797125410531668
1.456,0.34199999999999997,0.7824804365949851
1.4780000000000002,0.34199999999999997,0.7851929936565576
1.5,0.34199999999999997,0.7878519619750665
0.4,0.356,0.519178833254157
0.42200000000000004,0.356,0.5312129560117413
0.444,0.356,0.5426638533943811
0.466,0.356,0.5535778813590883
0.48800000000000004,0.356,0.5639962223966998
0.51,0.356,0.5739556303762232
0.532,0.356,0.583489044358893
0.554,0.356,0.5926260984946549
0.5760000000000001,0.356,0.6013935486978994
0.5980000000000001,0.356,0.6098156320827564
0.6200000000000001,0.356,0.617914371625714
0.642,0.356,0.6257098358761736
0.664,0.356,0.6332203615187172
0.686,0.356,0.6404627450387699
0.7080000000000001,0.356,0.6474524085377559
0.73,0.356,0.6542035437993243
0.752,0.356,0.6607292379622913
0.774,0.356,0.6670415835624304
0.796,0.356,0.6731517752297211
0.8180000000000001,0.356,0.6790701949441512
0.8400000000000001,0.356,0.6848064874419884
0.8620000000000001,0.356,0.6903696271104692
0.8840000000000001,0.356,0.6957679775004522
0.906,0.356,0.7010093444146974
0.928,0.356,0.7061010233869744
0.9500000000000001,0.356,0.7110498422485791
0.9720000000000001,0.356,0.7158621993796473
0.9940000000000001,0.356,0.7205440981593451
1.016,0.356,0.7251011780587927
1.038,0.356,0.7295387427611433
1.06,0.356,0.7338617856427615
1.082,0.356,0.7380750129064352
1.104,0.356,0.7421828646207728
1.1260000000000001,0.356,0.7461895338883908
1.1480000000000001,0.356,0.750098984338366
1.1700000000000002,0.356,0.7539149661150044
1.1920000000000002,0.356,0.7576410305147306
1.214,0.356,0.7612805434053271
1.2360000000000002,0.356,0.7648366975464697
1.258,0.356,0.7683125239171866
1.2800000000000002,0.356,0.7717109021442231
1.302,0.356,0.7750345701150966
1.324,0.356,0.7782861328506776
1.346,0.356,0.7814680707042525
1.368,0.356,0.7845827469470866
1.3900000000000001,0.356,0.7876324147943737
1.412,0.356,0.7906192239200287
1.4340000000000002,0.356,0.7935452265039754
1.456,0.356,0.7964123828513014
1.4780000000000002,0.356,0.7992225666188585
1.5,0.356,0.8019775696814863
0.4,0.37,0.5248542628747693
0.42200000000000004,0.37,0.537156044010963
0.444,0.37,0.5488674190293396
0.466,0.37,0.5600349724468945
0.48800000000000004,0.37,0.5707001172241667
0.51,0.37,0.5808998366104746
0.532,0.37,0.5906672958029037
0.554,0.37,0.6000323503161125
0.5760000000000001,0.37,0.6090219716007956
0.5980000000000001,0.37,0.617660605773034
0.6200000000000001,0.37,0.6259704778340233
0.642,0.37,0.6339718511344271
0.664,0.37,0.6416832498370107
0.686,0.37,0.6491216505912281
0.7080000000000001,0.37,0.6563026484369642
0.73,0.37,0.6632406010169827
0.752,0.37,0.6699487544369229
0.774,0.37,0.6764393535221637
0.796,0.37,0.6827237387483909
0.8180000000000001,0.37,0.688812431741543
0.8400000000000001,0.37,0.6947152109334298
0.8620000000000001,0.37,0.7004411787067418
0.8840000000000001,0.37,0.7059988211558534
0.906,0.37,0.7113960614187617
0.928,0.37,0.7166403073936919
0.9500000000000001,0.37,0.7217384945357795
0.9720000000000001,0.37,0.7266971243304241
0.9940000000000001,0.37,0.7315222989569058
1.016,0.37,0.7362197525858536
1.038,0.37,0.7407948796948908
1.06,0.37,0.7452527607364432
1.082,0.37,0.7495981854487729
1.104,0.37,0.7538356740645943
1.1260000000000001,0.37,0.7579694966401351
1.1480000000000001,0.37,0.7620036907004015
1.1700000000000002,0.37,0.765942077373018
1.1920000000000002,0.37,0.7697882761627681
1.214,0.37,0.7735457185013984
1.2360000000000002,0.37,0.7772176601919669
1.258,0.37,0.7808071928536899
1.2800000000000002,0.37,0.784317254461595
1.302,0.37,0.7877506390650755
1.324,0.37,0.791110005760489
1.346,0.37,0.7943978869850442
1.368,0.37,0.7976166961922772
1.3900000000000001,0.37,0.8007687349632653
1.412,0.37,0.8038561996022981
1.4340000000000002,0.37,0.8068811872608888
1.456,0.37,0.8098457016297347
1.4780000000000002,0.37,0.8127516582344189
1.5,0.37,0.8156008893672388
0.4,0.384,0.5302691036516421
0.42200000000000004,0.384,0.5428290624650497
0.444,0.384,0.5547918709448739
0.466,0.384,0.5662043160937527
0.48800000000000004,0.384,0.5771080169562495
0.51,0.384,0.587540163393642
0.532,0.384,0.5975341255030747
0.554,0.384,0.6071199603695256
0.5760000000000001,0.384,0.6163248365340683
0.5980000000000001,0.384,0.6251733919255632
0.6200000000000001,0.384,0.6336880375488724
0.642,0.384,0.6418892166185997
0.664,0.384,0.6497956268425014
0.686,0.384,0.6574244120305076
0.7080000000000001,0.384,0.6647913280176921
0.73,0.384,0.6719108869586184
0.752,0.384,0.6787964833149038
0.774,0.384,0.6854605042722514
0.796,0.384,0.6919144268537366
0.8180000000000001,0.384,0.6981689036173072
0.8400000000000001,0.384,0.7042338385178772
0.8620000000000001,0.384,0.7101184542632271
0.8840000000000001,0.384,0.7158313522866847
0.906,0.384,0.7213805662893624
0.928,0.384,0.7267736101635677
0.9500000000000001,0.384,0.7320175209913999
0.9720000000000001,0.384,0.7371188977141371
0.9940000000000001,0.384,0.7420839359853189
1.016,0.384,0.7469184596506754
1.038,0.384,0.7516279492389751
1.06,0.384,0.7562175677976674
1.082,0.384,0.7606921843643811
1.104,0.384,0.7650563953287233
1.1260000000000001,0.384,0.7693145439073799
1.1480000000000001,0.384,0.7734707379284712
1.1700000000000002,0.384,0.7775288660977505
1.1920000000000002,0.384,0.781492612899018
1.214,0.384,0.7853654722635646
1.2360000000000002,0.384,0.7891507601281943
1.258,0.384,0.792851625988043
1.2800000000000002,0.384,0.7964710635387656
1.302,0.384,0.8000119204924517
1.324,0.384,0.8034769076426619
1.346,0.384,0.8068686072460821
1.368,0.384,0.8101894807813339
1.3900000000000001,0.384,0.813441876139319
1.412,0.384,0.816628034294037
1.4340000000000002,0.384,0.819750095497975
1.456,0.384,0.8228101050418728
1.4780000000000002,0.384,0.8258100186148503
1.5,0.384,0.8287517072974641
0.4,0.39799999999999996,0.5354421568199779
0.42200000000000004,0.39799999999999996,0.5482513287448711
0.444,0.39799999999999996,0.5604570083829206
0.466,0.39799999999999996,0.5721061618917969
0.48800000000000004,0.39799999999999996,0.5832405925046809
0.51,0.39799999999999996,0.5938976761880096
0.532,0.39799999999999996,0.6041109687586932
0.554,0.39799999999999996,0.613910710947658
0.5760000000000001,0.39799999999999996,0.6233242516435394
0.5980000000000001,0.39799999999999996,0.6323764049516802
0.6200000000000001,0.39799999999999996,0.6410897532771506
0.642,0.39799999999999996,0.6494849060568378
0.664,0.39799999999999996,0.6575807217960005
0.686,0.39799999999999996,0.6653944995479087
0.7080000000000001,0.39799999999999996,0.6729421447962349
0.73,0.39799999999999996,0.680238313775507
0.752,0.39799999999999996,0.6872965395343883
0.774,0.39799999999999996,0.6941293424648071
0.796,0.39799999999999996,0.7007483275534907
0.8180000000000001,0.39799999999999996,0.7071642702359235
0.8400000000000001,0.39799999999999996,0.7133871924269858
0.8620000000000001,0.39799999999999996,0.7194264300527449
0.8840000000000001,0.39799999999999996,0.7252906932027415
0.906,0.39799999999999996,0.7309881198527625
0.928,0.39799999999999996,0.7365263239676098
0.9500000000000001,0.39799999999999996,0.7419124386763
0.9720000000000001,0.39799999999999996,0.7471531551141269
0.9940000000000001,0.39799999999999996,0.7522547574436568
1.016,0.39799999999999996,0.757223154497213
1.038,0.39799999999999996,0.7620639084245395
1.06,0.39799999999999996,0.7667822606792791
1.082,0.39799999999999996,0.7713831556352196
1.104,0.39799999999999996,0.7758712620867241
1.1260000000000001,0.39799999999999996,0.7802509928564001
1.1480000000000001,0.39799999999999996,0.7845265227060605
1.1700000000000002,0.39799999999999996,0.7887018047237057
1.1920000000000002,0.39799999999999996,0.7927805853390651
1.214,0.39799999999999996,0.7967664181027115
1.2360000000000002,0.39799999999999996,0.8006626763484851
1.258,0.39799999999999996,0.8044725648456682
1.2800000000000002,0.39799999999999996,0.8081991305356889
1.302,0.39799999999999996,0.811845272437931
1.324,0.39799999999999996,0.8154137508002532
1.346,0.39799999999999996,0.8189071955619256
1.368,0.39799999999999996,0.822328114189721
1.3900000000000001,0.39799999999999996,0.8256788989417436
1.412,0.39799999999999996,0.8289618336081156
1.4340000000000002,0.39799999999999996,0.8321790997728101
1.456,0.39799999999999996,0.8353327826366078
1.4780000000000002,0.39799999999999996,0.83842487643733
1.5,0.39799999999999996,0.8414572895000777
0.4,0.412,0.5403903814194452
0.42200000000000004,0.412,0.5534402811900826
0.444,0.412,0.5658807180373623
0.466,0.412,0.5777588163608655
0.48800000000000004,0.412,0.5891165438875272
0.51,0.412,0.5999914441859753
0.532,0.412,0.6104172414384456
0.554,0.412,0.6204243437624766
0.5760000000000001,0.412,0.6300402651712577
0.5980000000000001,0.412,0.639289981698993
0.6200000000000001,0.412,0.648196233817751
0.642,0.412,0.6567797847082776
0.664,0.412,0.6650596419923044
0.686,0.412,0.6730532490281923
0.7080000000000001,0.412,0.6807766507011722
0.73,0.412,0.6882446377215101
0.752,0.412,0.6954708727182817
0.774,0.412,0.7024680008384901
0.796,0.412,0.7092477470977181
0.8180000000000001,0.412,0.7158210023542663
0.8400000000000001,0.412,0.72219789947473
0.8620000000000001,0.412,0.728387881010589
0.8840000000000001,0.412,0.734399759501342
0.906,0.412,0.7402417713512296
0.928,0.412,0.7459216250867916
0.9500000000000001,0.412,0.7514465446859503
0.9720000000000001,0.412,0.7568233085717524
0.9940000000000001,0.412,0.7620582847818544
1.016,0.412,0.7671574627556017
1.038,0.412,0.772126482121881
1.06,0.412,0.7769706588210442
1.082,0.412,0.7816950088516436
1.104,0.412,0.7863042698962797
1.1260000000000001,0.412,0.7908029210495852
1.1480000000000001,0.412,0.7951952008444186
1.1700000000000002,0.412,0.7994851237490719
1.1920000000000002,0.412,0.8036764952881353
1.214,0.412,0.8077729259221567
1.2360000000000002,0.412,0.8117778438059903
1.258,0.412,0.8156945065324291
1.2800000000000002,0.412,0.8195260119560707
1.302,0.412,0.8232753081821655
1.324,0.412,0.8269452027962274
1.346,0.412,0.8305383714022841
1.368,0.412,0.83405736553068
1.3900000000000001,0.412,0.8375046199701792
1.412,0.412,0.8408824595736548
1.4340000000000002,0.412,0.8441931055818102
1.456,0.412,0.8474386815050613
1.4780000000000002,0.412,0.8506212185998823
1.5,0.412,0.8537426609724811
0.4,0.426,0.5451291212230859
0.42200000000000004,0.426,0.5584117091591627
0.444,0.426,0.571079206845195
0.466,0.426,0.5831788781449729
0.48800000000000004,0.426,0.5947528375336404
0.51,0.426,0.6058387794587822
0.532,0.426,0.616470580739164
0.554,0.426,0.6266788021054713
0.5760000000000001,0.426,0.6364911088316523
0.5980000000000001,0.426,0.6459326258776404
0.6200000000000001,0.426,0.6550262395898646
0.642,0.426,0.6637928554609231
0.664,0.426,0.6722516195090648
0.686,0.426,0.6804201093431372
0.7080000000000001,0.426,0.6883144998162445
0.73,0.426,0.6959497072596463
0.752,0.426,0.7033395155675811
0.774,0.426,0.7104966868294563
0.796,0.426,0.717433058745179
0.8180000000000001,0.426,0.7241596306874111
0.8400000000000001,0.426,0.7306866399722876
0.8620000000000001,0.426,0.7370236296531483
0.8840000000000001,0.426,0.7431795089488702
0.906,0.426,0.7491626072507691
0.928,0.426,0.7549807225129118
0.9500000000000001,0.426,0.7606411647146814
0.9720000000000001,0.426,0.7661507949872878
0.9940000000000001,0.426,0.7715160609142299
1.016,0.426,0.7767430284467322
1.038,0.426,0.7818374108167383
1.06,0.426,0.7868045947803255
1.082,0.426,0.7916496644819787
1.104,0.426,0.7963774231938398
1.1260000000000001,0.426,0.8009924131528441
1.1480000000000001,0.426,0.8054989336917788
1.1700000000000002,0.426,0.8099010578370747
1.1920000000000002,0.426,0.8142026475260247
1.214,0.426,0.8184073675786447
1.2360000000000002,0.426,0.8225186985441725
1.258,0.426,0.8265399485289137
1.2800000000000002,0.426,0.8304742641005166
1.302,0.426,0.8343246403535581
1.324,0.426,0.8380939302123608
1.346,0.426,0.8417848530390626
1.368,0.426,0.8454000026079954
1.3900000000000001,0.426,0.8489418545012574
1.412,0.426,0.8524127729749095
1.4340000000000002,0.426,0.855815017340374
1.456,0.426,0.8591507479012997
1.4780000000000002,0.426,0.8624220314823192
1.5,0.426,0.865630846582695
0.4,0.43999999999999995,0.5496722981651303
0.42200000000000004,0.43999999999999995,0.5631799492926012
0.444,0.43999999999999995,0.5760672007547938
0.466,0.43999999999999995,0.5883814389928174
0.48800000000000004,0.43999999999999995,0.600164909215313
0.51,0.43999999999999995,0.6114554416099134
0.532,0.43999999999999995,0.6222870513537355
0.554,0.43999999999999995,0.6326904383460119
0.5760000000000001,0.43999999999999995,0.6426934064758089
0.5980000000000001,0.43999999999999995,0.6523212177432139
0.6200000000000001,0.43999999999999995,0.6615968932025523
0.642,0.43999999999999995,0.6705414701694288
0.664,0.43999999999999995,0.6791742232063694
0.686,0.43999999999999995,0.68751285491723
0.7080000000000001,0.43999999999999995,0.6955736614260184
0.73,0.43999999999999995,0.7033716765101307
0.752,0.43999999999999995,0.7109207976418164
0.774,0.43999999999999995,0.7182338966210738
0.796,0.43999999999999995,0.7253229170253239
0.8180000000000001,0.43999999999999995,0.7321989603314283
0.8400000000000001,0.43999999999999995,0.7388723622651098
0.8620000000000001,0.43999999999999995,0.7453527606872005
0.8840000000000001,0.43999999999999995,0.7516491561242724
0.906,0.43999999999999995,0.7577699658844322
0.928,0.43999999999999995,0.7637230725606231
0.9500000000000001,0.43999999999999995,0.7695158676083117
0.9720000000000001,0.43999999999999995,0.775155290587731
0.9940000000000001,0.43999999999999995,0.780647864579495
1.016,0.43999999999999995,0.7859997282137073
1.038,0.43999999999999995,0.7912166646944561
1.06,0.43999999999999995,0.7963041281520468
1.082,0.43999999999999995,0.8012672676130453
1.104,0.43999999999999995,0.8061109488419841
1.1260000000000001,0.43999999999999995,0.8108397742774742
1.1480000000000001,0.43999999999999995,0.8154581012586606
1.1700000000000002,0.43999999999999995,0.8199700587147835
1.1920000000000002,0.43999999999999995,0.824379562470544
1.214,0.43999999999999995,0.8286903293025156
1.2360000000000002,0.43999999999999995,0.8329058898666623
1.258,0.43999999999999995,0.8370296006037464
1.2800000000000002,0.43999999999999995,0.8410646547178021
1.302,0.43999999999999995,0.8450140923126594
1.324,0.43999999999999995,0.8488808097625492
1.346,0.43999999999999995,0.8526675683849254
1.368,0.43999999999999995,0.856377002476677
1.3900000000000001,0.43999999999999995,0.8600116267687338
1.412,0.43999999999999995,0.8635738433486124
1.4340000000000002,0.43999999999999995,0.867065948095598
1.456,0.43999999999999995,0.8704901366689375
1.4780000000000002,0.43999999999999995,0.8738485100855845
1.5,0.43999999999999995,0.8771430799205953
0.4,0.45399999999999996,0.5540325780046486
0.42200000000000004,0.45399999999999996,0.5677580537500528
0.444,0.45399999999999996,0.5808581152487662
0.466,0.45399999999999996,0.5933802563103933
0.48800000000000004,0.45399999999999996,0.6053668384026499
0.51,0.45399999999999996,0.6168558137277727
0.532,0.45399999999999996,0.6278813228402544
0.554,0.45399999999999996,0.6384741925542029
0.5760000000000001,0.45399999999999996,0.648662353822111
0.5980000000000001,0.45399999999999996,0.6584711948041978
0.6200000000000001,0.45399999999999996,0.6679238610212459
0.642,0.45399999999999996,0.6770415119746949
0.664,0.45399999999999996,0.6858435417039631
0.686,0.45399999999999996,0.6943477692763955
0.7080000000000001,0.45399999999999996,0.7025706040583733
0.73,0.45399999999999996,0.7105271897163523
0.752,0.45399999999999996,0.718231530184968
0.774,0.45399999999999996,0.7256966002722534
0.796,0.45399999999999996,0.7329344431169272
0.8180000000000001,0.45399999999999996,0.7399562563450932
0.8400000000000001,0.45399999999999996,0.7467724684748772
0.8620000000000001,0.45399999999999996,0.7533928068732556
0.8840000000000001,0.45399999999999996,0.7598263583685172
0.906,0.45399999999999996,0.7660816234558786
0.928,0.45399999999999996,0.7721665648960168
0.9500000000000001,0.45399999999999996,0.7780886513913511
0.9720000000000001,0.45399999999999996,0.7838548969286396
0.9940000000000001,0.45399999999999996,0.7894718962954451
1.016,0.45399999999999996,0.7949458572096098
1.038,0.45399999999999996,0.8002826294428742
1.06,0.45399999999999996,0.8054877312704154
1.082,0.45399999999999996,0.8105663735359402
1.104,0.45399999999999996,0.8155234815858725
1.1260000000000001,0.45399999999999996,0.820363715295152
1.1480000000000001,0.45399999999999996,0.8250914873804276
1.1700000000000002,0.45399999999999996,0.829710980173326
1.1920000000000002,0.45399999999999996,0.8342261610064378
1.214,0.45399999999999996,0.8386407963472657
1.2360000000000002,0.45399999999999996,0.8429584648002099
1.258,0.45399999999999996,0.8471825690834215
1.2800000000000002,0.45399999999999996,0.8513163470757593
1.302,0.45399999999999996,0.8553628820189088
1.324,0.45399999999999996,0.8593251119507781
1.346,0.45399999999999996,0.8632058384383947
1.368,0.45399999999999996,0.8670077346715709
1.3900000000000001,0.45399999999999996,0.8707333529724403
1.412,0.45399999999999996,0.8743851317705068
1.4340000000000002,0.45399999999999996,0.8779654020880006
1.456,0.45399999999999996,0.8814763935760148
1.4780000000000002,0.45399999999999996,0.8849202401380576
1.5,0.45399999999999996,0.8882989851742121
0.4,0.46799999999999997,0.558221512848993
0.42200000000000004,0.46799999999999997,0.5721579350687216
0.444,0.46799999999999997,0.5854642022858738
0.466,0.46799999999999997,0.5981879019622472
0.48800000000000004,0.46799999999999997,0.610371498723873
0.51,0.46799999999999997,0.6220530543258221
0.532,0.46799999999999997,0.6332668228813843
0.554,0.46799999999999997,0.6440437469353117
0.5760000000000001,0.46799999999999997,0.6544118739361581
0.5980000000000001,0.46799999999999997,0.6643967082307479
0.6200000000000001,0.46799999999999997,0.6740215104002711
0.642,0.46799999999999997,0.6833075532652808
0.664,0.46799999999999997,0.6922743419858526
0.686,0.46799999999999997,0.7009398042182887
0.7080000000000001,0.46799999999999997,0.7093204551503083
0.73,0.46799999999999997,0.7174315413426042
0.752,0.46799999999999997,0.7252871665974377
0.774,0.46799999999999997,0.7329004025112957
0.796,0.46799999999999997,0.740283385916244
0.8180000000000001,0.46799999999999997,0.7474474050491017
0.8400000000000001,0.46799999999999997,0.7544029759904348
0.8620000000000001,0.46799999999999997,0.7611599106724034
0.8840000000000001,0.46799999999999997,0.7677273775547492
0.906,0.46799999999999997,0.7741139559031294
0.928,0.46799999999999997,0.7803276844669081
0.9500000000000001,0.46799999999999997,0.7863761052391394
0.9720000000000001,0.46799999999999997,0.7922663028856276
0.9940000000000001,0.46799999999999997,0.798004940349298
1.016,0.46799999999999997,0.8035982910679746
1.038,0.46799999999999997,0.8090522681858807
1.06,0.46799999999999997,0.8143724510900024
1.082,0.46799999999999997,0.8195641095604695
1.104,0.46799999999999997,0.8246322257881163
1.1260000000000001,0.46799999999999997,0.8295815144814773
1.1480000000000001,0.46799999999999997,0.8344164412587999
1.1700000000000002,0.46799999999999997,0.8391412394976248
1.1920000000000002,0.46799999999999997,0.8437599257944954
1.214,0.46799999999999997,0.8482763141699948
1.2360000000000002,0.46799999999999997,0.8526940291391779
1.258,0.46799999999999997,0.8570165177542386
1.2800000000000002,0.46799999999999997,0.861247060714685
1.302,0.46799999999999997,0.8653887826301253
1.324,0.46799999999999997,0.8694446615118395
1.346,0.46799999999999997,0.8734175375614308
1.368,0.46799999999999997,0.8773101213178937
1.3900000000000001,0.46799999999999997,0.8811250012182822
1.412,0.46799999999999997,0.8848646506216981
1.4340000000000002,0.46799999999999997,0.8885314343414774
1.456,0.46799999999999997,0.8921276147261282
1.4780000000000002,0.46799999999999997,0.8956553573257372
1.5,0.46799999999999997,0.8991167361771196
0.4,0.482,0.5622496642882854
0.42200000000000004,0.482,0.5763904914163476
0.444,0.482,0.5898966774523813
0.466,0.482,0.6028158911243365
0.48800000000000004,0.482,0.6151906883433743
0.51,0.482,0.6270592290876623
0.532,0.482,0.6384558702543487
0.554,0.482,0.6494116598967954
0.5760000000000001,0.482,0.6599547522795997
0.5980000000000001,0.482,0.6701107587813573
0.6200000000000001,0.482,0.6799030463934024
0.642,0.482,0.6893529930868676
0.664,0.482,0.6984802074317099
0.686,0.482,0.7073027183958499
0.7080000000000001,0.482,0.71583714012031
0.73,0.482,0.724098815577715
0.752,0.482,0.7321019423186101
0.774,0.482,0.7398596829497522
0.796,0.482,0.7473842625387769
0.8180000000000001,0.482,0.7546870547761947
0.8400000000000001,0.482,0.7617786584301943
0.8620000000000001,0.482,0.7686689653880603
0.8840000000000001,0.482,0.775367221379306
0.906,0.482,0.7818820803113716
0.928,0.482,0.788221653012305
0.9500000000000001,0.482,0.794393551061007
0.9720000000000001,0.482,0.8004049262901997
0.9940000000000001,0.482,0.806262506466974
1.016,0.482,0.811972627587919
1.038,0.482,0.8175412631682805
1.06,0.482,0.8229740508556096
1.082,0.482,0.8282763166565187
1.104,0.482,0.8334530970293014
1.1260000000000001,0.482,0.838509159064354
1.1480000000000001,0.482,0.8434490189477525
1.1700000000000002,0.482,0.848276958880366
1.1920000000000002,0.482,0.8529970426049492
1.214,0.482,0.857613129676346
1.2360000000000002,0.482,0.8621288885948203
1.258,0.482,0.8665478089093543
1.2800000000000002,0.482,0.8708732123861807
1.302,0.482,0.8751082633276879
1.324,0.482,0.8792559781179051
1.346,0.482,0.8833192340629081
1.368,0.482,0.8873007775875418
1.3900000000000001,0.482,0.8912032318437008
1.412,0.482,0.8950291037799528
1.4340000000000002,0.482,0.8987807907174509
1.456,0.482,0.9024605864727543
1.4780000000000002,0.482,0.9060706870643473
1.5,0.482,0.9096131960361963
0.4,0.496,0.5661267102028475
0.42200000000000004,0.496,0.5804657153213191
0.444,0.496,0.5941658304216242
0.466,0.496,0.60727479429983
0.48800000000000004,0.496,0.6198352433782147
0.51,0.496,0.6318854255443558
0.532,0.496,0.6434597906431084
0.554,0.496,0.6545894828817099
0.5760000000000001,0.496,0.665302754462153
0.5980000000000001,0.496,0.6756253153806683
0.6200000000000001,0.496,0.685580631073417
0.642,0.496,0.6951901771273409
0.664,0.496,0.7044736583983016
0.686,0.496,0.7134491984322098
0.7080000000000001,0.496,0.7221335039595318
0.73,0.496,0.7305420083504133
0.752,0.496,0.7386889972189215
0.774,0.496,0.7465877188078792
0.796,0.496,0.7542504813385648
0.8180000000000001,0.496,0.761688739148133
0.8400000000000001,0.496,0.7689131691437405
0.8620000000000001,0.496,0.7759337388619614
0.8840000000000001,0.496,0.7827597672243973
0.906,0.496,0.7893999789169501
0.928,0.496,0.7958625531844516
0.9500000000000001,0.496,0.8021551677190393
0.9720000000000001,0.496,0.8082850382256686
0.9940000000000001,0.496,0.8142589541682042
1.016,0.496,0.8200833111319512
1.038,0.496,0.8257641401811684
1.06,0.496,0.8313071345413003
1.082,0.496,0.8367176738939732
1.104,0.496,0.8420008465370672
1.1260000000000001,0.496,0.8471614696314497
1.1480000000000001,0.496,0.8522041077294631
1.1700000000000002,0.496,0.8571330897573444
1.1920000000000002,0.496,0.8619525246038774
1.214,0.496,0.866666315450305
1.2360000000000002,0.496,0.8712781729614569
1.258,0.496,0.8757916274448877
1.2800000000000002,0.496,0.8802100400732868
1.302,0.496,0.8845366132552964
1.324,0.496,0.8887744002309652
1.346,0.496,0.892926313960209
1.368,0.496,0.896995135365713
1.3900000000000001,0.496,0.9009835209855592
1.412,0.496,0.9048940100854205
1.4340000000000002,0.496,0.9087290312753119
1.456,0.496,0.9124909086715854
1.4780000000000002,0.496,0.9161818676410063
1.5,0.496,0.9198040401603141
0.4,0.51,0.5698615377571955
0.42200000000000004,0.51,0.5843927884125146
0.444,0.51,0.5982811212697008
0.466,0.51,0.6115743350578832
0.48800000000000004,0.51,0.6243151369224896
0.51,0.51,0.6365418532604546
0.532,0.51,0.648289017874184
0.554,0.51,0.659587862553205
0.5760000000000001,0.51,0.6704667292832347
0.5980000000000001,0.51,0.680951418935271
0.6200000000000001,0.51,0.6910654880467626
0.642,0.51,0.7008305028619083
0.664,0.51,0.7102662579328116
0.686,0.51,0.7193909651455285
0.7080000000000001,0.51,0.7282214179164688
0.73,0.51,0.7367731344266705
0.752,0.51,0.745060483066784
0.774,0.51,0.7530967927117465
0.796,0.51,0.7608944499994207
0.8180000000000001,0.51,0.7684649854280476
0.8400000000000001,0.51,0.7758191497950302
0.8620000000000001,0.51,0.782966982260448
0.8840000000000001,0.51,0.7899178711220047
0.906,0.51,0.7966806082254821
0.928,0.51,0.8032634377996598
0.9500000000000001,0.51,0.8096741003918568
0.9720000000000001,0.51,0.8159198724857016
0.9940000000000001,0.51,0.8220076023031143
1.016,0.51,0.8279437422251935
1.038,0.51,0.8337343782096084
1.06,0.51,0.8393852565334735
1.082,0.51,0.8449018081491515
1.104,0.51,0.8502891709048116
1.1260000000000001,0.51,0.8555522098509557
1.1480000000000001,0.51,0.8606955358277081
1.1700000000000002,0.51,0.8657235225048198
1.1920000000000002,0.51,0.8706403220265195
1.214,0.51,0.8754498793961115
1.2360000000000002,0.51,0.8801559457201866
1.258,0.51,0.8847620904191866
1.2800000000000002,0.51,0.8892717124995453
1.302,0.51,0.8936880509725297
1.324,0.51,0.898014194496012
1.346,0.51,0.902253090307555
1.368,0.51,0.9064075525102689
1.3900000000000001,0.51,0.9104802697667604
1.412,0.51,0.9144738124510422
1.4340000000000002,0.51,0.918390639303448
1.456,0.51,0.9222331036292732
1.4780000000000002,0.51,0.9260034590780343
1.5,0.51,0.9297038650367945
0.4,0.524,0.5734623246552919
0.42200000000000004,0.524,0.5881801642608998
0.444,0.524,0.6022512647535107
0.466,0.524,0.6157234756130993
0.48800000000000004,0.524,0.6286395658064236
0.51,0.524,0.6410379316627123
0.532,0.524,0.6529531827154649
0.554,0.524,0.6644166304732795
0.5760000000000001,0.524,0.6754566992088865
0.5980000000000001,0.524,0.6860992735345307
0.6200000000000001,0.524,0.6963679943107421
0.642,0.524,0.7062845120051445
0.664,0.524,0.7158687047636897
0.686,0.524,0.7251388670274918
0.7080000000000001,0.524,0.7341118734163662
0.73,0.524,0.742803321727288
0.752,0.524,0.7512276582052343
0.774,0.524,0.7593982876931065
0.796,0.524,0.767327670825162
0.8180000000000001,0.524,0.7750274100708681
0.8400000000000001,0.524,0.7825083261453175
0.8620000000000001,0.524,0.7897805260644298
0.8840000000000001,0.524,0.7968534639274606
0.906,0.524,0.803735995347501
0.928,0.524,0.8104364263161656
0.9500000000000001,0.524,0.816962557176397
0.9720000000000001,0.524,0.823321722283166
0.9940000000000001,0.524,0.8295208258525801
1.016,0.524,0.8355663744328949
1.038,0.524,0.8414645063740548
1.06,0.524,0.8472210186239612
1.082,0.524,0.8528413911382777
1.104,0.524,0.8583308091550975
1.1260000000000001,0.524,0.8636941835552778
1.1480000000000001,0.524,0.8689361695029192
1.1700000000000002,0.524,0.8740611835376934
1.1920000000000002,0.524,0.8790734192709536
1.214,0.524,0.8839768618203854
1.2360000000000002,0.524,0.8887753011029539
1.258,0.524,0.8934723440928112
1.2800000000000002,0.524,0.8980714261393349
1.302,0.524,0.9025758214303932
1.324,0.524,0.9069886526770491
1.346,0.524,0.9113129000880891
1.368,0.524,0.9155514096958455
1.3900000000000001,0.524,0.9197069010886469
1.412,0.524,0.9237819745997995
1.4340000000000002,0.524,0.9277791179981661
1.456,0.524,0.9317007127211052
1.4780000000000002,0.524,0.9355490396866973
1.5,0.524,0.9393262847187479
0.4,0.538,0.5769366103782394
0.42200000000000004,0.538,0.591835641059782
0.444,0.538,0.6060843043010938
0.466,0.538,0.619730492006369
0.48800000000000004,0.538,0.6328170268596127
0.51,0.538,0.6453823672878836
0.532,0.538,0.6574611910198683
0.554,0.538,0.6690848820617943
0.5760000000000001,0.538,0.6802819400729772
0.5980000000000001,0.538,0.6910783268273903
0.6200000000000001,0.538,0.701497761245253
0.642,0.538,0.7115619720623249
0.664,0.538,0.7212909153610362
0.686,0.538,0.7307029627665375
0.7080000000000001,0.538,0.7398150650049984
0.73,0.538,0.74864289465348
0.752,0.538,0.7572009712237834
0.774,0.538,0.765502771174901
0.796,0.538,0.7735608250088022
0.8180000000000001,0.538,0.7813868032486504
0.8400000000000001,0.538,0.7889915928092645
0.8620000000000001,0.538,0.7963853650329283
0.8840000000000001,0.538,0.8035776364689107
0.906,0.538,0.8105773233139894
0.928,0.538,0.8173927902974252
0.9500000000000001,0.538,0.8240318946820636
0.9720000000000001,0.538,0.8305020259595117
0.9940000000000001,0.538,0.8368101417384073
1.016,0.538,0.842962800258056
1.038,0.538,0.8489661899030714
1.06,0.538,0.8548261560464067
1.082,0.538,0.860548225506936
1.104,0.538,0.866137628872379
1.1260000000000001,0.538,0.8715993209079503
1.1480000000000001,0.538,0.8769379992448698
1.1700000000000002,0.538,0.8821581215201652
1.1920000000000002,0.538,0.8872639211194915
1.214,0.538,0.8922594216575589
1.2360000000000002,0.538,0.8971484503157986
1.258,0.538,0.9019346501438371
1.2800000000000002,0.538,0.9066214914198856
1.302,0.538,0.911212282155088
1.324,0.538,0.9157101778180209
1.346,0.538,0.920118190347712
1.368,0.538,0.9244391965166463
1.3900000000000001,0.538,0.9286759456991016
1.412,0.538,0.9328310670947347
1.4340000000000002,0.538,0.9369070764525014
1.456,0.538,0.9409063823357037
1.4780000000000002,0.538,0.944831291965116
1.5,0.538,0.9486840166737165
0.4,0.552,0.5802913588392148
0.42200000000000004,0.552,0.5953664255927258
0.444,0.552,0.6097876771751962
0.466,0.552,0.6236030403579538
0.48800000000000004,0.552,0.6368553841574961
0.51,0.552,0.6495832219353875
0.532,0.552,0.6618212927050122
0.554,0.552,0.6736010463311426
0.5760000000000001,0.552,0.6849510515012979
0.5980000000000001,0.552,0.6958973410761162
0.6200000000000001,0.552,0.7064637062416138
0.642,0.552,0.7166719484834682
0.664,0.552,0.7265420965702403
0.686,0.552,0.7360925943193058
0.7080000000000001,0.552,0.745340463819618
0.73,0.552,0.7543014479221627
0.752,0.552,0.7629901351257509
0.774,0.552,0.7714200694409341
0.796,0.552,0.7796038473772359
0.8180000000000001,0.552,0.787553203845094
0.8400000000000001,0.552,0.795279088476079
0.8620000000000001,0.552,0.8027917336294254
0.8840000000000001,0.552,0.8101007151591008
0.906,0.552,0.8172150068553462
0.928,0.552,0.8241430293413755
0.9500000000000001,0.552,0.8308926940946632
0.9720000000000001,0.552,0.837471443168928
0.9940000000000001,0.552,0.8438862851143182
1.016,0.552,0.8501438275268425
1.038,0.552,0.8562503066016703
1.06,0.552,0.8622116140168649
1.082,0.552,0.8680333214330336
1.104,0.552,0.8737207028591422
1.1260000000000001,0.552,0.8792787551044294
1.1480000000000001,0.552,0.8847122165101984
1.1700000000000002,0.552,0.8900255841326294
1.1920000000000002,0.552,0.8952231295281093
1.214,0.552,0.9003089132754857
1.2360000000000002,0.552,0.9052867983547367
1.258,0.552,0.9101604624885183
1.2800000000000002,0.552,0.9149334095416136
1.302,0.552,0.9196089800632715
1.324,0.552,0.9241903610485861
1.346,0.552,0.928680594987261
1.368,0.552,0.9330825882612138
1.3900000000000001,0.552,0.9373991189463613
1.412,0.552,0.9416328440685123
1.4340000000000002,0.552,0.9457863063584634
1.456,0.552,0.9498619405471104
1.4780000000000002,0.552,0.9538620792375466
1.5,0.552,0.9577889583877017
0.4,0.566,0.5835330136571946
0.42200000000000004,0.566,0.5987791897034634
0.444,0.566,0.6133682720352338
0.466,0.566,0.627348215427121
0.48800000000000004,0.566,0.6407619284930036
0.51,0.566,0.6536479729731359
0.532,0.566,0.6660411428223998
0.554,0.566,0.6779729476542723
0.5760000000000001,0.566,0.6894720193195695
0.5980000000000001,0.566,0.7005644561505392
0.6200000000000001,0.566,0.7112741162338952
0.642,0.566,0.7216228686867686
0.664,0.566,0.7316308100862848
0.686,0.566,0.7413164517979921
0.7080000000000001,0.566,0.7506968828546223
0.73,0.566,0.7597879121780016
0.752,0.566,0.7686041932573078
0.774,0.566,0.7771593338548516
0.796,0.566,0.7854659928752038
0.8180000000000001,0.566,0.7935359661814769
0.8400000000000001,0.566,0.8013802628561704
0.8620000000000001,0.566,0.8090091731695973
0.8840000000000001,0.566,0.8164323293260305
0.906,0.566,0.8236587598981497
0.928,0.566,0.830696938727743
0.9500000000000001,0.566,0.837554828959837
0.9720000000000001,0.566,0.8442399227845251
0.9940000000000001,0.566,0.8507592773824778
1.016,0.566,0.857119547503938
1.038,0.566,0.863327015054797
1.06,0.566,0.869387616015481
1.082,0.566,0.8753069649774378
1.104,0.566,0.8810903775469108
1.1260000000000001,0.566,0.8867428908354721
1.1480000000000001,0.566,0.8922692822307245
1.1700000000000002,0.566,0.8976740866180041
1.1920000000000002,0.566,0.9029616122043421
1.214,0.566,0.9081359550788947
1.2360000000000002,0.566,0.9132010126291784
1.258,0.566,0.9181604959194527
1.2800000000000002,0.566,0.9230179411261786
1.302,0.566,0.9277767201154757
1.324,0.566,0.9324400502386729
1.346,0.566,0.9370110034142675
1.368,0.566,0.941492514557719
1.3900000000000001,0.566,0.9458873894144184
1.412,0.566,0.9501983118457427
1.4340000000000002,0.566,0.9544278506133089
1.456,0.566,0.9585784657022395
1.4780000000000002,0.566,0.9626525142204336
1.5,0.566,0.9666522559074081
0.4,0.58,0.5866675470600523
0.42200000000000004,0.58,0.6020801202898756
0.444,0.58,0.6168324799295479
0.466,0.58,0.6309726025185742
0.48800000000000004,0.58,0.644543430120698
0.51,0.58,0.6575835668497766
0.532,0.58,0.6701278557743179
0.554,0.58,0.6822078606283352
0.5760000000000001,0.58,0.6938522710109385
0.5980000000000001,0.58,0.7050872455309983
0.6200000000000001,0.58,0.7159367042029876
0.642,0.58,0.726422579023146
0.664,0.58,0.7365650298414735
0.686,0.58,0.7463826312469746
0.7080000000000001,0.58,0.755892535095554
0.73,0.58,0.7651106124557568
0.752,0.58,0.7740515780714139
0.774,0.58,0.7827290999009926
0.796,0.58,0.7911558958602763
0.8180000000000001,0.58,0.7993438195447198
0.8400000000000001,0.58,0.8073039364228208
0.8620000000000001,0.58,0.8150465917585777
0.8840000000000001,0.58,0.822581471329116
0.906,0.58,0.8299176558447526
0.928,0.58,0.8370636698467233
0.9500000000000001,0.58,0.8440275257475089
0.9720000000000001,0.58,0.850816763586184
0.9940000000000001,0.58,0.857438486993254
1.016,0.58,0.8638993957935296
1.038,0.58,0.8702058156196025
1.06,0.58,0.8763637248607999
1.082,0.58,0.8823787792317083
1.104,0.58,0.8882563342093741
1.1260000000000001,0.58,0.8940014655581842
1.1480000000000001,0.58,0.8996189881354434
1.1700000000000002,0.58,0.9051134731481678
1.1920000000000002,0.58,0.9104892640120962
1.214,0.58,0.9157504909469156
1.2360000000000002,0.58,0.9209010844268806
1.258,0.58,0.9259447875930261
1.2800000000000002,0.58,0.9308851677218075
1.302,0.58,0.9357256268350052
1.324,0.58,0.9404694115269294
1.346,0.58,0.9451196220771978
1.368,0.58,0.9496792209104806
1.3900000000000001,0.58,0.9541510404585336
1.412,0.58,0.9585377904744208
1.4340000000000002,0.58,0.9628420648440381
1.456,0.58,0.9670663479357512
1.4780000000000002,0.58,0.9712130205251539
1.5,0.58,0.975284365328521
0.4,0.594,0.5897005032704989
0.42200000000000004,0.594,0.6052749636858225
0.444,0.594,0.6201862395906046
0.466,0.594,0.6344823236159441
0.48800000000000004,0.594,0.6482061856601734
0.51,0.594,0.6613964667056375
0.532,0.594,0.6740880535753883
0.554,0.594,0.6863125589347999
0.5760000000000001,0.594,0.6980987251270181
0.5980000000000001,0.594,0.7094727662266695
0.6200000000000001,0.594,0.7204586595621819
0.642,0.594,0.7310783955923182
0.664,0.594,0.7413521932182023
0.686,0.594,0.7512986862211862
0.7080000000000001,0.594,0.7609350854344256
0.73,0.594,0.7702773204061458
0.752,0.594,0.7793401636398406
0.774,0.594,0.7881373399600519
0.796,0.594,0.7966816231213332
0.8180000000000001,0.594,0.804984921429412
0.8400000000000001,0.594,0.8130583538599168
0.8620000000000001,0.594,0.8209123179278519
0.8840000000000001,0.594,0.8285565503699073
0.906,0.594,0.8360001815435807
0.928,0.594,0.843251784315635
0.9500000000000001,0.594,0.8503194181025995
0.9720000000000001,0.594,0.8572106686338962
0.9940000000000001,0.594,0.8639326839305411
1.016,0.594,0.8704922069267086
1.038,0.594,0.876895605105688
1.06,0.594,0.883148897474248
1.082,0.594,0.8892577791587883
1.104,0.594,0.8952276438718028
1.1260000000000001,0.594,0.9010636044671669
1.1480000000000001,0.594,0.9067705117768753
1.1700000000000002,0.594,0.9123529718994139
1.1920000000000002,0.594,0.9178153620905065
1.214,0.594,0.9231618453900113
1.2360000000000002,0.594,0.928396384103969
1.258,0.594,0.9335227522478632
1.2800000000000002,0.594,0.9385445470458118
1.302,0.594,0.9434651995704366
1.324,0.594,0.9482879845993812
1.346,0.594,0.9530160297566936
1.368,0.594,0.9576523240004333
1.3900000000000001,0.594,0.962199725511795
1.412,0.594,0.9666609690356347
1.4340000000000002,0.594,0.9710386727174988
1.456,0.594,0.9753353444779695
1.4780000000000002,0.594,0.9795533879613336
1.5,0.594,0.9836951080921558
0.4,0.6079999999999999,0.5926370370984805
0.42200000000000004,0.6079999999999999,0.6083690651636858
0.444,0.6079999999999999,0.6234350777740053
0.466,0.6079999999999999,0.6378830784901193
0.48800000000000004,0.6079999999999999,0.6517560599124386
0.51,0.6079999999999999,0.6650926948411985
0.532,0.6079999999999999,0.6779279089219509
0.554,0.6079999999999999,0.6902933589628886
0.5760000000000001,0.6079999999999999,0.7022178354224285
0.5980000000000001,0.6079999999999999,0.7137276033817977
0.6200000000000001,0.6079999999999999,0.7248466931988907
0.642,0.6079999999999999,0.7355971496867143
0.664,0.6079999999999999,0.7459992468644131
0.686,0.6079999999999999,0.7560716739448617
0.7080000000000001,0.6079999999999999,0.765831697145702
0.73,0.6079999999999999,0.7752953010650029
0.752,0.6079999999999999,0.7844773126932714
0.774,0.6079999999999999,0.7933915105995505
0.796,0.6079999999999999,0.8020507214003597
0.8180000000000001,0.6079999999999999,0.8104669052732886
0.8400000000000001,0.6079999999999999,0.8186512319947366
0.8620000000000001,0.6079999999999999,0.8266141487501671
0.8840000000000001,0.6079999999999999,0.8343654407750125
0.906,0.6079999999999999,0.8419142857269585
0.928,0.6079999999999999,0.8492693025594482
0.9500000000000001,0.6079999999999999,0.8564385955569052
0.9720000000000001,0.6079999999999999,0.8634297941004204
0.9940000000000001,0.6079999999999999,0.8702500886553404
1.016,0.6079999999999999,0.8769062634067846
1.038,0.6079999999999999,0.883404725913581
1.06,0.6079999999999999,0.8897515341037683
1.082,0.6079999999999999,0.8959524208943274
1.104,0.6079999999999999,0.9020128166830705
1.1260000000000001,0.6079999999999999,0.9079378699307112
1.1480000000000001,0.6079999999999999,0.9137324660253245
1.1700000000000002,0.6079999999999999,0.9194012445990589
1.1920000000000002,0.6079999999999999,0.9249486154475479
1.214,0.6079999999999999,0.9303787731855812
1.2360000000000002,0.6079999999999999,0.9356957107578439
1.258,0.6079999999999999,0.9409032319106386
1.2800000000000002,0.6079999999999999,0.9460049627191828
1.302,0.6079999999999999,0.9510043622551363
1.324,0.6079999999999999,0.9559047324702495
1.346,0.6079999999999999,0.9607092273642889
1.368,0.6079999999999999,0.9654208614985581
1.3900000000000001,0.6079999999999999,0.970042517910269
1.412,0.6079999999999999,0.9745769554776282
1.4340000000000002,0.6079999999999999,0.9790268157807253
1.456,0.6079999999999999,0.9833946294990242
1.4780000000000002,0.6079999999999999,0.9876828223824676
1.5,0.6079999999999999,0.9918937208297747
0.4,0.6219999999999999,0.5954819483558331
0.42200000000000004,0.6219999999999999,0.6113674041817074
0.444,0.6219999999999999,0.6265841452726084
0.466,0.6219999999999999,0.641180181419986
0.48800000000000004,0.6219999999999999,0.6551985232322906
0.51,0.6219999999999999,0.6686778706907931
0.532,0.6219999999999999,0.6816531837210129
0.554,0.6219999999999999,0.6941561588515243
0.5760000000000001,0.6219999999999999,0.706215630370961
0.5980000000000001,0.6219999999999999,0.7178579102304357
0.6200000000000001,0.6219999999999999,0.7291070778351728
0.642,0.6219999999999999,0.7399852285275924
0.664,0.6219999999999999,0.7505126877774674
0.686,0.6219999999999999,0.7607081967174801
0.7080000000000001,0.6219999999999999,0.7705890735905877
0.73,0.6219999999999999,0.7801713548339713
0.752,0.6219999999999999,0.7894699188580958
0.774,0.6219999999999999,0.7984985950479292
0.796,0.6219999999999999,0.8072702600864055
0.8180000000000001,0.6219999999999999,0.8157969233548773
0.8400000000000001,0.6219999999999999,0.8240898028842697
0.8620000000000001,0.6219999999999999,0.8321593931005654
0.8840000000000001,0.6219999999999999,0.840015525418863
0.906,0.6219999999999999,0.8476674225835247
0.928,0.6219999999999999,0.8551237475215993
0.9500000000000001,0.6219999999999999,0.8623926473678264
0.9720000000000001,0.6219999999999999,0.8694817932281448
0.9940000000000001,0.6219999999999999,0.8763984161716318
1.016,0.6219999999999999,0.8831493398756474
1.038,0.6219999999999999,0.8897410102936274
1.06,0.6219999999999999,0.8961795226678033
1.082,0.6219999999999999,0.9024706461687941
1.104,0.6219999999999999,0.90861984640939
1.1260000000000001,0.6219999999999999,0.9146323060500572
1.1480000000000001,0.6219999999999999,0.920512943687956
1.1700000000000002,0.6219999999999999,0.9262664311989873
1.1920000000000002,0.6219999999999999,0.931897209683032
1.214,0.6219999999999999,0.9374095041457102
1.2360000000000002,0.6219999999999999,0.9428073370352701
1.258,0.6219999999999999,0.9480945407403679
1.2800000000000002,0.6219999999999999,0.9532747691431995
1.302,0.6219999999999999,0.9583515083125353
1.324,0.6219999999999999,0.963328086412465
1.346,0.6219999999999999,0.9682076828949443
1.368,0.6219999999999999,0.97299333703741
1.3900000000000001,0.6219999999999999,0.9776879558806756
1.412,0.6219999999999999,0.9822943216169522
1.4340000000000002,0.6219999999999999,0.9868150984730487
1.456,0.6219999999999999,0.9912528391295551
1.4780000000000002,0.6219999999999999,0.9956099907129944
1.5,0.6219999999999999,0.9998889003945374
0.4,0.6359999999999999,0.5982397126191202
0.42200000000000004,0.6359999999999999,0.6142746259094747
0.444,0.6359999999999999,0.6296382491456106
0.466,0.6359999999999999,0.6443785940711049
0.48800000000000004,0.6359999999999999,0.6585386850071542
0.51,0.6359999999999999,0.6721572448563138
0.532,0.6359999999999999,0.685269263637275
0.554,0.6359999999999999,0.6979064735115238
0.5760000000000001,0.6359999999999999,0.7100977486278611
0.5980000000000001,0.6359999999999999,0.7218694439665435
0.6200000000000001,0.6359999999999999,0.7332456842759182
0.642,0.6359999999999999,0.7442486118638885
0.664,0.6359999999999999,0.7548986002283514
0.686,0.6359999999999999,0.7652144391399414
0.7080000000000001,0.6359999999999999,0.7752134957235419
0.73,0.6359999999999999,0.7849118552473364
0.752,0.6359999999999999,0.7943244446650088
0.774,0.6359999999999999,0.8034651414277048
0.796,0.6359999999999999,0.8123468696573283
0.8180000000000001,0.6359999999999999,0.8209816854289947
0.8400000000000001,0.6359999999999999,0.8293808526306683
0.8620000000000001,0.6359999999999999,0.8375549106389557
0.8840000000000001,0.6359999999999999,0.8455137348614559
0.906,0.6359999999999999,0.8532665910400103
0.928,0.6359999999999999,0.8608221840794216
0.9500000000000001,0.6359999999999999,0.868188702057762
0.9720000000000001,0.6359999999999999,0.8753738559833988
0.9940000000000001,0.6359999999999999,0.8823849157871516
1.016,0.6359999999999999,0.8892287429731099
1.038,0.6359999999999999,0.8959118202965085
1.06,0.6359999999999999,0.9024402787900699
1.082,0.6359999999999999,0.9088199224200324
1.104,0.6359999999999999,0.9150562506185789
1.1260000000000001,0.6359999999999999,0.9211544789096876
1.1480000000000001,0.6359999999999999,0.9271195578197797
1.1700000000000002,0.6359999999999999,0.9329561902423227
1.1920000000000002,0.6359999999999999,0.9386688474062698
1.214,0.6359999999999999,0.944261783581411
1.2360000000000002,0.6359999999999999,0.9497390496390548
1.258,0.6359999999999999,0.955104505573629
1.2800000000000002,0.6359999999999999,0.9603618320795323
1.302,0.6359999999999999,0.9655145412676731
1.324,0.6359999999999999,0.9705659865974154
1.346,0.6359999999999999,0.9755193720919525
1.368,0.6359999999999999,0.980377760898313
1.3900000000000001,0.6359999999999999,0.9851440832471766
1.412,0.6359999999999999,0.9898211438622996
1.4340000000000002,0.6359999999999999,0.9944116288645892
1.456,0.6359999999999999,0.9989181122116035
1.4780000000000002,0.6359999999999999,1.003343061709462
1.5,0.6359999999999999,1.0076888446307417
0.4,0.6499999999999999,0.6009145087913402
0.42200000000000004,0.6499999999999999,0.6170950694888963
0.444,0.6499999999999999,0.632601881625782
0.466,0.6499999999999999,0.6474829550006526
0.48800000000000004,0.6499999999999999,0.6617813237152195
0.51,0.6499999999999999,0.6755357296776996
0.532,0.6499999999999999,0.6887811891384429
0.554,0.6499999999999999,0.7015494661112273
0.5760000000000001,0.6499999999999999,0.713869470924017
0.5980000000000001,0.6499999999999999,0.7257675980174649
0.6200000000000001,0.6499999999999999,0.7372680140346125
0.642,0.6499999999999999,0.7483929049253447
0.664,0.6499999999999999,0.7591626890191266
0.686,0.6499999999999999,0.7695962016550214
0.7080000000000001,0.6499999999999999,0.7797108558960048
0.73,0.6499999999999999,0.7895227830207241
0.752,0.6499999999999999,0.7990469558257088
0.774,0.6499999999999999,0.8082972972444107
0.796,0.6499999999999999,0.8172867763663317
0.8180000000000001,0.6499999999999999,0.8260274935972595
0.8400000000000001,0.6499999999999999,0.83453075642306
0.8620000000000001,0.6499999999999999,0.8428071470114181
0.8840000000000001,0.6499999999999999,0.8508665826981403
0.906,0.6499999999999999,0.8587183702492384
0.928,0.6499999999999999,0.866371254660769
0.9500000000000001,0.6499999999999999,0.8738334631504016
0.9720000000000001,0.6499999999999999,0.8811127449040428
0.9940000000000001,0.6499999999999999,0.888216407064449
1.016,0.6499999999999999,0.8951513473841026
1.038,0.6499999999999999,0.9019240839097119
1.06,0.6499999999999999,0.9085407820188751
1.082,0.6499999999999999,0.9150072790893957
1.104,0.6499999999999999,0.9213291070473597
1.1260000000000001,0.6499999999999999,0.9275115130104832
1.1480000000000001,0.6499999999999999,0.9335594782176794
1.1700000000000002,0.6499999999999999,0.939477735413652
1.1920000000000002,0.6499999999999999,0.9452707848380907
1.214,0.6499999999999999,0.9509429089523045
1.2360000000000002,0.6499999999999999,0.9564981860215
1.258,0.6499999999999999,0.9619405026581269
1.2800000000000002,0.6499999999999999,0.967273565420476
1.302,0.6499999999999999,0.9725009115508576
1.324,0.6499999999999999,0.9776259189289784
1.346,0.6499999999999999,0.9826518153084631
1.368,0.6499999999999999,0.9875816868976676
1.3900000000000001,0.6499999999999999,0.9924184863399049
1.412,0.6499999999999999,0.9971650401428505
1.4340000000000002,0.6499999999999999,1.0018240556021367
1.456,0.6499999999999999,1.0063981272598879
1.4780000000000002,0.6499999999999999,1.0108897429351706
1.5,0.6499999999999999,1.0153012893599211
0.4,0.6639999999999999,0.6035102438499763
0.42200000000000004,0.6639999999999999,0.619832793424107
0.444,0.6639999999999999,0.635479246103561
0.466,0.6639999999999999,0.6504976061919824
0.48800000000000004,0.6639999999999999,0.6649309139703236
0.51,0.6639999999999999,0.678817926751244
0.532,0.6639999999999999,0.6921936834530235
0.554,0.6639999999999999,0.7050899764425335
0.5760000000000001,0.6639999999999999,0.7175357488114247
0.5980000000000001,0.6639999999999999,0.7295574311422476
0.6200000000000001,0.6639999999999999,0.7411792287599664
0.642,0.6639999999999999,0.7524233681547522
0.664,0.6639999999999999,0.7633103094997887
0.686,0.6639999999999999,0.7738589308293995
0.7080000000000001,0.6639999999999999,0.7840866883855543
0.73,0.6639999999999999,0.7940097568106593
0.752,0.6639999999999999,0.8036431522073155
0.774,0.6639999999999999,0.8130008405614269
0.796,0.6639999999999999,0.8220958336037669
0.8180000000000001,0.6639999999999999,0.8309402738443523
0.8400000000000001,0.6639999999999999,0.8395455102366054
0.8620000000000001,0.6639999999999999,0.847922165701184
0.8840000000000001,0.6639999999999999,0.8560801975523732
0.906,0.6639999999999999,0.8640289517151748
0.928,0.6639999999999999,0.8717772114925102
0.9500000000000001,0.6639999999999999,0.8793332415343792
0.9720000000000001,0.6639999999999999,0.886704827570532
0.9940000000000001,0.6639999999999999,0.8938993123921032
1.016,0.6639999999999999,0.9009236285032445
1.038,0.6639999999999999,0.9077843278090816
1.06,0.6639999999999999,0.9144876086596669
1.082,0.6639999999999999,0.9210393405296855
1.104,0.6639999999999999,0.9274450865794172
1.1260000000000001,0.6639999999999999,0.9337101243129484
1.1480000000000001,0.6639999999999999,0.9398394645241567
1.1700000000000002,0.6639999999999999,0.9458378686989076
1.1920000000000002,0.6639999999999999,0.9517098650227492
1.214,0.6639999999999999,0.9574597631266745
1.2360000000000002,0.6639999999999999,0.963091667688959
1.258,0.6639999999999999,0.9686094909983138
1.2800000000000002,0.6639999999999999,0.9740169645723963
1.302,0.6639999999999999,0.9793176499158834
1.324,0.6639999999999999,0.9845149484936286
1.346,0.6639999999999999,0.9896121109867673
1.368,0.6639999999999999,0.9946122458928465
1.3900000000000001,0.6639999999999999,0.9995183275250544
1.412,0.6639999999999999,1.0043332034602688
1.4340000000000002,0.6639999999999999,1.0090596014809006
1.456,0.6639999999999999,1.0137001360512639
1.4780000000000002,0.6639999999999999,1.0182573143654212
1.5,0.6639999999999999,1.0227335420000592
0.4,0.6779999999999999,0.6060305751155493
0.42200000000000004,0.6779999999999999,0.622491598439815
0.444,0.6779999999999999,0.6382742805322656
0.466,0.6779999999999999,0.6534266169672609
0.48800000000000004,0.6779999999999999,0.6679916509057466
0.51,0.6779999999999999,0.6820081517511791
0.532,0.6779999999999999,0.6955111777989569
0.554,0.6779999999999999,0.7085325465282326
0.5760000000000001,0.6779999999999999,0.7211012306230669
0.5980000000000001,0.6779999999999999,0.7332436937198994
0.6200000000000001,0.6779999999999999,0.7449841768302053
0.642,0.6779999999999999,0.7563449440875927
0.664,0.6779999999999999,0.767346494714097
0.686,0.6779999999999999,0.7780077467479044
0.7080000000000001,0.6779999999999999,0.7883461970220831
0.73,0.6779999999999999,0.7983780610573473
0.752,0.6779999999999999,0.8081183958775114
0.774,0.6779999999999999,0.8175812082342265
0.796,0.6779999999999999,0.8267795503081385
0.8180000000000001,0.6779999999999999,0.835725604614275
0.8400000000000001,0.6779999999999999,0.8444307595632754
0.8620000000000001,0.6779999999999999,0.8529056769039114
0.8840000000000001,0.6779999999999999,0.8611603520861322
0.906,0.6779999999999999,0.8692041684297321
0.928,0.6779999999999999,0.877045945855532
0.9500000000000001,0.6779999999999999,0.8846939848288145
0.9720000000000001,0.6779999999999999,0.8921561060748158
0.9940000000000001,0.6779999999999999,0.8994396865502517
1.016,0.6779999999999999,0.9065516920906905
1.038,0.6779999999999999,0.9134987070990628
1.06,0.6779999999999999,0.9202869615941157
1.082,0.6779999999999999,0.9269223558978456
1.104,0.6779999999999999,0.9334104832067933
1.1260000000000001,0.6779999999999999,0.9397566502626924
1.1480000000000001,0.6779999999999999,0.9459658963125473
1.1700000000000002,0.6779999999999999,0.9520430105262342
1.1920000000000002,0.6779999999999999,0.9579925480205863
1.214,0.6779999999999999,0.9638188446222945
1.2360000000000002,0.6779999999999999,0.9695260304874045
1.258,0.6779999999999999,0.9751180426824739
1.2800000000000002,0.6779999999999999,0.9805986368212843
1.302,0.6779999999999999,0.9859713978411837
1.324,0.6779999999999999,0.9912397499944804
1.346,0.6779999999999999,0.9964069661226639
1.368,0.6779999999999999,1.0014761762744666
1.3900000000000001,0.6779999999999999,1.0064503757227703
1.412,0.6779999999999999,1.0113324324300483
1.4340000000000002,0.6779999999999999,1.0161250940072668
1.456,0.6779999999999999,1.0208309942069602
1.4780000000000002,0.6779999999999999,1.0254526589873978
1.5,0.6779999999999999,1.0299925121813902
0.4,0.692,0.6084789303297112
0.42200000000000004,0.692,0.6250750481019356
0.444,0.692,0.6409906785525393
0.466,0.692,0.6562738055800935
0.48800000000000004,0.692,0.670967472202213
0.51,0.692,0.6851104568628181
0.532,0.692,0.6987378341940143
0.554,0.692,0.7118814437839214
0.5760000000000001,0.692,0.7245702849625543
0.5980000000000001,0.692,0.7368308515447575
0.6200000000000001,0.692,0.7486874174337955
0.642,0.692,0.7601622816992475
0.664,0.692,0.7712759799957631
0.686,0.692,0.7820474678424337
0.7080000000000001,0.692,0.7924942802343434
0.73,0.692,0.8026326712348066
0.752,0.692,0.812477736545192
0.774,0.692,0.8220435215293674
0.796,0.692,0.8313431167520872
0.8180000000000001,0.692,0.840388742752733
0.8400000000000001,0.692,0.8491918255007458
0.8620000000000001,0.692,0.857763063753852
0.8840000000000001,0.692,0.8661124893547136
0.906,0.692,0.8742495213481098
0.928,0.692,0.8821830146730532
0.9500000000000001,0.692,0.8899213040775052
0.9720000000000001,0.692,0.8974722438137561
0.9940000000000001,0.692,0.9048432435969949
1.016,0.692,0.9120413012456623
1.038,0.692,0.9190730323678531
1.06,0.692,0.9259446974117137
1.082,0.692,0.9326622263581437
1.104,0.692,0.9392312413000768
1.1260000000000001,0.692,0.9456570771233124
1.1480000000000001,0.692,0.9519448004785465
1.1700000000000002,0.692,0.9580992272123251
1.1920000000000002,0.692,0.9641249384055748
1.214,0.692,0.9700262951517822
1.2360000000000002,0.692,0.9758074521923842
1.258,0.692,0.9814723705142503
1.2800000000000002,0.692,0.9870248290029967
1.302,0.692,0.9924684352360807
1.324,0.692,0.9978066354909894
1.346,0.692,1.0030427240362048
1.368,0.692,1.008179851765891
1.3900000000000001,0.692,1.0132210342332493
1.412,0.692,1.0181691591321675
1.4340000000000002,0.692,1.0230269932720715
1.456,0.692,1.027797189086638
1.4780000000000002,0.692,1.0324822907132791
1.5,0.692,1.0370847396769167
0.4,0.706,0.6108585257936107
0.42200000000000004,0.706,0.6275864874555576
0.444,0.706,0.6436319085949278
0.466,0.706,0.659042758750473
0.48800000000000004,0.706,0.6738620780254855
0.51,0.706,0.6881286510953706
0.532,0.706,0.7018775661185082
0.554,0.706,0.7151406820071929
0.5760000000000001,0.706,0.7279470219981391
0.5980000000000001,0.706,0.7403231074052687
0.6200000000000001,0.706,0.7522932424144047
0.642,0.706,0.7638797584988943
0.664,0.706,0.7751032252952721
0.686,0.706,0.7859826334368188
0.7080000000000001,0.706,0.7965355537990205
0.73,0.706,0.8067782767912635
0.752,0.706,0.8167259346801804
0.774,0.706,0.8263926094123334
0.796,0.706,0.8357914279879138
0.8180000000000001,0.706,0.8449346471005864
0.8400000000000001,0.706,0.8538337284846578
0.8620000000000001,0.706,0.8624994061863933
0.8840000000000001,0.706,0.8709417467915745
0.906,0.706,0.8791702034884612
0.928,0.706,0.887193664718108
0.9500000000000001,0.706,0.8950204980576538
0.9720000000000001,0.706,0.9026585898929299
0.9940000000000001,0.706,0.9101153813614796
1.016,0.706,0.9173979009833697
1.038,0.706,0.9245127943430468
1.06,0.706,0.9314663511393263
1.082,0.706,0.9382645298811016
1.104,0.706,0.9449129804724401
1.1260000000000001,0.706,0.9514170649015207
1.1480000000000001,0.706,0.9577818762226293
1.1700000000000002,0.706,0.9640122559985664
1.1920000000000002,0.706,0.970112810351811
1.214,0.706,0.9760879247562524
1.2360000000000002,0.706,0.9819417776868274
1.258,0.706,0.9876783532317621
1.2800000000000002,0.706,0.9933014527609964
1.302,0.706,0.9988147057346115
1.324,0.706,1.0042215797264626
1.346,0.706,1.0095253897306076
1.368,0.706,1.0147293068113987
1.3900000000000001,0.706,1.0198363661521208
1.412,0.706,1.0248494745517538
1.4340000000000002,0.706,1.0297714174147166
1.456,0.706,1.034604865274225
1.4780000000000002,0.706,1.0393523798861433
1.5,0.706,1.0440164199268251
0.4,0.72,0.6131723827846179
0.42200000000000004,0.72,0.6300290599022139
0.444,0.72,0.6462012311860296
0.466,0.72,0.6617368493705983
0.48800000000000004,0.72,0.6766789491048859
0.51,0.72,0.6910663187082481
0.532,0.72,0.7049340572663428
0.554,0.72,0.7183140404321156
0.5760000000000001,0.72,0.7312353128008753
0.5980000000000001,0.72,0.7437244206875252
0.6200000000000001,0.72,0.755805696122829
0.642,0.72,0.7675015006140548
0.664,0.72,0.7788324354823901
0.686,0.72,0.7898175242536557
0.7080000000000001,0.72,0.8004743715391874
0.73,0.72,0.8108193020274014
0.752,0.72,0.820867482560233
0.774,0.72,0.8306330297530001
0.796,0.72,0.8401291052018816
0.8180000000000001,0.72,0.8493679999879971
0.8400000000000001,0.72,0.8583612099141966
0.8620000000000001,0.72,0.8671195026871924
0.8840000000000001,0.72,0.8756529780736426
0.906,0.72,0.8839711219064609
0.928,0.72,0.8920828546908821
0.9500000000000001,0.72,0.8999965754538798
0.9720000000000001,0.72,0.907720201391595
0.9940000000000001,0.72,0.915261203794441
1.016,0.72,0.9226266406660704
1.038,0.72,0.9298231863984501
1.06,0.72,0.9368571588192813
1.082,0.72,0.9437345438886331
1.104,0.72,0.9504610182878489
1.1260000000000001,0.72,0.9570419701146702
1.1480000000000001,0.72,0.9634825178733541
1.1700000000000002,0.72,0.9697875279267715
1.1920000000000002,0.72,0.9759616305585241
1.214,0.72,0.9820092347766178
1.2360000000000002,0.72,0.9879345419758176
1.258,0.72,0.9937415585631822
1.2800000000000002,0.72,0.9994341076402112
1.302,0.72,1.0050158398252766
1.324,0.72,1.0104902432914364
1.346,0.72,1.0158606530871255
1.368,0.72,1.021130259800508
1.3900000000000001,0.72,1.02630211762231
1.412,0.72,1.031379151856656
1.4340000000000002,0.72,1.0363641659247238
1.456,0.72,1.0412598479018071
1.4780000000000002,0.72,1.046068776624641
1.5,0.72,1.0507934274024608
0.4,0.734,0.6154233424416111
0.42200000000000004,0.734,0.6324057225101475
0.444,0.734,0.6487017146550478
0.466,0.734,0.6643592525812049
0.48800000000000004,0.734,0.6794213631548998
0.51,0.734,0.6939268359552776
0.532,0.734,0.7079107785908568
0.554,0.734,0.721405081057264
0.5760000000000001,0.734,0.7344388069368122
0.5980000000000001,0.734,0.747038525214896
0.6200000000000001,0.734,0.7592285934885249
0.642,0.734,0.7710314010795805
0.664,0.734,0.7824675788391688
0.686,0.734,0.7935561810988141
0.7080000000000001,0.734,0.8043148441886571
0.73,0.734,0.8147599251296765
0.752,0.734,0.824906623463168
0.774,0.734,0.8347690886670862
0.796,0.734,0.8443605151961244
0.8180000000000001,0.734,0.853693226848495
0.8400000000000001,0.734,0.8627787518905466
0.8620000000000001,0.734,0.8716278901477378
0.8840000000000001,0.734,0.8802507730871589
0.906,0.734,0.8886569177650248
0.928,0.734,0.8968552753862931
0.9500000000000001,0.734,0.9048542751180112
0.9720000000000001,0.734,0.9126618637093799
0.9940000000000001,0.734,0.9202855413967926
1.016,0.734,0.9277323945088563
1.038,0.734,0.9350091251326347
1.06,0.734,0.9421220781565149
1.082,0.734,0.9490772659658456
1.104,0.734,0.9558803910338065
1.1260000000000001,0.734,0.9625368666209373
1.1480000000000001,0.734,0.9690518357716719
1.1700000000000002,0.734,0.9754301887744922
1.1920000000000002,0.734,0.9816765792334319
1.214,0.734,0.9877954388821963
1.2360000000000002,0.734,0.9937909912578033
1.258,0.734,0.9996672643380508
1.2800000000000002,0.734,1.00542810223608
1.302,0.734,1.0110771760355748
1.324,0.734,1.0166179938415711
1.346,0.734,1.0220539101142843
1.368,0.734,1.0273881343466482
1.3900000000000001,0.734,1.0326237391403204
1.412,0.734,1.0377636677296216
1.4340000000000002,0.734,1.0428107409981702
1.456,0.734,1.0477676640287696
1.4780000000000002,0.734,1.0526370322233676
1.5,0.734,1.0574213370265308
0.4,0.748,0.6176140792851228
0.42200000000000004,0.748,0.6347192599270182
0.444,0.748,0.6511362494130178
0.466,0.748,0.6669129603932255
0.48800000000000004,0.748,0.6820924098169777
0.51,0.748,0.6967133863259987
0.532,0.748,0.7108110038264797
0.554,0.748,0.7244171644299883
0.5760000000000001,0.748,0.7375609484974055
0.5980000000000001,0.748,0.750268945509272
0.6200000000000001,0.748,0.7625655364974606
0.642,0.748,0.7744731365188726
0.664,0.748,0.7860124039321993
0.686,0.748,0.7972024219132317
0.7080000000000001,0.748,0.808060856612594
0.73,0.748,0.8186040955497399
0.752,0.748,0.8288473691957426
0.774,0.748,0.8388048581857431
0.796,0.748,0.848489788190765
0.8180000000000001,0.748,0.857914514145961
0.8400000000000001,0.748,0.8670905952615554
0.8620000000000001,0.748,0.8760288620209632
0.8840000000000001,0.748,0.8847394761879195
0.906,0.748,0.8932319846932417
0.928,0.748,0.9015153681460379
0.9500000000000001,0.748,0.9095980846090023
0.9720000000000001,0.748,0.9174881091891368
0.9940000000000001,0.748,0.9251929699207706
1.016,0.748,0.9327197803547113
1.038,0.748,0.9400752692137835
1.06,0.748,0.947265807429315
1.082,0.748,0.9542974328340129
1.104,0.748,0.9611758727530878
1.1260000000000001,0.748,0.9679065647065429
1.1480000000000001,0.748,0.9744946754105421
1.1700000000000002,0.748,0.9809451182441026
1.1920000000000002,0.748,0.9872625693285269
1.214,0.748,0.993451482350577
1.2360000000000002,0.748,0.9995161022460693
1.258,0.748,1.0054604778479985
1.2800000000000002,0.748,1.011288473592304
1.302,0.748,1.0170037803646712
1.324,0.748,1.022609925563235
1.346,0.748,1.0281102824444819
1.368,0.748,1.033508078812971
1.3900000000000001,0.748,1.0388064051095522
1.412,0.748,1.044008221947492
1.4340000000000002,0.748,1.0491163671412163
1.456,0.748,1.0541335622681924
1.4780000000000002,0.748,1.0590624188007278
1.5,0.748,1.0639054438411097
0.4,0.762,0.6197471135180973
0.42200000000000004,0.762,0.6369722970436396
0.444,0.762,0.653507560955857
0.466,0.762,0.6694007950082355
0.48800000000000004,0.762,0.684695004277068
0.51,0.762,0.6994289744414521
0.532,0.762,0.7136378236453068
0.554,0.762,0.7273534640475537
0.5760000000000001,0.762,0.7406049907301451
0.5980000000000001,0.762,0.7534190116371678
0.6200000000000001,0.762,0.7658199292406431
0.642,0.762,0.777830182382682
0.664,0.762,0.7894704550303581
0.686,0.762,0.8007598573590385
0.7080000000000001,0.762,0.8117160835521509
0.73,0.762,0.8223555498983622
0.752,0.762,0.8326935161282455
0.774,0.762,0.8427441924227456
0.796,0.762,0.8525208341161448
0.8180000000000001,0.762,0.8620358257848136
0.8400000000000001,0.762,0.8713007561432364
0.8620000000000001,0.762,0.8803264849478281
0.8840000000000001,0.762,0.889123202927079
0.906,0.762,0.8977004856058979
0.928,0.762,0.9060673417666599
0.9500000000000001,0.762,0.9142322571846728
0.9720000000000001,0.762,0.9222032341877675
0.9940000000000001,0.762,0.9299878275155221
1.016,0.762,0.9375931768907906
1.038,0.762,0.9450260366628183
1.06,0.762,0.9522928028356702
1.082,0.762,0.9593995377567184
1.104,0.762,0.9663519927064422
1.1260000000000001,0.762,0.9731556286019565
1.1480000000000001,0.762,0.9798156350017446
1.1700000000000002,0.762,0.9863369475774809
1.1920000000000002,0.762,0.992724264200035
1.214,0.762,0.9989820597704048
1.2360000000000002,0.762,1.0051145999120163
1.258,0.762,1.0111259536283208
1.2800000000000002,0.762,1.0170200050186207
1.302,0.762,1.0228004641353905
1.324,0.762,1.0284708770578321
1.346,0.762,1.0340346352488636
1.368,0.762,1.0394949842560761
1.3900000000000001,0.762,1.044855031811261
1.412,0.762,1.0501177553778631
1.4340000000000002,0.762,1.0552860091910101
1.456,0.762,1.0603625308306077
1.4780000000000002,0.762,1.065349947364231
1.5,0.762,1.070250781093215
0.4,0.776,0.6218248222353088
0.42200000000000004,0.776,0.6391673105393502
0.444,0.776,0.6558182217241563
0.466,0.776,0.6718254209726957
0.48800000000000004,0.776,0.6872318996957849
0.51,0.776,0.7020764387430779
0.532,0.776,0.7163941585887543
0.554,0.776,0.7302169795167073
0.5760000000000001,0.776,0.7435740094122253
0.5980000000000001,0.776,0.7564918727846393
0.6200000000000001,0.776,0.7689949916783108
0.642,0.776,0.7811058268914102
0.664,0.776,0.7928450862148005
0.686,0.776,0.8042319050875152
0.7080000000000001,0.776,0.8152840040412997
0.73,0.776,0.8260178265026393
0.752,0.776,0.8364486598841189
0.774,0.776,0.8465907423890772
0.796,0.776,0.8564573575453885
0.8180000000000001,0.776,0.8660609181540008
0.8400000000000001,0.776,0.8754130410690358
0.8620000000000001,0.776,0.8845246140060836
0.8840000000000001,0.776,0.8934058553939853
0.906,0.776,0.9020663681352719
0.928,0.776,0.9105151880154992
0.9500000000000001,0.776,0.9187608273972863
0.9720000000000001,0.776,0.9268113147471637
0.9940000000000001,0.776,0.9346742304693879
1.016,0.776,0.9423567394582495
1.038,0.776,0.9498656207271914
1.06,0.776,0.9572072944276421
1.082,0.776,0.9643878465316107
1.104,0.776,0.9714130514187104
1.1260000000000001,0.776,0.978288392579513
1.1480000000000001,0.776,0.9850190816222902
1.1700000000000002,0.776,0.9916100757486515
1.1920000000000002,0.776,0.998066093844863
1.214,0.776,1.0043916313193275
1.2360000000000002,0.776,1.0105909738024308
1.258,0.776,1.0166682098124968
1.2800000000000002,0.776,1.022627242480611
1.302,0.776,1.0284718004174425
1.324,0.776,1.0342054477966773
1.346,0.776,1.0398315937221645
1.368,0.776,1.0453535009392183
1.3900000000000001,0.776,1.05077429394461
1.412,0.776,1.0560969665445339
1.4340000000000002,0.776,1.0613243889051567
1.456,0.776,1.066459314136181
1.4780000000000002,0.776,1.0715043844441303
1.5,0.776,1.0764621368887195
0.4,0.7899999999999999,0.6238494496541823
0.42200000000000004,0.7899999999999999,0.6413066394240798
0.444,0.7899999999999999,0.6580706619368668
0.466,0.7899999999999999,0.6741893562850433
0.48800000000000004,0.7899999999999999,0.6897056985719834
0.51,0.7899999999999999,0.7046584630970523
0.532,0.7899999999999999,0.7190827708980392
0.554,0.7899999999999999,0.7330105485966972
0.5760000000000001,0.7899999999999999,0.7464709150934408
0.5980000000000001,0.7899999999999999,0.7594905096882553
0.6200000000000001,0.7899999999999999,0.772093772247976
0.642,0.7899999999999999,0.7843031838099579
0.664,0.7899999999999999,0.7961394743110246
0.686,0.7899999999999999,0.8076218028194083
0.7080000000000001,0.7899999999999999,0.8187679146270196
0.73,0.7899999999999999,0.8295942787582045
0.752,0.7899999999999999,0.8401162088168463
0.774,0.7899999999999999,0.8503479695876052
0.796,0.7899999999999999,0.8603028714004041
0.8180000000000001,0.7899999999999999,0.869993353938257
0.8400000000000001,0.7899999999999999,0.8794310609006497
0.8620000000000001,0.7899999999999999,0.8886269067152928
0.8840000000000001,0.7899999999999999,0.8975911363103634
0.906,0.7899999999999999,0.9063333788097411
0.928,0.7899999999999999,0.914862695889253
0.9500000000000001,0.7899999999999999,0.923187625427855
0.9720000000000001,0.7899999999999999,0.9313162210002867
0.9940000000000001,0.7899999999999999,0.9392560876840095
1.016,0.7899999999999999,0.9470144145908415
1.038,0.7899999999999999,0.9545980044806367
1.06,0.7899999999999999,0.9620133007691095
1.082,0.7899999999999999,0.9692664122031576
1.104,0.7899999999999999,0.9763631354437605
1.1260000000000001,0.7899999999999999,0.9833089757678596
1.1480000000000001,0.7899999999999999,0.9901091660758435
1.1700000000000002,0.7899999999999999,0.9967686843697835
1.1920000000000002,0.7899999999999999,1.0032922698488962
1.214,0.7899999999999999,1.0096844377524383
1.2360000000000002,0.7899999999999999,1.01594949306602
1.258,0.7899999999999999,1.0220915431948752
1.2800000000000002,0.7899999999999999,1.0281145096966893
1.302,0.7899999999999999,1.034022139156965
1.324,0.7899999999999999,1.0398180132814236
1.346,0.7899999999999999,1.045505558272434
1.368,0.7899999999999999,1.0510880535498248
1.3900000000000001,0.7899999999999999,1.0565686398705438
1.412,0.7899999999999999,1.0619503268963744
1.4340000000000002,0.7899999999999999,1.0672360002542751
1.456,0.7899999999999999,1.072428428129719
1.4780000000000002,0.7899999999999999,1.0775302674297065
1.5,0.7899999999999999,1.0825440695487796
0.4,0.804,0.6258231164665091
0.42200000000000004,0.804,0.6433924946786885
0.444,0.804,0.66026717950236
0.466,0.804,0.676494982560832
0.48800000000000004,0.804,0.6921188631465091
0.51,0.804,0.707177587422253
0.532,0.804,0.7217062753529656
0.554,0.804,0.7357368582364043
0.5760000000000001,0.804,0.7492984643200327
0.5980000000000001,0.804,0.7624177460348155
0.6200000000000001,0.804,0.7751191594298932
0.642,0.804,0.7874252041694878
0.664,0.804,0.799356630758093
0.686,0.804,0.8109326203533496
0.7080000000000001,0.804,0.8221709415091729
0.73,0.804,0.8330880873933153
0.752,0.804,0.8436993963914576
0.774,0.804,0.8540191585056286
0.796,0.804,0.8640607095494898
0.8180000000000001,0.804,0.87383651481515
0.8400000000000001,0.804,0.8833582436192243
0.8620000000000001,0.804,0.8926368359172143
0.8840000000000001,0.804,0.9016825619952041
0.906,0.804,0.9105050760987671
0.928,0.804,0.9191134647349033
0.9500000000000001,0.804,0.9275162902790938
0.9720000000000001,0.804,0.9357216304324483
0.9940000000000001,0.804,0.9437371140004486
1.016,0.804,0.9515699534025785
1.038,0.804,0.9592269742692511
1.06,0.804,0.9667146424373253
1.082,0.804,0.9740390886168844
1.104,0.804,0.9812061309687691
1.1260000000000001,0.804,0.9882212958037749
1.1480000000000001,0.804,0.9950898365897103
1.1700000000000002,0.804,1.0018167514310992
1.1920000000000002,0.804,1.008406799167694
1.214,0.804,1.0148645142217332
1.2360000000000002,0.804,1.021194220309711
1.258,0.804,1.0274000431219887
1.2800000000000002,0.804,1.0334859220626962
1.302,0.804,1.039455621132746
1.324,0.804,1.0453127390303454
1.346,0.804,1.051060718535888
1.368,0.804,1.0567028552414948
1.3900000000000001,0.804,1.0622423056795833
1.412,0.804,1.0676820948996235
1.4340000000000002,0.804,1.073025123537577
1.456,0.804,1.0782741744183575
1.4780000000000002,0.804,1.0834319187279444
1.5,0.804,1.0885009217884443
0.4,0.8179999999999998,0.6277478283990321
0.42200000000000004,0.8179999999999998,0.6454269680834473
0.444,0.8179999999999998,0.662409949098452
0.466,0.8179999999999998,0.6787445543490812
0.48800000000000004,0.8179999999999998,0.6944737249407075
0.51,0.8179999999999998,0.7096362174377397
0.532,0.8179999999999998,0.7242671492160834
0.554,0.8179999999999998,0.7383984547037235
0.5760000000000001,0.8179999999999998,0.7520592699386058
0.5980000000000001,0.8179999999999998,0.7652762589298254
0.6200000000000001,0.8179999999999998,0.7780738923707725
0.642,0.8179999999999998,0.7904746870376651
0.664,0.8179999999999998,0.8024994125172513
0.686,0.8179999999999998,0.8141672706052202
0.7080000000000001,0.8179999999999998,0.8254960517034701
0.73,0.8179999999999998,0.8365022717487184
0.752,0.8179999999999998,0.847201292575004
0.774,0.8179999999999998,0.8576074281100637
0.796,0.8179999999999998,0.8677340384016852
0.8180000000000001,0.8179999999999998,0.8775936131433836
0.8400000000000001,0.8179999999999998,0.8871978461027087
0.8620000000000001,0.8179999999999998,0.8965577016375871
0.8840000000000001,0.8179999999999998,0.9056834743066322
0.906,0.8179999999999998,0.9145848424307472
0.928,0.8179999999999998,0.9232709163396888
0.9500000000000001,0.8179999999999998,0.9317502819338602
0.9720000000000001,0.8179999999999998,0.9400310401047787
0.9940000000000001,0.8179999999999998,0.9481208424844243
1.016,0.8179999999999998,0.9560269239316611
1.038,0.8179999999999998,0.9637561321112075
1.06,0.8179999999999998,0.9713149544756559
1.082,0.8179999999999998,0.9787095429225348
1.104,0.8179999999999998,0.9859457363653312
1.1260000000000001,0.8179999999999998,0.9930290814288857
1.1480000000000001,0.8179999999999998,0.9999648514549396
1.1700000000000002,0.8179999999999998,1.006758063982252
1.1920000000000002,0.8179999999999998,1.013413496847144
1.214,0.8179999999999998,1.0199357030341423
1.2360000000000002,0.8179999999999998,1.026329024392253
1.258,0.8179999999999998,1.0325976043200134
1.2800000000000002,0.8179999999999998,1.0387453995115843
1.302,0.8179999999999998,1.0447761908465822
1.324,0.8179999999999998,1.050693593497892
1.346,0.8179999999999998,1.0565010663242556
1.368,0.8179999999999998,1.062201920607796
1.3900000000000001,0.8179999999999998,1.067799328190799
1.412,0.8179999999999998,1.0732963290608242
1.4340000000000002,0.8179999999999998,1.078695838428601
1.456,0.8179999999999998,1.0840006533389894
1.4780000000000002,0.8179999999999998,1.089213458851605
1.5,0.8179999999999998,1.094336833824356
0.4,0.8319999999999999,0.6296254840608544
0.42200000000000004,0.8319999999999999,0.6474120403143335
0.444,0.8319999999999999,0.664501030502624
0.466,0.8319999999999999,0.6809402076824916
0.48800000000000004,0.8319999999999999,0.6967724935136494
0.51,0.8319999999999999,0.712036633614887
0.532,0.8319999999999999,0.7267677413684449
0.554,0.8319999999999999,0.740997752894409
0.5760000000000001,0.8319999999999999,0.7547558105682303
0.5980000000000001,0.8319999999999999,0.7680685885236656
0.6200000000000001,0.8319999999999999,0.7809605706554263
0.642,0.8319999999999999,0.7934542894277451
0.664,0.8319999999999999,0.805570532110931
0.686,0.8319999999999999,0.8173285197700199
0.7080000000000001,0.8319999999999999,0.8287460633195951
0.73,0.8319999999999999,0.8398397001658293
0.752,0.8319999999999999,0.8506248143289733
0.774,0.8319999999999999,0.8611157424386233
0.796,0.8319999999999999,0.8713258675915723
0.8180000000000001,0.8319999999999999,0.8812677027363828
0.8400000000000001,0.8319999999999999,0.8909529649836677
0.8620000000000001,0.8319999999999999,0.9003926420238825
0.8840000000000001,0.8319999999999999,0.9095970516555524
0.906,0.8319999999999999,0.9185758952787421
0.928,0.8319999999999999,0.927338306085311
0.9500000000000001,0.8319999999999999,0.9358928925744426
0.9720000000000001,0.8319999999999999,0.9442477779353802
0.9940000000000001,0.8319999999999999,0.9524106357662985
1.016,0.8319999999999999,0.9603887225364209
1.038,0.8319999999999999,0.9681889071459359
1.06,0.8319999999999999,0.9758176978934263
1.082,0.8319999999999999,0.983281267122139
1.104,0.8319999999999999,0.9905854737834372
1.1260000000000001,0.8319999999999999,0.9977358841273607
1.1480000000000001,0.8319999999999999,1.0047377907056525
1.1700000000000002,0.8319999999999999,1.0115962298513144
1.1920000000000002,0.8319999999999999,1.0183159977802343
1.214,0.8319999999999999,1.0249016654442988
1.2360000000000002,0.8319999999999999,1.0313575922512919
1.258,0.8319999999999999,1.0376879387545308
1.2800000000000002,0.8319999999999999,1.0438966784043373
1.302,0.8319999999999999,1.0499876084438944
1.324,0.8319999999999999,1.055964360023612
1.346,0.8319999999999999,1.061830407600679
1.368,0.8319999999999999,1.0675890776838861
1.3900000000000001,0.8319999999999999,1.0732435569779455
1.412,0.8319999999999999,1.078796899976325
1.4340000000000002,0.8319999999999999,1.0842520360469872
1.456,0.8319999999999999,1.0896117760512691
1.4780000000000002,0.8319999999999999,1.0948788185324552
1.5,0.8319999999999999,1.1000557555072614
0.4,0.8459999999999999,0.6314578821468825
0.42200000000000004,0.8459999999999999,0.6493495883779001
0.444,0.8459999999999999,0.6665423762446264
0.466,0.8459999999999999,0.6830839679350084
0.48800000000000004,0.8459999999999999,0.6990172645127425
0.51,0.8459999999999999,0.7143809994099268
0.532,0.8459999999999999,0.7292102807136999
0.554,0.8459999999999999,0.743537044898032
0.5760000000000001,0.8459999999999999,0.7573904393192017
0.5980000000000001,0.8459999999999999,0.7707971468746859
0.6200000000000001,0.8459999999999999,0.7837816633062716
0.642,0.8459999999999999,0.796366535427062
0.664,0.8459999999999999,0.808572566873272
0.686,0.8459999999999999,0.8204189966879044
0.7080000000000001,0.8459999999999999,0.8319236550366401
0.73,0.8459999999999999,0.8431030995658214
0.752,0.8459999999999999,0.8539727352866349
0.774,0.8459999999999999,0.8645469203703443
0.796,0.8459999999999999,0.8748390598382125
0.8180000000000001,0.8459999999999999,0.8848616888051466
0.8400000000000001,0.8459999999999999,0.8946265466718186
0.8620000000000001,0.8459999999999999,0.904144643443532
0.8840000000000001,0.8459999999999999,0.913426319175806
0.906,0.8459999999999999,0.9224812973990062
0.928,0.8459999999999999,0.9313187332514856
0.9500000000000001,0.8459999999999999,0.9399472569479619
0.9720000000000001,0.8459999999999999,0.948375013123583
0.9940000000000001,0.8459999999999999,0.9566096965213483
1.016,0.8459999999999999,0.9646585844289277
1.038,0.8459999999999999,0.9725285662185217
1.06,0.8459999999999999,0.9802261702987014
1.082,0.8459999999999999,0.987757588748894
1.104,0.8459999999999999,0.9951286998742885
1.1260000000000001,0.8459999999999999,1.0023450888906036
1.1480000000000001,0.8459999999999999,1.0094120669236621
1.1700000000000002,0.8459999999999999,1.016334688487471
1.1920000000000002,0.8459999999999999,1.0231177675860545
1.214,0.8459999999999999,1.0297658925681787
1.2360000000000002,0.8459999999999999,1.0362834398500496
1.258,0.8459999999999999,1.042674586608738
1.2800000000000002,0.8459999999999999,1.0489433225382614
1.302,0.8459999999999999,1.0550934607507296
1.324,0.8459999999999999,1.0611286478965494
1.346,0.8459999999999999,1.0670523735702657
1.368,0.8459999999999999,1.072867979062023
1.3900000000000001,0.8459999999999999,1.0785786655087986
1.412,0.8459999999999999,1.0841875014943585
1.4340000000000002,0.8459999999999999,1.089697430142264
1.456,0.8459999999999999,1.0951112757421173
1.4780000000000002,0.8459999999999999,1.1004317499455554
1.5,0.8459999999999999,1.1056614575651722
0.4,0.8599999999999999,0.6332467280588622
0.42200000000000004,0.8599999999999999,0.6512413924476991
0.444,0.8599999999999999,0.668535838645731
0.466,0.8599999999999999,0.6851777570521826
0.48800000000000004,0.8599999999999999,0.7012100270842573
0.51,0.8599999999999999,0.7166713688444187
0.532,0.8599999999999999,0.7315968839189597
0.554,0.8599999999999999,0.7460185078903094
0.5760000000000001,0.8599999999999999,0.7599653918284843
0.5980000000000001,0.8599999999999999,0.7734642261199466
0.6200000000000001,0.8599999999999999,0.7865395170820493
0.642,0.8599999999999999,0.799213824616868
0.664,0.8599999999999999,0.8115079674846488
0.686,0.8599999999999999,0.8234412014873628
0.7080000000000001,0.8599999999999999,0.8350313748492679
0.73,0.8599999999999999,0.846295064293448
0.752,0.8599999999999999,0.8572476946895164
0.774,0.8599999999999999,0.8679036446500102
0.796,0.8599999999999999,0.8782763400530802
0.8180000000000001,0.8599999999999999,0.888378337145515
0.8400000000000001,0.8599999999999999,0.8982213966166929
0.8620000000000001,0.8599999999999999,0.9078165498182719
0.8840000000000001,0.8599999999999999,0.9171741581266907
0.906,0.8599999999999999,0.9263039662983752
0.928,0.8599999999999999,0.9352151505450669
0.9500000000000001,0.8599999999999999,0.9439163619542736
0.9720000000000001,0.8599999999999999,0.952415765793827
0.9940000000000001,0.8599999999999999,0.9607210771669793
1.016,0.8599999999999999,0.9688395934230233
1.038,0.8599999999999999,0.976778223676184
1.06,0.8599999999999999,0.9845435157409546
1.082,0.8599999999999999,0.9921416807538841
1.104,0.8599999999999999,0.9995786157190386
1.1260000000000001,0.8599999999999999,1.0068599241860916
1.1480000000000001,0.8599999999999999,1.0139909352455756
1.1700000000000002,0.8599999999999999,1.020976721004647
1.1920000000000002,0.8599999999999999,1.0278221126882978
1.214,0.8599999999999999,1.0345317154948983
1.2360000000000002,0.8599999999999999,1.0411099223209224
1.258,0.8599999999999999,1.0475609264574157
1.2800000000000002,0.8599999999999999,1.05388873334997
1.302,0.8599999999999999,1.0600971715044623
1.324,0.8599999999999999,1.0661899026124366
1.346,0.8599999999999999,1.072170430962589
1.368,0.8599999999999999,1.0780421121982535
1.3900000000000001,0.8599999999999999,1.083808161474959
1.412,0.8599999999999999,1.089471661066939
1.4340000000000002,0.8599999999999999,1.0950355674668615
1.456,0.8599999999999999,1.1005027180189189
1.4780000000000002,0.8599999999999999,1.1058758371217432
1.5,0.8599999999999999,1.1111575420342903
0.4,0.8739999999999999,0.6349936399988725
0.42200000000000004,0.8739999999999999,0.6530891421584005
0.444,0.8739999999999999,0.6704831763019539
0.466,0.8739999999999999,0.6872234002127311
0.48800000000000004,0.8739999999999999,0.7033526707031589
0.51,0.8739999999999999,0.7189096934939452
0.532,0.8739999999999999,0.7339295625535563
0.554,0.8739999999999999,0.7484442114136939
0.5760000000000001,0.8739999999999999,0.7624827936744251
0.5980000000000001,0.8739999999999999,0.7760720060168361
0.6200000000000001,0.8739999999999999,0.7892363641395809
0.642,0.8739999999999999,0.8019984398478822
0.664,0.8739999999999999,0.8143790658550593
0.686,0.8739999999999999,0.8263975135708536
0.7080000000000001,0.8739999999999999,0.8380716481503409
0.73,0.8739999999999999,0.8494180642917261
0.752,0.8739999999999999,0.8604522056494939
0.774,0.8739999999999999,0.8711884702332691
0.796,0.8739999999999999,0.8816403037640875
0.8180000000000001,0.8739999999999999,0.8918202826372149
0.8400000000000001,0.8739999999999999,0.901740187878038
0.8620000000000001,0.8739999999999999,0.9114110712624396
0.8840000000000001,0.8739999999999999,0.9208433145958855
0.906,0.8739999999999999,0.9300466829987285
0.928,0.8739999999999999,0.939030372923131
0.9500000000000001,0.8739999999999999,0.9478030555249102
0.9720000000000001,0.8739999999999999,0.9563729159278485
0.9940000000000001,0.8739999999999999,0.9647476888456795
1.016,0.8739999999999999,0.9729346909656973
1.038,0.8739999999999999,0.9809408504458482
1.06,0.8739999999999999,0.9887727338327245
1.082,0.8739999999999999,0.9964365706698202
1.104,0.8739999999999999,1.0039382760327147
1.1260000000000001,0.8739999999999999,1.0112834711996668
1.1480000000000001,0.8739999999999999,1.0184775026417416
1.1700000000000002,0.8739999999999999,1.0255254594954737
1.1920000000000002,0.8739999999999999,1.0324321896626905
1.214,0.8739999999999999,1.0392023146661316
1.2360000000000002,0.8739999999999999,1.0458402433754772
1.258,0.8739999999999999,1.0523501847061643
1.2800000000000002,0.8739999999999999,1.0587361593825764
1.302,0.8739999999999999,1.0650020108477296
1.324,0.8739999999999999,1.0711514153932025
1.346,0.8739999999999999,1.0771878915756614
1.368,0.8739999999999999,1.083114808979794
1.3900000000000001,0.8739999999999999,1.08893539638163
1.412,0.8739999999999999,1.09465274936107
1.4340000000000002,0.8739999999999999,1.1002698374078252
1.456,0.8739999999999999,1.1057895105608608
1.4780000000000002,0.8739999999999999,1.1112145056177567
1.5,0.8739999999999999,1.1165474519471015
0.4,0.8879999999999999,0.6367001545842473
0.42200000000000004,0.8879999999999999,0.654894442407751
0.444,0.8879999999999999,0.6723860600624643
0.466,0.8879999999999999,0.6892226319734909
0.48800000000000004,0.8879999999999999,0.7054469914753446
0.51,0.8879999999999999,0.7210978289389612
0.532,0.8879999999999999,0.7362102296803913
0.554,0.8879999999999999,0.7508161241016221
0.5760000000000001,0.8879999999999999,0.7649446672267805
0.5980000000000001,0.8879999999999999,0.7786225609122043
0.6200000000000001,0.8879999999999999,0.7918743291157455
0.642,0.8879999999999999,0.8047225544292371
0.664,0.8879999999999999,0.8171880824145201
0.686,0.8879999999999999,0.8292901990014668
0.7080000000000001,0.8879999999999999,0.8410467852089737
0.73,0.8879999999999999,0.8524744526667907
0.752,0.8879999999999999,0.8635886627961287
0.774,0.8879999999999999,0.874403832012388
0.796,0.8879999999999999,0.884933424915919
0.8180000000000001,0.8879999999999999,0.8951900371151568
0.8400000000000001,0.8879999999999999,0.9051854690646611
0.8620000000000001,0.8879999999999999,0.9149307920861401
0.8840000000000001,0.8879999999999999,0.9244364075638926
0.906,0.8879999999999999,0.9337121001598263
0.928,0.8879999999999999,0.9427670857714797
0.9500000000000001,0.8879999999999999,0.9516100548546719
0.9720000000000001,0.8879999999999999,0.9602492116469128
0.9940000000000001,0.8879999999999999,0.9686923097555789
1.016,0.8879999999999999,0.976946684513776
1.038,0.8879999999999999,0.9850192824548795
1.06,0.8879999999999999,0.992916688212419
1.082,0.8879999999999999,1.000645149114034
1.104,0.8879999999999999,1.0082105977056153
1.1260000000000001,0.8879999999999999,1.0156186724136453
1.1480000000000001,0.8879999999999999,1.0228747365294564
1.1700000000000002,0.8879999999999999,1.0299838956780585
1.1920000000000002,0.8879999999999999,1.0369510139158662
1.214,0.8879999999999999,1.0437807285856946
1.2360000000000002,0.8879999999999999,1.0504774640434207
1.258,0.8879999999999999,1.0570454443584916
1.2800000000000002,0.8879999999999999,1.0634887050797002
1.302,0.8879999999999999,1.0698111041482055
1.324,0.8879999999999999,1.076016332031419
1.346,0.8879999999999999,1.0821079211440097
1.368,0.8879999999999999,1.0880892546157324
1.3900000000000001,0.8879999999999999,1.0939635744599898
1.412,0.8879999999999999,1.0997339891918754
1.4340000000000002,0.8879999999999999,1.1054034809398363
1.456,0.8879999999999999,1.110974912091005
1.4780000000000002,0.8879999999999999,1.1164510315065588
1.5,0.8879999999999999,1.1218344803401936
0.4,0.9019999999999999,0.6383677320277279
0.42200000000000004,0.9019999999999999,0.6566588187112347
0.444,0.9019999999999999,0.6742460785490185
0.466,0.9019999999999999,0.6911771019445104
0.48800000000000004,0.9019999999999999,0.7074946979598539
0.51,0.9019999999999999,0.7232375407261298
0.532,0.9019999999999999,0.7384407059489018
0.554,0.9019999999999999,0.7531361198960921
0.5760000000000001,0.9019999999999999,0.7673529379823221
0.5980000000000001,0.9019999999999999,0.7811178661898175
0.6200000000000001,0.9019999999999999,0.794455435680989
0.642,0.9019999999999999,0.8073882387825961
0.664,0.9019999999999999,0.819937132862677
0.686,0.9019999999999999,0.8321214173432121
0.7080000000000001,0.9019999999999999,0.8439589880969726
0.73,0.9019999999999999,0.8554664726962227
0.752,0.9019999999999999,0.8666593493628686
0.774,0.9019999999999999,0.8775520519765382
0.796,0.9019999999999999,0.8881580631008306
0.8180000000000001,0.9019999999999999,0.898489996667377
0.8400000000000001,0.9019999999999999,0.9085596716963323
0.8620000000000001,0.9019999999999999,0.9183781782181016
0.8840000000000001,0.9019999999999999,0.9279559363849985
0.906,0.9019999999999999,0.9373027496156874
0.928,0.9019999999999999,0.946427852493888
0.9500000000000001,0.9019999999999999,0.95533995404133
0.9720000000000001,0.9019999999999999,0.9640472768996878
0.9940000000000001,0.9019999999999999,0.9725575928843233
1.016,0.9019999999999999,0.9808782553117418
1.038,0.9019999999999999,0.9890162284508963
1.06,0.9019999999999999,0.9969781144042655
1.082,0.9019999999999999,1.0047701776868052
1.104,0.9019999999999999,1.0123983677383412
1.1260000000000001,0.9019999999999999,1.019868339576959
1.1480000000000001,0.9019999999999999,1.0271854727766994
1.1700000000000002,0.9019999999999999,1.0343548889318743
1.1920000000000002,0.9019999999999999,1.0413814677520319
1.214,0.9019999999999999,1.0482698619156818
1.2360000000000002,0.9019999999999999,1.0550245107969587
1.258,0.9019999999999999,1.0616496531672097
1.2800000000000002,0.9019999999999999,1.0681493389627637
1.302,0.9019999999999999,1.0745274402007106
1.324,0.9019999999999999,1.0807876611161955
1.346,0.9019999999999999,1.0869335475873618
1.368,0.9019999999999999,1.0929684959075658
1.3900000000000001,0.9019999999999999,1.09889576095868
1.412,0.9019999999999999,1.1047184638341752
1.4340000000000002,0.9019999999999999,1.110439598956048
1.456,0.9019999999999999,1.1160620407255983
1.4780000000000002,0.9019999999999999,1.121588549744367
1.5,0.9019999999999999,1.1270217786382806
0.4,0.9159999999999999,0.6399977609220703
0.42200000000000004,0.9159999999999999,0.6583837221496365
0.444,0.9159999999999999,0.6760647432575133
0.466,0.9159999999999999,0.6930883800361912
0.48800000000000004,0.9159999999999999,0.7094974165537236
0.51,0.9159999999999999,0.7253305098835071
0.532,0.9159999999999999,0.7406227252336569
0.554,0.9159999999999999,0.7554059838031759
0.5760000000000001,0.9159999999999999,0.7697094404311726
0.5980000000000001,0.9159999999999999,0.7835598042417985
0.6200000000000001,0.9159999999999999,0.7969816126104923
0.642,0.9159999999999999,0.8099974666079993
0.664,0.9159999999999999,0.8226282344245772
0.686,0.9159999999999999,0.8348932280022493
0.7080000000000001,0.9159999999999999,0.8468103571113157
0.73,0.9159999999999999,0.8583962643288134
0.752,0.9159999999999999,0.869666443760358
0.774,0.9159999999999999,0.8806353458551268
0.796,0.9159999999999999,0.8913164702686747
0.8180000000000001,0.9159999999999999,0.9017224484086137
0.8400000000000001,0.9159999999999999,0.9118651170379396
0.8620000000000001,0.9159999999999999,0.9217555840976013
0.8840000000000001,0.9159999999999999,0.9314042877343179
0.906,0.9159999999999999,0.9408210493742319
0.928,0.9159999999999999,0.9500151215619653
0.9500000000000001,0.9159999999999999,0.9589952311834493
0.9720000000000001,0.9159999999999999,0.9677696186058877
0.9940000000000001,0.9159999999999999,0.9763460731965098
1.016,0.9159999999999999,0.9847319656210316
1.038,0.9159999999999999,0.9929342772711013
1.06,0.9159999999999999,1.0009596271259378
1.082,0.9159999999999999,1.0088142963156295
1.104,0.9159999999999999,1.016504250621134
1.1260000000000001,0.9159999999999999,1.0240351611180658
1.1480000000000001,0.9159999999999999,1.0314124231471935
1.1700000000000002,0.9159999999999999,1.0386411737736112
1.1920000000000002,0.9159999999999999,1.0457263078783223
1.214,0.9159999999999999,1.0526724930100906
1.2360000000000002,0.9159999999999999,1.0594841831115154
1.258,0.9159999999999999,1.0661656312211254
1.2800000000000002,0.9159999999999999,1.0727209012425836
1.302,0.9159999999999999,1.0791538788626907
1.324,0.9159999999999999,1.085468281691562
1.346,0.9159999999999999,1.0916676686910078
1.368,0.9159999999999999,1.0977554489506454
1.3900000000000001,0.9159999999999999,1.1037348898654828
1.412,0.9159999999999999,1.109609124763581
1.4340000000000002,0.9159999999999999,1.1153811600278198
1.456,0.9159999999999999,1.121053881751699
1.4780000000000002,0.9159999999999999,1.1266300619654561
1.5,0.9159999999999999,1.132112364465497
0.4,0.9299999999999999,0.6415915626643145
0.42200000000000004,0.9299999999999999,0.6600705339455931
0.444,0.9299999999999999,0.6778434932785594
0.466,0.9299999999999999,0.6949579613161337
0.48800000000000004,0.9299999999999999,0.7114566964778349
0.51,0.9299999999999999,0.7273783380285697
0.532,0.9299999999999999,0.7427579398581621
0.554,0.9299999999999999,0.7576274172265909
0.5760000000000001,0.9299999999999999,0.7720159234945004
0.5980000000000001,0.9299999999999999,0.7859501700051394
0.6200000000000001,0.9299999999999999,0.7994546994145193
0.642,0.9299999999999999,0.8125521206033571
0.664,0.9299999999999999,0.825263311654896
0.686,0.9299999999999999,0.8376075961116932
0.7080000000000001,0.9299999999999999,0.8496028967356188
0.73,0.9299999999999999,0.8612658702190026
0.752,0.9299999999999999,0.8726120256803661
0.774,0.9299999999999999,0.8836558292879292
0.796,0.9299999999999999,0.8944107969601335
0.8180000000000001,0.9299999999999999,0.9048895767737078
0.8400000000000001,0.9299999999999999,0.9151040224502867
0.8620000000000001,0.9299999999999999,0.9250652590800377
0.8840000000000001,0.9299999999999999,0.9347837420656542
0.906,0.9299999999999999,0.9442693101250816
0.928,0.9299999999999999,0.9535312330706649
0.9500000000000001,0.9299999999999999,0.9625782549814956
0.9720000000000001,0.9299999999999999,0.9714186333009716
0.9940000000000001,0.9299999999999999,0.9800601743200751
1.016,0.9299999999999999,0.9885102654463068
1.038,0.9299999999999999,0.9967759046067173
1.06,0.9299999999999999,1.0048637270895244
1.082,0.9299999999999999,1.0127800300911707
1.104,0.9299999999999999,1.020530795203331
1.1260000000000001,0.9299999999999999,1.0281217090465047
1.1480000000000001,0.9299999999999999,1.0355581822327207
1.1700000000000002,0.9299999999999999,1.042845366818976
1.1920000000000002,0.9299999999999999,1.0499881723948665
1.214,0.9299999999999999,1.0569912809319941
1.2360000000000002,0.9299999999999999,1.063859160508907
1.258,0.9299999999999999,1.070596078013158
1.2800000000000002,0.9299999999999999,1.077206110911429
1.302,0.9299999999999999,1.0836931581692464
1.324,0.9299999999999999,1.0900609503935528
1.346,0.9299999999999999,1.0963130592640524
1.368,0.9299999999999999,1.1024529063127626
1.3900000000000001,0.9299999999999999,1.1084837711054318
1.412,0.9299999999999999,1.1144087988733626
1.4340000000000002,0.9299999999999999,1.1202310076396014
1.456,0.9299999999999999,1.1259532948793711
1.4780000000000002,0.9299999999999999,1.1315784437509881
1.5,0.9299999999999999,1.1371091289302127
0.4,0.944,0.6431503955513387
0.42200000000000004,0.944,0.6617205697015704
0.444,0.944,0.6795836996702611
0.466,0.944,0.6967872705095609
0.48800000000000004,0.944,0.7133740143982636
0.51,0.944,0.7293825521041791
0.532,0.944,0.7448479254395117
0.554,0.944,0.7598020429154749
0.5760000000000001,0.944,0.7742740555701814
0.5980000000000001,0.944,0.7882906761003329
0.6200000000000001,0.944,0.8018764515653849
0.642,0.944,0.8150539977753986
0.664,0.944,0.8278442018287634
0.686,0.944,0.8402663979984519
0.7080000000000001,0.944,0.8523385211793437
0.73,0.944,0.8640772413350153
0.752,0.944,0.8754980817696096
0.774,0.944,0.8866155235615316
0.796,0.944,0.8974430981028867
0.8180000000000001,0.944,0.9079934693707579
0.8400000000000001,0.944,0.918278507297644
0.8620000000000001,0.944,0.928309353396425
0.8840000000000001,0.944,0.9380964796206166
0.906,0.944,0.9476497412960989
0.928,0.944,0.9569784248401592
0.9500000000000001,0.944,0.966091290883065
0.9720000000000001,0.944,0.9749966133228514
0.9940000000000001,0.944,0.9837022147726954
1.016,0.944,0.9922154987998536
1.038,0.944,1.0005434793037746
1.06,0.944,1.0086928073371713
1.082,0.944,1.0166697956362953
1.104,0.944,1.0244804410944084
1.1260000000000001,0.944,1.0321304453846252
1.1480000000000001,0.944,1.0396252339142753
1.1700000000000002,0.944,1.0469699732720725
1.1920000000000002,0.944,1.0541695873112467
1.214,0.944,1.061228771995989
1.2360000000000002,0.944,1.0681520091247327
1.258,0.944,1.0749435790316826
1.2800000000000002,0.944,1.0816075723573584
1.302,0.944,1.0881479009695556
1.324,0.944,1.0945683081078477
1.346,0.944,1.1008723778174483
1.368,0.944,1.1070635437317706
1.3900000000000001,0.944,1.113145097257266
1.412,0.944,1.1191201952090033
1.4340000000000002,0.944,1.1249918669408927
1.456,0.944,1.1307630210103803
1.4780000000000002,0.944,1.1364364514138015
1.5,0.944,1.1420148434253072
0.4,0.958,0.6446754585751705
0.42200000000000004,0.958,0.6633350833284748
0.444,0.958,0.6812866695130894
0.466,0.958,0.6985776661738424
0.48800000000000004,0.958,0.7152507787142357
0.51,0.958,0.7313446087741309
0.532,0.958,0.7468941853860394
0.554,0.958,0.7619314095589718
0.5760000000000001,0.958,0.7764854292194668
0.5980000000000001,0.958,0.790582957605549
0.6200000000000001,0.958,0.8042485453548437
0.642,0.958,0.8175048143762206
0.664,0.958,0.8303726599536547
0.686,0.958,0.8428714262668591
0.7080000000000001,0.958,0.8550190595297745
0.73,0.958,0.8668322421759818
0.752,0.958,0.8783265109089864
0.774,0.958,0.8895163609478202
0.796,0.958,0.9004153384066494
0.8180000000000001,0.958,0.9110361224301496
0.8400000000000001,0.958,0.9213905984483483
0.8620000000000001,0.958,0.9314899237032696
0.8840000000000001,0.958,0.9413445860256
0.906,0.958,0.9509644566954074
0.928,0.958,0.9603588381009471
0.9500000000000001,0.958,0.9695365068092258
0.9720000000000001,0.958,0.9785057525777038
0.9940000000000001,0.958,0.9872744137653968
1.016,0.958,0.9958499095413975
1.038,0.958,1.004239269237618
1.06,0.958,1.0124491591488411
1.082,0.958,1.0204859070457197
1.104,0.958,1.028355524634206
1.1260000000000001,0.958,1.0360637281671412
1.1480000000000001,0.958,1.0436159573897683
1.1700000000000002,0.958,1.051017392980119
1.1920000000000002,0.958,1.0582729726271562
1.214,0.958,1.0653874058737582
1.2360000000000002,0.958,1.0723651878378653
1.258,0.958,1.0792106119129996
1.2800000000000002,0.958,1.0859277815387787
1.302,0.958,1.0925206211226657
1.324,0.958,1.0989928861859715
1.346,0.958,1.105348172799813
1.368,0.958,1.111589926370275
1.3900000000000001,0.958,1.1177214498262718
1.412,0.958,1.123745911258503
1.4340000000000002,0.958,1.1296663510533491
1.456,0.958,1.1354856885614686
1.4780000000000002,0.958,1.1412067283372487
1.5,0.958,1.1468321659819805
0.4,0.972,0.6461678949437102
0.42200000000000004,0.972,0.6649152706912312
0.444,0.972,0.6829536496738138
0.466,0.972,0.7003304445746583
0.48800000000000004,0.972,0.7170883335407707
0.51,0.972,0.7332658985068609
0.532,0.972,0.7488981550769958
0.554,0.972,0.7640169960570915
0.5760000000000001,0.972,0.7786515655245134
0.5980000000000001,0.972,0.7928285764965917
0.6200000000000001,0.972,0.8065725824124688
0.642,0.972,0.8199062104963178
0.664,0.972,0.8328503634335186
0.686,0.972,0.845424394530547
0.7080000000000001,0.972,0.8576462605484709
0.73,0.972,0.8695326556299764
0.752,0.972,0.8810991291303774
0.774,0.972,0.892360189676873
0.796,0.972,0.9033293973896294
0.8180000000000001,0.972,0.9140194458821851
0.8400000000000001,0.972,0.9244422354013377
0.8620000000000001,0.972,0.9346089382558656
0.8840000000000001,0.972,0.9445300575098048
0.906,0.972,0.9542154797722088
0.928,0.972,0.9636745227956344
0.9500000000000001,0.972,0.9729159784955191
0.9720000000000001,0.972,0.9819481519185406
0.9940000000000001,0.972,0.9907788966171227
1.016,0.972,0.9994156468271748
1.038,0.972,1.0078654467950605
1.06,0.972,1.0161349775561952
1.082,0.972,1.024230581430325
1.104,0.972,1.0321582844664519
1.1260000000000001,0.972,1.0399238170427016
1.1480000000000001,0.972,1.0475326328025174
1.1700000000000002,0.972,1.0549899260877993
1.1920000000000002,0.972,1.0623006480115877
1.214,0.972,1.069469521297133
1.2360000000000002,0.972,1.0765010539964495
1.258,0.972,1.0833995521893949
1.2800000000000002,0.972,1.0901691317537114
1.302,0.972,1.096813729287153
1.324,0.972,1.1033371122545745
1.346,0.972,1.1097428884255942
1.368,0.972,1.1160345146619666
1.3900000000000001,0.972,1.122215305108101
1.412,0.972,1.1282884388330339
1.4340000000000002,0.972,1.1342569669676446
1.456,0.972,1.1401238193768242
1.4780000000000002,0.972,1.1458918109027005
1.5,0.972,1.1515636472117456
0.4,0.986,0.6476287953500264
0.42200000000000004,0.986,0.6664622729951113
0.444,0.986,0.6845858303028426
0.466,0.986,0.7020468432886885
0.48800000000000004,0.986,0.7188879624113862
0.51,0.986,0.7351477493731459
0.532,0.986,0.7508612057505192
0.554,0.986,0.7660602154944981
0.5760000000000001,0.986,0.7807739181437977
0.5980000000000001,0.986,0.7950290257799874
0.6200000000000001,0.986,0.8088500939126932
0.642,0.986,0.822259754342068
0.664,0.986,0.8352789164133896
0.686,0.986,0.8479269418210582
0.7080000000000001,0.986,0.8602217971409247
0.73,0.986,0.8721801875019312
0.752,0.986,0.8838176742001751
0.774,0.986,0.8951487785736084
0.796,0.986,0.9061870740659298
0.8180000000000001,0.986,0.916945268093003
0.8400000000000001,0.986,0.9274352750684701
0.8620000000000001,0.986,0.9376682817349976
0.8840000000000001,0.986,0.9476548057744196
0.906,0.986,0.9574047485266319
0.928,0.986,0.9669274425277317
0.9500000000000001,0.986,0.9762316944780762
0.9720000000000001,0.986,0.9853258241670906
0.9940000000000001,0.986,0.9942176998109052
1.016,0.986,1.0029147701989893
1.038,0.986,1.011424093994987
1.06,0.986,1.0197523664934736
1.082,0.986,1.0279059440971043
1.104,0.986,1.035890866746616
1.1260000000000001,0.986,1.043712878508542
1.1480000000000001,0.986,1.0513774465016532
1.1700000000000002,0.986,1.058889778322414
1.1920000000000002,0.986,1.0662548381117762
1.214,0.986,1.0734773613899034
1.2360000000000002,0.986,1.0805618687717158
1.258,0.986,1.0875126786641083
1.2800000000000002,0.986,1.0943339190351213
1.302,0.986,1.1010295383360458
1.324,0.986,1.1076033156492184
1.346,0.986,1.1140588701270078
1.368,0.986,1.120399669781044
1.3900000000000001,0.986,1.1266290396750371
1.412,0.986,1.132750169569427
1.4340000000000002,0.986,1.1387661210615916
1.456,0.986,1.1446798342612692
1.4780000000000002,0.986,1.15049413403725
1.5,0.986,1.1562117358681239
0.4,1.0,0.6490592010111581
0.42200000000000004,1.0,0.6679771799343078
0.444,1.0,0.686184348087003
0.466,1.0,0.7037280445553472
0.48800000000000004,1.0,0.7206508917238393
0.51,1.0,0.736991430581192
0.532,1.0,0.7527846481236797
0.554,1.0,0.7680624188413733
0.5760000000000001,1.0,0.7828538770898995
0.5980000000000001,1.0,0.7971857333440117
0.6200000000000001,1.0,0.8110825444956117
0.642,1.0,0.8245669462230322
0.664,1.0,0.8376598538301009
0.686,1.0,0.8503806366990524
0.7080000000000001,1.0,0.8627472705255022
0.73,1.0,0.8747764707377028
0.752,1.0,0.8864838098960114
0.774,1.0,0.8978838213848356
0.796,1.0,0.9089900913207134
0.8180000000000001,1.0,0.9198153402857594
0.8400000000000001,1.0,0.9303714962397328
0.8620000000000001,1.0,0.9406697597542989
0.8840000000000001,1.0,0.9507206625403363
0.906,1.0,0.9605341200961097
0.928,1.0,0.9701194791850787
0.9500000000000001,1.0,0.9794855607525556
0.9720000000000001,1.0,0.9886406988067937
0.9940000000000001,1.0,0.9975927757195284
1.016,1.0,1.0063492543412238
1.038,1.0,1.0149172072754582
1.06,1.0,1.02330334361349
1.082,1.0,1.0315140333929067
1.104,1.0,1.039555330012316
1.1260000000000001,1.0,1.0474329908065165
1.1480000000000001,1.0,1.05515249596278
1.1700000000000002,1.0,1.0627190659382266
1.1920000000000002,1.0,1.0701376775203217
1.214,1.0,1.07741307865686
1.2360000000000002,1.0,1.0845498021681048
1.258,1.0,1.0915521784417581
1.2800000000000002,1.0,1.0984243472008826
1.302,1.0,1.10517026842561
1.324,1.0,1.1117937325012819
1.346,1.0,1.1182983696584075
1.368,1.0,1.1246876587634085
1.3900000000000001,1.0,1.1309649355134015
1.412,1.0,1.137133400083209
1.4340000000000002,1.0,1.1431961242682438
1.456,1.0,1.1491560581628877
1.4780000000000002,1.0,1.1550160364103552
1.5,1.0,1.1607787840568042
